{"file_name":"leftarm","texture_size":[16,16],"textures":{"fd6ca9a4-81a1-3a91-3bca-a78f603e69ef":"modelengine:entity/kindletronjr"},"elements":[{"name":"left arm cube","from":[6.68,4.8799996,7.4],"to":[7.7599998,7.28,8.6],"rotation":{"angle":0.0,"axis":"x","origin":[7.16,6.6800003,7.4]},"faces":{"down":{"uv":[3.0,0.0,4.0,2.0],"rotation":0,"texture":"#fd6ca9a4-81a1-3a91-3bca-a78f603e69ef","tintindex":0},"east":{"uv":[13.0,1.0,16.0,15.0],"rotation":0,"texture":"#fd6ca9a4-81a1-3a91-3bca-a78f603e69ef","tintindex":0},"north":{"uv":[1.0,2.0,7.0,16.0],"rotation":0,"texture":"#fd6ca9a4-81a1-3a91-3bca-a78f603e69ef","tintindex":0},"south":{"uv":[13.0,1.0,16.0,15.0],"rotation":0,"texture":"#fd6ca9a4-81a1-3a91-3bca-a78f603e69ef","tintindex":0},"up":{"uv":[3.0,2.0,2.0,0.0],"rotation":0,"texture":"#fd6ca9a4-81a1-3a91-3bca-a78f603e69ef","tintindex":0},"west":{"uv":[9.0,2.0,15.0,16.0],"rotation":0,"texture":"#fd6ca9a4-81a1-3a91-3bca-a78f603e69ef","tintindex":0}}},{"name":"left arm cube","from":[6.92,6.2599993,7.58],"to":[8.24,8.719999,8.42],"rotation":{"angle":0.0,"axis":"x","origin":[7.16,7.52,7.4]},"faces":{"down":{"uv":[3.0,0.0,5.0,1.0],"rotation":0,"texture":"#fd6ca9a4-81a1-3a91-3bca-a78f603e69ef","tintindex":0},"east":{"uv":[0.0,1.0,1.0,5.0],"rotation":0,"texture":"#fd6ca9a4-81a1-3a91-3bca-a78f603e69ef","tintindex":0},"north":{"uv":[9.0,2.0,15.0,16.0],"rotation":0,"texture":"#fd6ca9a4-81a1-3a91-3bca-a78f603e69ef","tintindex":0},"south":{"uv":[13.0,1.0,16.0,15.0],"rotation":0,"texture":"#fd6ca9a4-81a1-3a91-3bca-a78f603e69ef","tintindex":0},"up":{"uv":[13.0,9.0,16.0,15.0],"rotation":0,"texture":"#fd6ca9a4-81a1-3a91-3bca-a78f603e69ef","tintindex":0},"west":{"uv":[13.0,1.0,16.0,15.0],"rotation":0,"texture":"#fd6ca9a4-81a1-3a91-3bca-a78f603e69ef","tintindex":0}}},{"name":"left arm cube","from":[6.56,3.9799995,7.28],"to":[7.88,5.18,8.719999],"rotation":{"angle":0.0,"axis":"x","origin":[7.28,6.3199997,7.4]},"faces":{"down":{"uv":[15.0,0.0,9.0,6.0],"rotation":0,"texture":"#fd6ca9a4-81a1-3a91-3bca-a78f603e69ef","tintindex":0},"east":{"uv":[9.0,0.0,15.0,6.0],"rotation":0,"texture":"#fd6ca9a4-81a1-3a91-3bca-a78f603e69ef","tintindex":0},"north":{"uv":[9.0,0.0,15.0,6.0],"rotation":0,"texture":"#fd6ca9a4-81a1-3a91-3bca-a78f603e69ef","tintindex":0},"south":{"uv":[9.0,0.0,15.0,6.0],"rotation":0,"texture":"#fd6ca9a4-81a1-3a91-3bca-a78f603e69ef","tintindex":0},"up":{"uv":[9.0,0.0,15.0,6.0],"rotation":0,"texture":"#fd6ca9a4-81a1-3a91-3bca-a78f603e69ef","tintindex":0},"west":{"uv":[9.0,0.0,15.0,6.0],"rotation":0,"texture":"#fd6ca9a4-81a1-3a91-3bca-a78f603e69ef","tintindex":0}}}],"display":{"head":{"translation":[0.0,-6.4,0.0],"rotation":[0.0,0.0,0.0],"scale":[3.8095,3.8095,3.8095]},"gui":{"translation":[0.0,0.0,0.0],"rotation":[35.0,225.0,0.0],"scale":[0.625,0.625,0.625]}}}