{"file_name":"kindletronsr","texture_size":[128,128],"textures":{"a88316f6-1581-d70e-f401-375a97378ca4":"modelengine:entity/kindletronsr4"},"elements":[{"name":"cube","from":[10.700001,15.548889,6.1238484],"to":[11.900001,20.94889,14.523849],"rotation":{"angle":-45.0,"axis":"x","origin":[7.75,14.89652,8.683071]},"faces":{"down":{"uv":[12.0,0.0,12.25,1.75],"rotation":0,"texture":"#a88316f6-1581-d70e-f401-375a97378ca4","tintindex":0},"east":{"uv":[4.5,1.25,6.25,2.375],"rotation":0,"texture":"#a88316f6-1581-d70e-f401-375a97378ca4","tintindex":0},"north":{"uv":[10.0,12.25,10.25,13.375],"rotation":0,"texture":"#a88316f6-1581-d70e-f401-375a97378ca4","tintindex":0},"south":{"uv":[10.25,12.25,10.5,13.375],"rotation":0,"texture":"#a88316f6-1581-d70e-f401-375a97378ca4","tintindex":0},"up":{"uv":[10.875,13.375,10.625,11.625],"rotation":0,"texture":"#a88316f6-1581-d70e-f401-375a97378ca4","tintindex":0},"west":{"uv":[8.75,8.5,10.5,9.625],"rotation":0,"texture":"#a88316f6-1581-d70e-f401-375a97378ca4","tintindex":0}}},{"name":"cube","from":[11.900001,14.94889,4.3238482],"to":[15.5,19.74889,14.523849],"rotation":{"angle":-45.0,"axis":"x","origin":[7.75,14.89652,8.683071]},"faces":{"down":{"uv":[7.125,9.25,7.875,11.375],"rotation":0,"texture":"#a88316f6-1581-d70e-f401-375a97378ca4","tintindex":0},"east":{"uv":[0.0,8.0,2.125,9.0],"rotation":0,"texture":"#a88316f6-1581-d70e-f401-375a97378ca4","tintindex":0},"north":{"uv":[7.625,11.375,8.375,12.375],"rotation":0,"texture":"#a88316f6-1581-d70e-f401-375a97378ca4","tintindex":0},"south":{"uv":[0.0,11.5,0.75,12.5],"rotation":0,"texture":"#a88316f6-1581-d70e-f401-375a97378ca4","tintindex":0},"up":{"uv":[7.125,10.625,6.375,8.5],"rotation":0,"texture":"#a88316f6-1581-d70e-f401-375a97378ca4","tintindex":0},"west":{"uv":[2.125,8.5,4.25,9.5],"rotation":0,"texture":"#a88316f6-1581-d70e-f401-375a97378ca4","tintindex":0}}},{"name":"cube","from":[2.2999997,13.900153,4.4617357],"to":[13.1,18.400154,15.861736],"rotation":{"angle":-22.5,"axis":"x","origin":[7.75,14.89652,8.683071]},"faces":{"down":{"uv":[2.25,0.0,4.5,2.375],"rotation":0,"texture":"#a88316f6-1581-d70e-f401-375a97378ca4","tintindex":0},"east":{"uv":[6.5,4.75,8.875,5.75],"rotation":0,"texture":"#a88316f6-1581-d70e-f401-375a97378ca4","tintindex":0},"north":{"uv":[3.0,7.5,5.25,8.5],"rotation":0,"texture":"#a88316f6-1581-d70e-f401-375a97378ca4","tintindex":0},"south":{"uv":[5.25,7.5,7.5,8.5],"rotation":0,"texture":"#a88316f6-1581-d70e-f401-375a97378ca4","tintindex":0},"up":{"uv":[2.25,2.375,0.0,0.0],"rotation":0,"texture":"#a88316f6-1581-d70e-f401-375a97378ca4","tintindex":0},"west":{"uv":[6.5,5.75,8.875,6.75],"rotation":0,"texture":"#a88316f6-1581-d70e-f401-375a97378ca4","tintindex":0}}},{"name":"cube","from":[1.0999997,12.845989,12.2113905],"to":[14.900001,18.84599,15.811392],"rotation":{"angle":0.0,"axis":"x","origin":[7.75,14.89652,8.683071]},"faces":{"down":{"uv":[7.875,3.25,10.75,4.0],"rotation":0,"texture":"#a88316f6-1581-d70e-f401-375a97378ca4","tintindex":0},"east":{"uv":[9.5,10.375,10.25,11.625],"rotation":0,"texture":"#a88316f6-1581-d70e-f401-375a97378ca4","tintindex":0},"north":{"uv":[3.5,3.875,6.375,5.125],"rotation":0,"texture":"#a88316f6-1581-d70e-f401-375a97378ca4","tintindex":0},"south":{"uv":[4.5,0.0,7.375,1.25],"rotation":0,"texture":"#a88316f6-1581-d70e-f401-375a97378ca4","tintindex":0},"up":{"uv":[10.75,3.25,7.875,2.5],"rotation":0,"texture":"#a88316f6-1581-d70e-f401-375a97378ca4","tintindex":0},"west":{"uv":[10.25,10.375,11.0,11.625],"rotation":0,"texture":"#a88316f6-1581-d70e-f401-375a97378ca4","tintindex":0}}},{"name":"cube","from":[0.49999976,18.857718,9.381981],"to":[15.5,22.457718,16.581982],"rotation":{"angle":0.0,"axis":"x","origin":[7.75,14.89652,8.683071]},"faces":{"down":{"uv":[3.125,2.375,6.25,3.875],"rotation":0,"texture":"#a88316f6-1581-d70e-f401-375a97378ca4","tintindex":0},"east":{"uv":[8.625,9.625,10.125,10.375],"rotation":0,"texture":"#a88316f6-1581-d70e-f401-375a97378ca4","tintindex":0},"north":{"uv":[6.5,6.75,9.625,7.5],"rotation":0,"texture":"#a88316f6-1581-d70e-f401-375a97378ca4","tintindex":0},"south":{"uv":[7.375,0.0,10.5,0.75],"rotation":0,"texture":"#a88316f6-1581-d70e-f401-375a97378ca4","tintindex":0},"up":{"uv":[3.125,3.875,0.0,2.375],"rotation":0,"texture":"#a88316f6-1581-d70e-f401-375a97378ca4","tintindex":0},"west":{"uv":[10.125,9.625,11.625,10.375],"rotation":0,"texture":"#a88316f6-1581-d70e-f401-375a97378ca4","tintindex":0}}},{"name":"cube","from":[0.49999976,14.94889,4.3238482],"to":[3.4999998,19.74889,14.523849],"rotation":{"angle":-45.0,"axis":"x","origin":[7.75,14.89652,8.683071]},"faces":{"down":{"uv":[4.375,9.5,5.0,11.625],"rotation":0,"texture":"#a88316f6-1581-d70e-f401-375a97378ca4","tintindex":0},"east":{"uv":[4.25,8.5,6.375,9.5],"rotation":0,"texture":"#a88316f6-1581-d70e-f401-375a97378ca4","tintindex":0},"north":{"uv":[0.75,11.5,1.375,12.5],"rotation":0,"texture":"#a88316f6-1581-d70e-f401-375a97378ca4","tintindex":0},"south":{"uv":[5.75,11.5,6.375,12.5],"rotation":0,"texture":"#a88316f6-1581-d70e-f401-375a97378ca4","tintindex":0},"up":{"uv":[4.375,11.625,3.75,9.5],"rotation":0,"texture":"#a88316f6-1581-d70e-f401-375a97378ca4","tintindex":0},"west":{"uv":[8.75,7.5,10.875,8.5],"rotation":0,"texture":"#a88316f6-1581-d70e-f401-375a97378ca4","tintindex":0}}},{"name":"cube","from":[3.4999998,15.548889,6.1238484],"to":[4.7,20.94889,14.523849],"rotation":{"angle":-45.0,"axis":"x","origin":[7.75,14.89652,8.683071]},"faces":{"down":{"uv":[11.75,12.125,12.0,13.875],"rotation":0,"texture":"#a88316f6-1581-d70e-f401-375a97378ca4","tintindex":0},"east":{"uv":[8.875,4.0,10.625,5.125],"rotation":0,"texture":"#a88316f6-1581-d70e-f401-375a97378ca4","tintindex":0},"north":{"uv":[10.875,12.25,11.125,13.375],"rotation":0,"texture":"#a88316f6-1581-d70e-f401-375a97378ca4","tintindex":0},"south":{"uv":[11.125,12.25,11.375,13.375],"rotation":0,"texture":"#a88316f6-1581-d70e-f401-375a97378ca4","tintindex":0},"up":{"uv":[12.375,5.25,12.125,3.5],"rotation":0,"texture":"#a88316f6-1581-d70e-f401-375a97378ca4","tintindex":0},"west":{"uv":[8.875,5.125,10.625,6.25],"rotation":0,"texture":"#a88316f6-1581-d70e-f401-375a97378ca4","tintindex":0}}},{"name":"cube","from":[4.7,17.94889,13.323849],"to":[10.700001,20.94889,14.523849],"rotation":{"angle":-45.0,"axis":"x","origin":[7.75,14.89652,8.683071]},"faces":{"down":{"uv":[12.25,2.75,13.5,3.0],"rotation":0,"texture":"#a88316f6-1581-d70e-f401-375a97378ca4","tintindex":0},"east":{"uv":[8.625,4.0,8.875,4.625],"rotation":0,"texture":"#a88316f6-1581-d70e-f401-375a97378ca4","tintindex":0},"north":{"uv":[10.875,7.625,12.125,8.25],"rotation":0,"texture":"#a88316f6-1581-d70e-f401-375a97378ca4","tintindex":0},"south":{"uv":[11.375,5.875,12.625,6.5],"rotation":0,"texture":"#a88316f6-1581-d70e-f401-375a97378ca4","tintindex":0},"up":{"uv":[13.25,2.125,12.0,1.875],"rotation":0,"texture":"#a88316f6-1581-d70e-f401-375a97378ca4","tintindex":0},"west":{"uv":[5.75,10.75,6.0,11.375],"rotation":0,"texture":"#a88316f6-1581-d70e-f401-375a97378ca4","tintindex":0}}},{"name":"cube","from":[4.7,18.54889,6.1238484],"to":[10.700001,20.94889,7.3238482],"rotation":{"angle":-45.0,"axis":"x","origin":[7.75,14.89652,8.683071]},"faces":{"down":{"uv":[12.25,3.25,13.5,3.5],"rotation":0,"texture":"#a88316f6-1581-d70e-f401-375a97378ca4","tintindex":0},"east":{"uv":[10.25,2.0,10.5,2.5],"rotation":0,"texture":"#a88316f6-1581-d70e-f401-375a97378ca4","tintindex":0},"north":{"uv":[9.0,2.0,10.25,2.5],"rotation":0,"texture":"#a88316f6-1581-d70e-f401-375a97378ca4","tintindex":0},"south":{"uv":[11.5,2.25,12.75,2.75],"rotation":0,"texture":"#a88316f6-1581-d70e-f401-375a97378ca4","tintindex":0},"up":{"uv":[13.5,3.25,12.25,3.0],"rotation":0,"texture":"#a88316f6-1581-d70e-f401-375a97378ca4","tintindex":0},"west":{"uv":[0.75,12.5,1.0,13.0],"rotation":0,"texture":"#a88316f6-1581-d70e-f401-375a97378ca4","tintindex":0}}},{"name":"cube","from":[4.1,10.5024395,8.274612],"to":[11.3,18.90244,14.274612],"rotation":{"angle":22.5,"axis":"x","origin":[7.75,14.89652,8.683071]},"faces":{"down":{"uv":[9.0,0.75,10.5,2.0],"rotation":0,"texture":"#a88316f6-1581-d70e-f401-375a97378ca4","tintindex":0},"east":{"uv":[7.5,7.5,8.75,9.25],"rotation":0,"texture":"#a88316f6-1581-d70e-f401-375a97378ca4","tintindex":0},"north":{"uv":[0.0,6.25,1.5,8.0],"rotation":0,"texture":"#a88316f6-1581-d70e-f401-375a97378ca4","tintindex":0},"south":{"uv":[6.25,1.25,7.75,3.0],"rotation":0,"texture":"#a88316f6-1581-d70e-f401-375a97378ca4","tintindex":0},"up":{"uv":[1.5,10.25,0.0,9.0],"rotation":0,"texture":"#a88316f6-1581-d70e-f401-375a97378ca4","tintindex":0},"west":{"uv":[7.75,0.75,9.0,2.5],"rotation":0,"texture":"#a88316f6-1581-d70e-f401-375a97378ca4","tintindex":0}}},{"name":"cube","from":[5.3,6.9767084,11.3305235],"to":[10.1,12.976708,15.530524],"rotation":{"angle":45.0,"axis":"x","origin":[7.75,14.89652,8.683071]},"faces":{"down":{"uv":[6.0,10.625,7.0,11.5],"rotation":0,"texture":"#a88316f6-1581-d70e-f401-375a97378ca4","tintindex":0},"east":{"uv":[0.0,10.25,0.875,11.5],"rotation":0,"texture":"#a88316f6-1581-d70e-f401-375a97378ca4","tintindex":0},"north":{"uv":[5.0,9.5,6.0,10.75],"rotation":0,"texture":"#a88316f6-1581-d70e-f401-375a97378ca4","tintindex":0},"south":{"uv":[9.625,6.25,10.625,7.5],"rotation":0,"texture":"#a88316f6-1581-d70e-f401-375a97378ca4","tintindex":0},"up":{"uv":[11.5,9.375,10.5,8.5],"rotation":0,"texture":"#a88316f6-1581-d70e-f401-375a97378ca4","tintindex":0},"west":{"uv":[8.625,10.375,9.5,11.625],"rotation":0,"texture":"#a88316f6-1581-d70e-f401-375a97378ca4","tintindex":0}}},{"name":"cube","from":[10.1,6.8,7.4],"to":[11.900001,8.0,8.6],"rotation":{"angle":0.0,"axis":"x","origin":[7.75,14.89652,8.683071]},"faces":{"down":{"uv":[12.5,7.0,12.875,7.25],"rotation":0,"texture":"#a88316f6-1581-d70e-f401-375a97378ca4","tintindex":0},"east":{"uv":[11.25,2.25,11.5,2.5],"rotation":0,"texture":"#a88316f6-1581-d70e-f401-375a97378ca4","tintindex":0},"north":{"uv":[4.375,11.625,4.75,11.875],"rotation":0,"texture":"#a88316f6-1581-d70e-f401-375a97378ca4","tintindex":0},"south":{"uv":[4.625,12.5,5.0,12.75],"rotation":0,"texture":"#a88316f6-1581-d70e-f401-375a97378ca4","tintindex":0},"up":{"uv":[6.125,12.75,5.75,12.5],"rotation":0,"texture":"#a88316f6-1581-d70e-f401-375a97378ca4","tintindex":0},"west":{"uv":[8.375,11.375,8.625,11.625],"rotation":0,"texture":"#a88316f6-1581-d70e-f401-375a97378ca4","tintindex":0}}},{"name":"cube","from":[3.4999998,6.8,7.4],"to":[5.3,8.0,8.6],"rotation":{"angle":0.0,"axis":"x","origin":[7.75,14.89652,8.683071]},"faces":{"down":{"uv":[12.875,7.0,12.5,7.25],"rotation":0,"texture":"#a88316f6-1581-d70e-f401-375a97378ca4","tintindex":0},"east":{"uv":[8.625,11.375,8.375,11.625],"rotation":0,"texture":"#a88316f6-1581-d70e-f401-375a97378ca4","tintindex":0},"north":{"uv":[4.75,11.625,4.375,11.875],"rotation":0,"texture":"#a88316f6-1581-d70e-f401-375a97378ca4","tintindex":0},"south":{"uv":[5.0,12.5,4.625,12.75],"rotation":0,"texture":"#a88316f6-1581-d70e-f401-375a97378ca4","tintindex":0},"up":{"uv":[5.75,12.75,6.125,12.5],"rotation":0,"texture":"#a88316f6-1581-d70e-f401-375a97378ca4","tintindex":0},"west":{"uv":[11.5,2.25,11.25,2.5],"rotation":0,"texture":"#a88316f6-1581-d70e-f401-375a97378ca4","tintindex":0}}},{"name":"cube","from":[5.6055255,8.6,3.6365077],"to":[9.205525,14.0,5.436508],"rotation":{"angle":-22.5,"axis":"y","origin":[7.75,14.89652,8.683071]},"faces":{"down":{"uv":[2.125,12.375,2.875,12.75],"rotation":0,"texture":"#a88316f6-1581-d70e-f401-375a97378ca4","tintindex":0},"east":{"uv":[3.0,6.25,3.375,7.375],"rotation":0,"texture":"#a88316f6-1581-d70e-f401-375a97378ca4","tintindex":0},"north":{"uv":[10.75,2.5,11.5,3.625],"rotation":0,"texture":"#a88316f6-1581-d70e-f401-375a97378ca4","tintindex":0},"south":{"uv":[5.0,10.75,5.75,11.875],"rotation":0,"texture":"#a88316f6-1581-d70e-f401-375a97378ca4","tintindex":0},"up":{"uv":[2.125,12.75,1.375,12.375],"rotation":0,"texture":"#a88316f6-1581-d70e-f401-375a97378ca4","tintindex":0},"west":{"uv":[6.0,9.5,6.375,10.625],"rotation":0,"texture":"#a88316f6-1581-d70e-f401-375a97378ca4","tintindex":0}}},{"name":"cube","from":[5.8999996,8.6,5.0],"to":[9.5,14.0,8.6],"rotation":{"angle":0.0,"axis":"x","origin":[7.75,14.89652,8.683071]},"faces":{"down":{"uv":[11.5,2.75,12.25,3.5],"rotation":0,"texture":"#a88316f6-1581-d70e-f401-375a97378ca4","tintindex":0},"east":{"uv":[11.25,1.125,12.0,2.25],"rotation":0,"texture":"#a88316f6-1581-d70e-f401-375a97378ca4","tintindex":0},"north":{"uv":[11.25,0.0,12.0,1.125],"rotation":0,"texture":"#a88316f6-1581-d70e-f401-375a97378ca4","tintindex":0},"south":{"uv":[11.375,3.625,12.125,4.75],"rotation":0,"texture":"#a88316f6-1581-d70e-f401-375a97378ca4","tintindex":0},"up":{"uv":[8.625,4.75,7.875,4.0],"rotation":0,"texture":"#a88316f6-1581-d70e-f401-375a97378ca4","tintindex":0},"west":{"uv":[11.375,4.75,12.125,5.875],"rotation":0,"texture":"#a88316f6-1581-d70e-f401-375a97378ca4","tintindex":0}}},{"name":"cube","from":[6.2020864,8.6,3.5982394],"to":[9.802086,14.0,5.3982396],"rotation":{"angle":22.5,"axis":"y","origin":[7.75,14.89652,8.683071]},"faces":{"down":{"uv":[12.375,3.5,13.125,3.875],"rotation":0,"texture":"#a88316f6-1581-d70e-f401-375a97378ca4","tintindex":0},"east":{"uv":[12.125,7.125,12.5,8.25],"rotation":0,"texture":"#a88316f6-1581-d70e-f401-375a97378ca4","tintindex":0},"north":{"uv":[10.875,6.5,11.625,7.625],"rotation":0,"texture":"#a88316f6-1581-d70e-f401-375a97378ca4","tintindex":0},"south":{"uv":[11.0,10.375,11.75,11.5],"rotation":0,"texture":"#a88316f6-1581-d70e-f401-375a97378ca4","tintindex":0},"up":{"uv":[3.625,12.75,2.875,12.375],"rotation":0,"texture":"#a88316f6-1581-d70e-f401-375a97378ca4","tintindex":0},"west":{"uv":[12.0,12.125,12.375,13.25],"rotation":0,"texture":"#a88316f6-1581-d70e-f401-375a97378ca4","tintindex":0}}},{"name":"cube","from":[13.1,15.8,11.0],"to":[16.7,18.8,14.0],"rotation":{"angle":0.0,"axis":"x","origin":[7.75,14.89652,8.683071]},"faces":{"down":{"uv":[4.375,11.875,5.125,12.5],"rotation":0,"texture":"#a88316f6-1581-d70e-f401-375a97378ca4","tintindex":0},"east":{"uv":[12.25,0.625,12.875,1.25],"rotation":0,"texture":"#a88316f6-1581-d70e-f401-375a97378ca4","tintindex":0},"north":{"uv":[11.75,10.25,12.5,10.875],"rotation":0,"texture":"#a88316f6-1581-d70e-f401-375a97378ca4","tintindex":0},"south":{"uv":[11.75,10.875,12.5,11.5],"rotation":0,"texture":"#a88316f6-1581-d70e-f401-375a97378ca4","tintindex":0},"up":{"uv":[12.5,12.125,11.75,11.5],"rotation":0,"texture":"#a88316f6-1581-d70e-f401-375a97378ca4","tintindex":0},"west":{"uv":[12.25,1.25,12.875,1.875],"rotation":0,"texture":"#a88316f6-1581-d70e-f401-375a97378ca4","tintindex":0}}},{"name":"cube","from":[-1.3000002,15.8,11.0],"to":[2.2999997,18.8,14.0],"rotation":{"angle":0.0,"axis":"x","origin":[7.75,14.89652,8.683071]},"faces":{"down":{"uv":[5.125,11.875,4.375,12.5],"rotation":0,"texture":"#a88316f6-1581-d70e-f401-375a97378ca4","tintindex":0},"east":{"uv":[12.875,1.25,12.25,1.875],"rotation":0,"texture":"#a88316f6-1581-d70e-f401-375a97378ca4","tintindex":0},"north":{"uv":[12.5,10.25,11.75,10.875],"rotation":0,"texture":"#a88316f6-1581-d70e-f401-375a97378ca4","tintindex":0},"south":{"uv":[12.5,10.875,11.75,11.5],"rotation":0,"texture":"#a88316f6-1581-d70e-f401-375a97378ca4","tintindex":0},"up":{"uv":[11.75,12.125,12.5,11.5],"rotation":0,"texture":"#a88316f6-1581-d70e-f401-375a97378ca4","tintindex":0},"west":{"uv":[12.875,0.625,12.25,1.25],"rotation":0,"texture":"#a88316f6-1581-d70e-f401-375a97378ca4","tintindex":0}}}],"display":{"head":{"translation":[0.0,-6.4,0.0],"rotation":[0.0,0.0,0.0],"scale":[3.8095,3.8095,3.8095]},"gui":{"translation":[0.0,0.0,0.0],"rotation":[35.0,225.0,0.0],"scale":[0.625,0.625,0.625]}}}