{"file_name":"lefthand","texture_size":[128,128],"textures":{"a88316f6-1581-d70e-f401-375a97378ca4":"modelengine:entity/kindletronsr4"},"elements":[{"name":"cube","from":[6.2,1.3999997,6.2],"to":[9.8,7.4,9.8],"rotation":{"angle":0.0,"axis":"x","origin":[7.7072797,0.122425795,7.7599998]},"faces":{"down":{"uv":[2.875,11.625,2.125,12.375],"rotation":0,"texture":"#a88316f6-1581-d70e-f401-375a97378ca4","tintindex":0},"east":{"uv":[11.375,5.25,10.625,6.5],"rotation":0,"texture":"#a88316f6-1581-d70e-f401-375a97378ca4","tintindex":0},"north":{"uv":[11.25,0.0,10.5,1.25],"rotation":0,"texture":"#a88316f6-1581-d70e-f401-375a97378ca4","tintindex":0},"south":{"uv":[11.375,4.0,10.625,5.25],"rotation":0,"texture":"#a88316f6-1581-d70e-f401-375a97378ca4","tintindex":0},"up":{"uv":[1.375,12.375,2.125,11.625],"rotation":0,"texture":"#a88316f6-1581-d70e-f401-375a97378ca4","tintindex":0},"west":{"uv":[11.25,1.25,10.5,2.5],"rotation":0,"texture":"#a88316f6-1581-d70e-f401-375a97378ca4","tintindex":0}}},{"name":"cube","from":[6.2,-1.0000005,6.2],"to":[9.2,1.3999997,9.8],"rotation":{"angle":0.0,"axis":"x","origin":[7.7072797,0.122425795,7.7599998]},"faces":{"down":{"uv":[5.75,11.875,5.125,12.625],"rotation":0,"texture":"#a88316f6-1581-d70e-f401-375a97378ca4","tintindex":0},"east":{"uv":[9.625,6.25,8.875,6.75],"rotation":0,"texture":"#a88316f6-1581-d70e-f401-375a97378ca4","tintindex":0},"north":{"uv":[2.125,9.0,1.5,9.5],"rotation":0,"texture":"#a88316f6-1581-d70e-f401-375a97378ca4","tintindex":0},"south":{"uv":[9.25,12.25,8.625,12.75],"rotation":0,"texture":"#a88316f6-1581-d70e-f401-375a97378ca4","tintindex":0},"up":{"uv":[6.375,12.25,7.0,11.5],"rotation":0,"texture":"#a88316f6-1581-d70e-f401-375a97378ca4","tintindex":0},"west":{"uv":[2.875,8.0,2.125,8.5],"rotation":0,"texture":"#a88316f6-1581-d70e-f401-375a97378ca4","tintindex":0}}},{"name":"cube","from":[6.2,-2.2000003,6.2],"to":[7.4,-1.0000005,7.4],"rotation":{"angle":0.0,"axis":"x","origin":[7.7072797,0.122425795,7.7599998]},"faces":{"down":{"uv":[12.875,8.5,12.625,8.75],"rotation":0,"texture":"#a88316f6-1581-d70e-f401-375a97378ca4","tintindex":0},"east":{"uv":[7.5,12.625,7.25,12.875],"rotation":0,"texture":"#a88316f6-1581-d70e-f401-375a97378ca4","tintindex":0},"north":{"uv":[12.875,5.875,12.625,6.125],"rotation":0,"texture":"#a88316f6-1581-d70e-f401-375a97378ca4","tintindex":0},"south":{"uv":[7.25,12.625,7.0,12.875],"rotation":0,"texture":"#a88316f6-1581-d70e-f401-375a97378ca4","tintindex":0},"up":{"uv":[12.625,8.5,12.875,8.25],"rotation":0,"texture":"#a88316f6-1581-d70e-f401-375a97378ca4","tintindex":0},"west":{"uv":[12.875,6.125,12.625,6.375],"rotation":0,"texture":"#a88316f6-1581-d70e-f401-375a97378ca4","tintindex":0}}},{"name":"cube","from":[7.5448523,-2.5024986,6.2],"to":[8.744852,-0.7024987,7.4],"rotation":{"angle":45.0,"axis":"z","origin":[7.7072797,0.122425795,7.7599998]},"faces":{"down":{"uv":[1.5,12.75,1.25,13.0],"rotation":0,"texture":"#a88316f6-1581-d70e-f401-375a97378ca4","tintindex":0},"east":{"uv":[5.5,12.625,5.25,13.0],"rotation":0,"texture":"#a88316f6-1581-d70e-f401-375a97378ca4","tintindex":0},"north":{"uv":[12.75,11.375,12.5,11.75],"rotation":0,"texture":"#a88316f6-1581-d70e-f401-375a97378ca4","tintindex":0},"south":{"uv":[5.25,12.625,5.0,13.0],"rotation":0,"texture":"#a88316f6-1581-d70e-f401-375a97378ca4","tintindex":0},"up":{"uv":[12.625,12.875,12.875,12.625],"rotation":0,"texture":"#a88316f6-1581-d70e-f401-375a97378ca4","tintindex":0},"west":{"uv":[12.75,11.75,12.5,12.125],"rotation":0,"texture":"#a88316f6-1581-d70e-f401-375a97378ca4","tintindex":0}}},{"name":"cube","from":[6.2,-2.2000003,8.6],"to":[7.4,-1.0000005,9.8],"rotation":{"angle":0.0,"axis":"x","origin":[7.7072797,0.122425795,7.7599998]},"faces":{"down":{"uv":[12.875,12.375,12.625,12.625],"rotation":0,"texture":"#a88316f6-1581-d70e-f401-375a97378ca4","tintindex":0},"east":{"uv":[10.0,12.625,9.75,12.875],"rotation":0,"texture":"#a88316f6-1581-d70e-f401-375a97378ca4","tintindex":0},"north":{"uv":[12.875,8.75,12.625,9.0],"rotation":0,"texture":"#a88316f6-1581-d70e-f401-375a97378ca4","tintindex":0},"south":{"uv":[9.75,12.625,9.5,12.875],"rotation":0,"texture":"#a88316f6-1581-d70e-f401-375a97378ca4","tintindex":0},"up":{"uv":[12.625,12.375,12.875,12.125],"rotation":0,"texture":"#a88316f6-1581-d70e-f401-375a97378ca4","tintindex":0},"west":{"uv":[9.5,12.625,9.25,12.875],"rotation":0,"texture":"#a88316f6-1581-d70e-f401-375a97378ca4","tintindex":0}}}],"display":{"head":{"translation":[0.0,-6.4,0.0],"rotation":[0.0,0.0,0.0],"scale":[3.8095,3.8095,3.8095]},"gui":{"translation":[0.0,0.0,0.0],"rotation":[35.0,225.0,0.0],"scale":[0.625,0.625,0.625]}}}