{"data":42,"parent":"item/generated","textures":{"layer0":"item/leather_horse_armor"},"overrides":[{"predicate":{"custom_model_data":1},"model":"modelengine:boss_darktang/cuernos"},{"predicate":{"custom_model_data":2},"model":"modelengine:boss_darktang/head"},{"predicate":{"custom_model_data":3},"model":"modelengine:boss_darktang/body"},{"predicate":{"custom_model_data":4},"model":"modelengine:boss_darktang/bone11"},{"predicate":{"custom_model_data":5},"model":"modelengine:boss_darktang/bone12"},{"predicate":{"custom_model_data":6},"model":"modelengine:boss_darktang/bone4"},{"predicate":{"custom_model_data":7},"model":"modelengine:boss_darktang/rightarm"},{"predicate":{"custom_model_data":8},"model":"modelengine:boss_darktang/bone6"},{"predicate":{"custom_model_data":9},"model":"modelengine:boss_darktang/bone5"},{"predicate":{"custom_model_data":10},"model":"modelengine:boss_darktang/bone3"},{"predicate":{"custom_model_data":11},"model":"modelengine:boss_darktang/leftarm"},{"predicate":{"custom_model_data":12},"model":"modelengine:boss_darktang/leg"},{"predicate":{"custom_model_data":13},"model":"modelengine:kindletronjr/head"},{"predicate":{"custom_model_data":14},"model":"modelengine:kindletronjr/rightarm"},{"predicate":{"custom_model_data":15},"model":"modelengine:kindletronjr/leftarm"},{"predicate":{"custom_model_data":16},"model":"modelengine:kindletronjr/leftleg"},{"predicate":{"custom_model_data":17},"model":"modelengine:kindletronjr/rightleg"},{"predicate":{"custom_model_data":18},"model":"modelengine:kindletronjr/torso"},{"predicate":{"custom_model_data":19},"model":"modelengine:kindletronsr/head"},{"predicate":{"custom_model_data":20},"model":"modelengine:kindletronsr/righthand"},{"predicate":{"custom_model_data":21},"model":"modelengine:kindletronsr/rightarm"},{"predicate":{"custom_model_data":22},"model":"modelengine:kindletronsr/lefthand"},{"predicate":{"custom_model_data":23},"model":"modelengine:kindletronsr/leftarm"},{"predicate":{"custom_model_data":24},"model":"modelengine:kindletronsr/rightfoot"},{"predicate":{"custom_model_data":25},"model":"modelengine:kindletronsr/rightleg"},{"predicate":{"custom_model_data":26},"model":"modelengine:kindletronsr/leftfoot"},{"predicate":{"custom_model_data":27},"model":"modelengine:kindletronsr/leftleg"},{"predicate":{"custom_model_data":28},"model":"modelengine:kindletronsr/kindletronsr"},{"predicate":{"custom_model_data":29},"model":"modelengine:shadow/bone"},{"predicate":{"custom_model_data":30},"model":"modelengine:shadow/bone10"},{"predicate":{"custom_model_data":31},"model":"modelengine:shadow/bone16"},{"predicate":{"custom_model_data":32},"model":"modelengine:shadow/bone4"},{"predicate":{"custom_model_data":33},"model":"modelengine:shadow/body"},{"predicate":{"custom_model_data":34},"model":"modelengine:shadow/bone12"},{"predicate":{"custom_model_data":35},"model":"modelengine:shadow/bone14"},{"predicate":{"custom_model_data":36},"model":"modelengine:shadow/bone13"},{"predicate":{"custom_model_data":37},"model":"modelengine:shadow/bone11"},{"predicate":{"custom_model_data":38},"model":"modelengine:shadow/bone3"},{"predicate":{"custom_model_data":39},"model":"modelengine:shadow/bone15"},{"predicate":{"custom_model_data":40},"model":"modelengine:shadow/bone17"},{"predicate":{"custom_model_data":41},"model":"modelengine:shadow/bone18"},{"predicate":{"custom_model_data":42},"model":"modelengine:shadow/legs"}]}