{"file_name":"bone5","texture_size":[128,128],"textures":{"5554acde-b8d3-96ed-16f1-6e2999f20cbc":"modelengine:entity/darktang"},"elements":[{"name":"cube","from":[8.9780655,4.99496,8.144463],"to":[10.990226,8.589199,8.354462],"rotation":{"angle":0.0,"axis":"x","origin":[-0.17649436,-4.5436006,8.534702]},"faces":{"down":{"uv":[15.375,15.875,15.75,16.0],"rotation":0,"texture":"#5554acde-b8d3-96ed-16f1-6e2999f20cbc","tintindex":0},"east":{"uv":[13.75,14.25,13.875,15.0],"rotation":0,"texture":"#5554acde-b8d3-96ed-16f1-6e2999f20cbc","tintindex":0},"north":{"uv":[12.375,11.875,12.75,12.625],"rotation":0,"texture":"#5554acde-b8d3-96ed-16f1-6e2999f20cbc","tintindex":0},"south":{"uv":[10.875,12.125,11.25,12.875],"rotation":0,"texture":"#5554acde-b8d3-96ed-16f1-6e2999f20cbc","tintindex":0},"up":{"uv":[16.0,11.375,16.375,11.25],"rotation":0,"texture":"#5554acde-b8d3-96ed-16f1-6e2999f20cbc","tintindex":0},"west":{"uv":[15.875,15.25,16.0,16.0],"rotation":0,"texture":"#5554acde-b8d3-96ed-16f1-6e2999f20cbc","tintindex":0}}},{"name":"cube","from":[7.058066,4.99496,6.7414217],"to":[9.070226,8.589199,9.644463],"rotation":{"angle":0.0,"axis":"x","origin":[-0.17649436,-4.5436006,8.534702]},"faces":{"down":{"uv":[12.875,11.125,13.25,11.75],"rotation":0,"texture":"#5554acde-b8d3-96ed-16f1-6e2999f20cbc","tintindex":0},"east":{"uv":[0.625,10.625,1.25,11.375],"rotation":0,"texture":"#5554acde-b8d3-96ed-16f1-6e2999f20cbc","tintindex":0},"north":{"uv":[12.5,11.125,12.875,11.875],"rotation":0,"texture":"#5554acde-b8d3-96ed-16f1-6e2999f20cbc","tintindex":0},"south":{"uv":[12.625,2.125,13.0,2.875],"rotation":0,"texture":"#5554acde-b8d3-96ed-16f1-6e2999f20cbc","tintindex":0},"up":{"uv":[11.25,13.5,10.875,12.875],"rotation":0,"texture":"#5554acde-b8d3-96ed-16f1-6e2999f20cbc","tintindex":0},"west":{"uv":[10.625,0.75,11.25,1.5],"rotation":0,"texture":"#5554acde-b8d3-96ed-16f1-6e2999f20cbc","tintindex":0}}},{"name":"cube","from":[7.334546,5.54792,6.6492615],"to":[9.177746,8.589199,9.759663],"rotation":{"angle":0.0,"axis":"x","origin":[-0.17649436,-4.5436006,8.534702]},"faces":{"down":{"uv":[13.0,2.125,13.375,2.75],"rotation":0,"texture":"#5554acde-b8d3-96ed-16f1-6e2999f20cbc","tintindex":0},"east":{"uv":[10.125,11.5,10.75,12.125],"rotation":0,"texture":"#5554acde-b8d3-96ed-16f1-6e2999f20cbc","tintindex":0},"north":{"uv":[11.5,12.875,11.875,13.5],"rotation":0,"texture":"#5554acde-b8d3-96ed-16f1-6e2999f20cbc","tintindex":0},"south":{"uv":[11.875,12.875,12.25,13.5],"rotation":0,"texture":"#5554acde-b8d3-96ed-16f1-6e2999f20cbc","tintindex":0},"up":{"uv":[1.625,13.625,1.25,13.0],"rotation":0,"texture":"#5554acde-b8d3-96ed-16f1-6e2999f20cbc","tintindex":0},"west":{"uv":[10.75,11.5,11.375,12.125],"rotation":0,"texture":"#5554acde-b8d3-96ed-16f1-6e2999f20cbc","tintindex":0}}},{"name":"cube","from":[7.526546,5.7399197,6.5532618],"to":[8.985746,8.1092,9.855661],"rotation":{"angle":0.0,"axis":"x","origin":[-0.17649436,-4.5436006,8.534702]},"faces":{"down":{"uv":[13.5,13.125,13.75,13.875],"rotation":0,"texture":"#5554acde-b8d3-96ed-16f1-6e2999f20cbc","tintindex":0},"east":{"uv":[11.625,1.875,12.375,2.375],"rotation":0,"texture":"#5554acde-b8d3-96ed-16f1-6e2999f20cbc","tintindex":0},"north":{"uv":[6.125,14.0,6.375,14.5],"rotation":0,"texture":"#5554acde-b8d3-96ed-16f1-6e2999f20cbc","tintindex":0},"south":{"uv":[14.0,6.875,14.25,7.375],"rotation":0,"texture":"#5554acde-b8d3-96ed-16f1-6e2999f20cbc","tintindex":0},"up":{"uv":[13.25,14.25,13.0,13.5],"rotation":0,"texture":"#5554acde-b8d3-96ed-16f1-6e2999f20cbc","tintindex":0},"west":{"uv":[2.875,11.75,3.625,12.25],"rotation":0,"texture":"#5554acde-b8d3-96ed-16f1-6e2999f20cbc","tintindex":0}}},{"name":"cube","from":[9.185426,5.839761,7.098542],"to":[9.323666,8.19752,9.310382],"rotation":{"angle":0.0,"axis":"x","origin":[-0.17649436,-4.5436006,8.534702]},"faces":{"down":{"uv":[1.5,15.0,1.625,15.5],"rotation":0,"texture":"#5554acde-b8d3-96ed-16f1-6e2999f20cbc","tintindex":0},"east":{"uv":[10.0,12.75,10.5,13.25],"rotation":0,"texture":"#5554acde-b8d3-96ed-16f1-6e2999f20cbc","tintindex":0},"north":{"uv":[15.0,0.5,15.125,1.0],"rotation":0,"texture":"#5554acde-b8d3-96ed-16f1-6e2999f20cbc","tintindex":0},"south":{"uv":[15.0,1.0,15.125,1.5],"rotation":0,"texture":"#5554acde-b8d3-96ed-16f1-6e2999f20cbc","tintindex":0},"up":{"uv":[1.5,15.5,1.375,15.0],"rotation":0,"texture":"#5554acde-b8d3-96ed-16f1-6e2999f20cbc","tintindex":0},"west":{"uv":[12.75,11.875,13.25,12.375],"rotation":0,"texture":"#5554acde-b8d3-96ed-16f1-6e2999f20cbc","tintindex":0}}},{"name":"cube","from":[9.329426,6.03176,7.482542],"to":[9.467667,8.005521,8.926382],"rotation":{"angle":0.0,"axis":"x","origin":[-0.17649436,-4.5436006,8.534702]},"faces":{"down":{"uv":[10.5,15.5,10.625,15.75],"rotation":0,"texture":"#5554acde-b8d3-96ed-16f1-6e2999f20cbc","tintindex":0},"east":{"uv":[14.25,6.875,14.5,7.25],"rotation":0,"texture":"#5554acde-b8d3-96ed-16f1-6e2999f20cbc","tintindex":0},"north":{"uv":[10.75,15.125,10.875,15.5],"rotation":0,"texture":"#5554acde-b8d3-96ed-16f1-6e2999f20cbc","tintindex":0},"south":{"uv":[10.875,15.125,11.0,15.5],"rotation":0,"texture":"#5554acde-b8d3-96ed-16f1-6e2999f20cbc","tintindex":0},"up":{"uv":[10.5,15.75,10.375,15.5],"rotation":0,"texture":"#5554acde-b8d3-96ed-16f1-6e2999f20cbc","tintindex":0},"west":{"uv":[14.25,8.375,14.5,8.75],"rotation":0,"texture":"#5554acde-b8d3-96ed-16f1-6e2999f20cbc","tintindex":0}}},{"name":"cube","from":[6.9198256,5.455761,6.975662],"to":[7.058066,7.252879,9.318062],"rotation":{"angle":0.0,"axis":"x","origin":[-0.17649436,-4.5436006,8.534702]},"faces":{"down":{"uv":[1.625,15.0,1.75,15.5],"rotation":0,"texture":"#5554acde-b8d3-96ed-16f1-6e2999f20cbc","tintindex":0},"east":{"uv":[13.5,9.0,14.0,9.375],"rotation":0,"texture":"#5554acde-b8d3-96ed-16f1-6e2999f20cbc","tintindex":0},"north":{"uv":[11.0,15.125,11.125,15.5],"rotation":0,"texture":"#5554acde-b8d3-96ed-16f1-6e2999f20cbc","tintindex":0},"south":{"uv":[11.125,15.125,11.25,15.5],"rotation":0,"texture":"#5554acde-b8d3-96ed-16f1-6e2999f20cbc","tintindex":0},"up":{"uv":[15.125,2.0,15.0,1.5],"rotation":0,"texture":"#5554acde-b8d3-96ed-16f1-6e2999f20cbc","tintindex":0},"west":{"uv":[13.5,11.625,14.0,12.0],"rotation":0,"texture":"#5554acde-b8d3-96ed-16f1-6e2999f20cbc","tintindex":0}}},{"name":"cube","from":[6.766226,5.7437606,7.1676617],"to":[6.9044657,7.0608797,9.126062],"rotation":{"angle":0.0,"axis":"x","origin":[-0.17649436,-4.5436006,8.534702]},"faces":{"down":{"uv":[11.5,15.125,11.625,15.5],"rotation":0,"texture":"#5554acde-b8d3-96ed-16f1-6e2999f20cbc","tintindex":0},"east":{"uv":[14.25,11.125,14.625,11.375],"rotation":0,"texture":"#5554acde-b8d3-96ed-16f1-6e2999f20cbc","tintindex":0},"north":{"uv":[15.5,10.5,15.625,10.75],"rotation":0,"texture":"#5554acde-b8d3-96ed-16f1-6e2999f20cbc","tintindex":0},"south":{"uv":[10.625,15.5,10.75,15.75],"rotation":0,"texture":"#5554acde-b8d3-96ed-16f1-6e2999f20cbc","tintindex":0},"up":{"uv":[15.25,11.5,15.125,11.125],"rotation":0,"texture":"#5554acde-b8d3-96ed-16f1-6e2999f20cbc","tintindex":0},"west":{"uv":[14.125,14.25,14.5,14.5],"rotation":0,"texture":"#5554acde-b8d3-96ed-16f1-6e2999f20cbc","tintindex":0}}}],"display":{"head":{"translation":[0.0,-6.4,0.0],"rotation":[0.0,0.0,0.0],"scale":[3.8095,3.8095,3.8095]},"gui":{"translation":[0.0,0.0,0.0],"rotation":[35.0,225.0,0.0],"scale":[0.625,0.625,0.625]}}}