{"file_name":"bone11","texture_size":[128,128],"textures":{"5554acde-b8d3-96ed-16f1-6e2999f20cbc":"modelengine:entity/darktang"},"elements":[{"name":"cube","from":[7.2675858,6.120919,8.506622],"to":[8.937985,6.8121195,9.128702],"rotation":{"angle":0.0,"axis":"x","origin":[16.479746,-5.929001,8.360702]},"faces":{"down":{"uv":[12.0,11.875,12.375,12.0],"rotation":0,"texture":"#5554acde-b8d3-96ed-16f1-6e2999f20cbc","tintindex":0},"east":{"uv":[6.75,2.625,6.875,2.75],"rotation":0,"texture":"#5554acde-b8d3-96ed-16f1-6e2999f20cbc","tintindex":0},"north":{"uv":[6.375,1.75,6.75,1.875],"rotation":0,"texture":"#5554acde-b8d3-96ed-16f1-6e2999f20cbc","tintindex":0},"south":{"uv":[3.0,9.125,3.375,9.25],"rotation":0,"texture":"#5554acde-b8d3-96ed-16f1-6e2999f20cbc","tintindex":0},"up":{"uv":[5.5,11.25,5.125,11.125],"rotation":0,"texture":"#5554acde-b8d3-96ed-16f1-6e2999f20cbc","tintindex":0},"west":{"uv":[8.375,2.5,8.5,2.625],"rotation":0,"texture":"#5554acde-b8d3-96ed-16f1-6e2999f20cbc","tintindex":0}}},{"name":"cube","from":[7.2675858,6.120919,6.717182],"to":[9.275906,6.8121195,8.506622],"rotation":{"angle":0.0,"axis":"x","origin":[16.479746,-5.929001,8.360702]},"faces":{"down":{"uv":[3.25,13.625,3.625,14.0],"rotation":0,"texture":"#5554acde-b8d3-96ed-16f1-6e2999f20cbc","tintindex":0},"east":{"uv":[15.0,4.5,15.375,4.625],"rotation":0,"texture":"#5554acde-b8d3-96ed-16f1-6e2999f20cbc","tintindex":0},"north":{"uv":[15.0,4.125,15.375,4.25],"rotation":0,"texture":"#5554acde-b8d3-96ed-16f1-6e2999f20cbc","tintindex":0},"south":{"uv":[15.0,4.625,15.375,4.75],"rotation":0,"texture":"#5554acde-b8d3-96ed-16f1-6e2999f20cbc","tintindex":0},"up":{"uv":[11.625,1.5,11.25,1.125],"rotation":0,"texture":"#5554acde-b8d3-96ed-16f1-6e2999f20cbc","tintindex":0},"west":{"uv":[15.0,4.75,15.375,4.875],"rotation":0,"texture":"#5554acde-b8d3-96ed-16f1-6e2999f20cbc","tintindex":0}}},{"name":"cube","from":[7.163905,6.673879,6.628862],"to":[9.153026,7.6799593,9.255423],"rotation":{"angle":0.0,"axis":"x","origin":[16.575747,-5.545001,8.264702]},"faces":{"down":{"uv":[13.25,6.75,13.625,7.25],"rotation":0,"texture":"#5554acde-b8d3-96ed-16f1-6e2999f20cbc","tintindex":0},"east":{"uv":[3.5,3.0,4.0,3.25],"rotation":0,"texture":"#5554acde-b8d3-96ed-16f1-6e2999f20cbc","tintindex":0},"north":{"uv":[7.75,14.125,8.125,14.375],"rotation":0,"texture":"#5554acde-b8d3-96ed-16f1-6e2999f20cbc","tintindex":0},"south":{"uv":[8.125,14.125,8.5,14.375],"rotation":0,"texture":"#5554acde-b8d3-96ed-16f1-6e2999f20cbc","tintindex":0},"up":{"uv":[13.625,5.625,13.25,5.125],"rotation":0,"texture":"#5554acde-b8d3-96ed-16f1-6e2999f20cbc","tintindex":0},"west":{"uv":[13.875,8.75,14.375,9.0],"rotation":0,"texture":"#5554acde-b8d3-96ed-16f1-6e2999f20cbc","tintindex":0}}},{"name":"cube","from":[14.183426,7.1807585,7.124222],"to":[14.736386,7.941079,8.114943],"rotation":{"angle":22.5,"axis":"z","origin":[16.625668,-5.652522,8.207102]},"faces":{"down":{"uv":[15.25,0.5,15.375,0.75],"rotation":0,"texture":"#5554acde-b8d3-96ed-16f1-6e2999f20cbc","tintindex":0},"east":{"uv":[15.25,0.25,15.5,0.375],"rotation":0,"texture":"#5554acde-b8d3-96ed-16f1-6e2999f20cbc","tintindex":0},"north":{"uv":[13.125,5.125,13.25,5.25],"rotation":0,"texture":"#5554acde-b8d3-96ed-16f1-6e2999f20cbc","tintindex":0},"south":{"uv":[13.25,9.375,13.375,9.5],"rotation":0,"texture":"#5554acde-b8d3-96ed-16f1-6e2999f20cbc","tintindex":0},"up":{"uv":[0.625,15.5,0.5,15.25],"rotation":0,"texture":"#5554acde-b8d3-96ed-16f1-6e2999f20cbc","tintindex":0},"west":{"uv":[15.25,0.375,15.5,0.5],"rotation":0,"texture":"#5554acde-b8d3-96ed-16f1-6e2999f20cbc","tintindex":0}}},{"name":"cube","from":[19.459587,7.5033197,7.0320616],"to":[20.104706,8.263639,8.207102],"rotation":{"angle":45.0,"axis":"z","origin":[16.625668,-5.652522,8.207102]},"faces":{"down":{"uv":[15.25,0.875,15.375,1.125],"rotation":0,"texture":"#5554acde-b8d3-96ed-16f1-6e2999f20cbc","tintindex":0},"east":{"uv":[15.25,0.75,15.5,0.875],"rotation":0,"texture":"#5554acde-b8d3-96ed-16f1-6e2999f20cbc","tintindex":0},"north":{"uv":[15.625,0.625,15.75,0.75],"rotation":0,"texture":"#5554acde-b8d3-96ed-16f1-6e2999f20cbc","tintindex":0},"south":{"uv":[0.875,15.625,1.0,15.75],"rotation":0,"texture":"#5554acde-b8d3-96ed-16f1-6e2999f20cbc","tintindex":0},"up":{"uv":[0.75,15.5,0.625,15.25],"rotation":0,"texture":"#5554acde-b8d3-96ed-16f1-6e2999f20cbc","tintindex":0},"west":{"uv":[0.875,15.25,1.125,15.375],"rotation":0,"texture":"#5554acde-b8d3-96ed-16f1-6e2999f20cbc","tintindex":0}}},{"name":"cube","from":[9.392836,4.8234906,7.216382],"to":[9.922756,5.4916506,8.022781],"rotation":{"angle":0.0,"axis":"x","origin":[16.496836,-5.4984303,8.207102]},"faces":{"down":{"uv":[13.25,15.5,13.375,15.625],"rotation":0,"texture":"#5554acde-b8d3-96ed-16f1-6e2999f20cbc","tintindex":0},"east":{"uv":[14.75,5.5,14.875,5.625],"rotation":0,"texture":"#5554acde-b8d3-96ed-16f1-6e2999f20cbc","tintindex":0},"north":{"uv":[0.75,13.375,0.875,13.5],"rotation":0,"texture":"#5554acde-b8d3-96ed-16f1-6e2999f20cbc","tintindex":0},"south":{"uv":[15.5,13.0,15.625,13.125],"rotation":0,"texture":"#5554acde-b8d3-96ed-16f1-6e2999f20cbc","tintindex":0},"up":{"uv":[15.625,13.25,15.5,13.125],"rotation":0,"texture":"#5554acde-b8d3-96ed-16f1-6e2999f20cbc","tintindex":0},"west":{"uv":[13.125,15.5,13.25,15.625],"rotation":0,"texture":"#5554acde-b8d3-96ed-16f1-6e2999f20cbc","tintindex":0}}},{"name":"cube","from":[8.565506,4.2162786,6.928382],"to":[9.302786,4.8690796,7.6887016],"rotation":{"angle":0.0,"axis":"x","origin":[17.128704,-5.9520426,8.598782]},"faces":{"down":{"uv":[2.25,13.125,2.375,13.25],"rotation":0,"texture":"#5554acde-b8d3-96ed-16f1-6e2999f20cbc","tintindex":0},"east":{"uv":[2.75,12.5,2.875,12.625],"rotation":0,"texture":"#5554acde-b8d3-96ed-16f1-6e2999f20cbc","tintindex":0},"north":{"uv":[6.375,11.5,6.5,11.625],"rotation":0,"texture":"#5554acde-b8d3-96ed-16f1-6e2999f20cbc","tintindex":0},"south":{"uv":[4.75,12.625,4.875,12.75],"rotation":0,"texture":"#5554acde-b8d3-96ed-16f1-6e2999f20cbc","tintindex":0},"up":{"uv":[12.875,7.375,12.75,7.25],"rotation":0,"texture":"#5554acde-b8d3-96ed-16f1-6e2999f20cbc","tintindex":0},"west":{"uv":[12.625,6.75,12.75,6.875],"rotation":0,"texture":"#5554acde-b8d3-96ed-16f1-6e2999f20cbc","tintindex":0}}},{"name":"cube","from":[4.768498,-0.42273855,6.943742],"to":[5.459698,0.25310135,7.6733418],"rotation":{"angle":-22.5,"axis":"z","origin":[18.684658,-5.952338,8.598782]},"faces":{"down":{"uv":[15.5,14.625,15.625,14.75],"rotation":0,"texture":"#5554acde-b8d3-96ed-16f1-6e2999f20cbc","tintindex":0},"east":{"uv":[15.5,14.375,15.625,14.5],"rotation":0,"texture":"#5554acde-b8d3-96ed-16f1-6e2999f20cbc","tintindex":0},"north":{"uv":[14.375,15.5,14.5,15.625],"rotation":0,"texture":"#5554acde-b8d3-96ed-16f1-6e2999f20cbc","tintindex":0},"south":{"uv":[14.5,15.5,14.625,15.625],"rotation":0,"texture":"#5554acde-b8d3-96ed-16f1-6e2999f20cbc","tintindex":0},"up":{"uv":[14.75,15.625,14.625,15.5],"rotation":0,"texture":"#5554acde-b8d3-96ed-16f1-6e2999f20cbc","tintindex":0},"west":{"uv":[15.5,14.5,15.625,14.625],"rotation":0,"texture":"#5554acde-b8d3-96ed-16f1-6e2999f20cbc","tintindex":0}}},{"name":"cube","from":[2.3540428,-9.121827,6.882302],"to":[3.1374023,-8.422948,7.734782],"rotation":{"angle":-45.0,"axis":"z","origin":[21.891964,-8.1080675,8.598782]},"faces":{"down":{"uv":[15.5,15.5,15.625,15.625],"rotation":0,"texture":"#5554acde-b8d3-96ed-16f1-6e2999f20cbc","tintindex":0},"east":{"uv":[15.5,15.0,15.625,15.125],"rotation":0,"texture":"#5554acde-b8d3-96ed-16f1-6e2999f20cbc","tintindex":0},"north":{"uv":[15.5,14.75,15.625,14.875],"rotation":0,"texture":"#5554acde-b8d3-96ed-16f1-6e2999f20cbc","tintindex":0},"south":{"uv":[15.5,15.125,15.625,15.25],"rotation":0,"texture":"#5554acde-b8d3-96ed-16f1-6e2999f20cbc","tintindex":0},"up":{"uv":[15.625,15.5,15.5,15.375],"rotation":0,"texture":"#5554acde-b8d3-96ed-16f1-6e2999f20cbc","tintindex":0},"west":{"uv":[15.5,15.25,15.625,15.375],"rotation":0,"texture":"#5554acde-b8d3-96ed-16f1-6e2999f20cbc","tintindex":0}}},{"name":"cube","from":[7.346234,4.976996,6.820862],"to":[8.045114,6.128996,7.7962217],"rotation":{"angle":0.0,"axis":"x","origin":[27.943996,-11.565724,8.598782]},"faces":{"down":{"uv":[1.75,15.25,1.875,15.5],"rotation":0,"texture":"#5554acde-b8d3-96ed-16f1-6e2999f20cbc","tintindex":0},"east":{"uv":[14.625,10.125,14.875,10.375],"rotation":0,"texture":"#5554acde-b8d3-96ed-16f1-6e2999f20cbc","tintindex":0},"north":{"uv":[1.25,15.25,1.375,15.5],"rotation":0,"texture":"#5554acde-b8d3-96ed-16f1-6e2999f20cbc","tintindex":0},"south":{"uv":[15.25,1.375,15.375,1.625],"rotation":0,"texture":"#5554acde-b8d3-96ed-16f1-6e2999f20cbc","tintindex":0},"up":{"uv":[15.375,1.875,15.25,1.625],"rotation":0,"texture":"#5554acde-b8d3-96ed-16f1-6e2999f20cbc","tintindex":0},"west":{"uv":[14.625,11.125,14.875,11.375],"rotation":0,"texture":"#5554acde-b8d3-96ed-16f1-6e2999f20cbc","tintindex":0}}},{"name":"cube","from":[8.565506,4.2162786,8.118782],"to":[9.302786,4.8690796,8.879102],"rotation":{"angle":0.0,"axis":"x","origin":[17.128704,-5.9520426,7.0243816]},"faces":{"down":{"uv":[13.625,15.5,13.75,15.625],"rotation":0,"texture":"#5554acde-b8d3-96ed-16f1-6e2999f20cbc","tintindex":0},"east":{"uv":[13.375,15.5,13.5,15.625],"rotation":0,"texture":"#5554acde-b8d3-96ed-16f1-6e2999f20cbc","tintindex":0},"north":{"uv":[15.5,13.25,15.625,13.375],"rotation":0,"texture":"#5554acde-b8d3-96ed-16f1-6e2999f20cbc","tintindex":0},"south":{"uv":[15.5,13.375,15.625,13.5],"rotation":0,"texture":"#5554acde-b8d3-96ed-16f1-6e2999f20cbc","tintindex":0},"up":{"uv":[15.625,13.625,15.5,13.5],"rotation":0,"texture":"#5554acde-b8d3-96ed-16f1-6e2999f20cbc","tintindex":0},"west":{"uv":[13.5,15.5,13.625,15.625],"rotation":0,"texture":"#5554acde-b8d3-96ed-16f1-6e2999f20cbc","tintindex":0}}},{"name":"cube","from":[4.768498,-0.42273855,8.134142],"to":[5.459698,0.25310135,8.863742],"rotation":{"angle":-22.5,"axis":"z","origin":[18.684658,-5.952338,7.0243816]},"faces":{"down":{"uv":[15.5,14.25,15.625,14.375],"rotation":0,"texture":"#5554acde-b8d3-96ed-16f1-6e2999f20cbc","tintindex":0},"east":{"uv":[15.5,13.75,15.625,13.875],"rotation":0,"texture":"#5554acde-b8d3-96ed-16f1-6e2999f20cbc","tintindex":0},"north":{"uv":[13.75,15.5,13.875,15.625],"rotation":0,"texture":"#5554acde-b8d3-96ed-16f1-6e2999f20cbc","tintindex":0},"south":{"uv":[15.5,13.875,15.625,14.0],"rotation":0,"texture":"#5554acde-b8d3-96ed-16f1-6e2999f20cbc","tintindex":0},"up":{"uv":[14.375,15.625,14.25,15.5],"rotation":0,"texture":"#5554acde-b8d3-96ed-16f1-6e2999f20cbc","tintindex":0},"west":{"uv":[15.5,14.125,15.625,14.25],"rotation":0,"texture":"#5554acde-b8d3-96ed-16f1-6e2999f20cbc","tintindex":0}}},{"name":"cube","from":[2.3540428,-9.121827,8.072702],"to":[3.1374023,-8.422948,8.925182],"rotation":{"angle":-45.0,"axis":"z","origin":[21.891964,-8.1080675,7.0243816]},"faces":{"down":{"uv":[15.625,0.5,15.75,0.625],"rotation":0,"texture":"#5554acde-b8d3-96ed-16f1-6e2999f20cbc","tintindex":0},"east":{"uv":[15.625,0.125,15.75,0.25],"rotation":0,"texture":"#5554acde-b8d3-96ed-16f1-6e2999f20cbc","tintindex":0},"north":{"uv":[15.625,0.0,15.75,0.125],"rotation":0,"texture":"#5554acde-b8d3-96ed-16f1-6e2999f20cbc","tintindex":0},"south":{"uv":[15.625,0.25,15.75,0.375],"rotation":0,"texture":"#5554acde-b8d3-96ed-16f1-6e2999f20cbc","tintindex":0},"up":{"uv":[15.75,0.5,15.625,0.375],"rotation":0,"texture":"#5554acde-b8d3-96ed-16f1-6e2999f20cbc","tintindex":0},"west":{"uv":[0.375,15.625,0.5,15.75],"rotation":0,"texture":"#5554acde-b8d3-96ed-16f1-6e2999f20cbc","tintindex":0}}},{"name":"cube","from":[7.323194,4.976996,8.011262],"to":[8.022074,6.128996,8.986622],"rotation":{"angle":0.0,"axis":"x","origin":[27.943996,-11.565724,7.0243816]},"faces":{"down":{"uv":[15.25,2.625,15.375,2.875],"rotation":0,"texture":"#5554acde-b8d3-96ed-16f1-6e2999f20cbc","tintindex":0},"east":{"uv":[13.25,14.625,13.5,14.875],"rotation":0,"texture":"#5554acde-b8d3-96ed-16f1-6e2999f20cbc","tintindex":0},"north":{"uv":[1.875,15.25,2.0,15.5],"rotation":0,"texture":"#5554acde-b8d3-96ed-16f1-6e2999f20cbc","tintindex":0},"south":{"uv":[15.25,2.0,15.375,2.25],"rotation":0,"texture":"#5554acde-b8d3-96ed-16f1-6e2999f20cbc","tintindex":0},"up":{"uv":[15.375,2.625,15.25,2.375],"rotation":0,"texture":"#5554acde-b8d3-96ed-16f1-6e2999f20cbc","tintindex":0},"west":{"uv":[14.25,14.625,14.5,14.875],"rotation":0,"texture":"#5554acde-b8d3-96ed-16f1-6e2999f20cbc","tintindex":0}}}],"display":{"head":{"translation":[0.0,-6.4,0.0],"rotation":[0.0,0.0,0.0],"scale":[3.8095,3.8095,3.8095]},"gui":{"translation":[0.0,0.0,0.0],"rotation":[35.0,225.0,0.0],"scale":[0.625,0.625,0.625]}}}