{"file_name":"head","texture_size":[128,128],"textures":{"5554acde-b8d3-96ed-16f1-6e2999f20cbc":"modelengine:entity/darktang"},"elements":[{"name":"cubo","from":[5.373746,10.182938,6.993635],"to":[6.5142255,10.828538,7.6848354],"rotation":{"angle":0.0,"axis":"x","origin":[1.9523053,8.109339,2.500835]},"faces":{"down":{"uv":[15.25,10.5,15.5,10.625],"rotation":0,"texture":"#5554acde-b8d3-96ed-16f1-6e2999f20cbc","tintindex":0},"east":{"uv":[15.625,1.25,15.75,1.375],"rotation":0,"texture":"#5554acde-b8d3-96ed-16f1-6e2999f20cbc","tintindex":0},"north":{"uv":[15.25,10.0,15.5,10.125],"rotation":0,"texture":"#5554acde-b8d3-96ed-16f1-6e2999f20cbc","tintindex":0},"south":{"uv":[15.25,10.125,15.5,10.25],"rotation":0,"texture":"#5554acde-b8d3-96ed-16f1-6e2999f20cbc","tintindex":0},"up":{"uv":[15.5,10.375,15.25,10.25],"rotation":0,"texture":"#5554acde-b8d3-96ed-16f1-6e2999f20cbc","tintindex":0},"west":{"uv":[15.625,1.375,15.75,1.5],"rotation":0,"texture":"#5554acde-b8d3-96ed-16f1-6e2999f20cbc","tintindex":0}}},{"name":"cubo","from":[5.373746,9.8373375,7.6848354],"to":[5.7539053,11.565338,10.104035],"rotation":{"angle":0.0,"axis":"x","origin":[1.9523053,8.109339,2.500835]},"faces":{"down":{"uv":[2.625,14.875,2.75,15.375],"rotation":0,"texture":"#5554acde-b8d3-96ed-16f1-6e2999f20cbc","tintindex":0},"east":{"uv":[13.25,12.0,13.75,12.375],"rotation":0,"texture":"#5554acde-b8d3-96ed-16f1-6e2999f20cbc","tintindex":0},"north":{"uv":[10.0,15.0,10.125,15.375],"rotation":0,"texture":"#5554acde-b8d3-96ed-16f1-6e2999f20cbc","tintindex":0},"south":{"uv":[10.125,15.0,10.25,15.375],"rotation":0,"texture":"#5554acde-b8d3-96ed-16f1-6e2999f20cbc","tintindex":0},"up":{"uv":[0.5,15.375,0.375,14.875],"rotation":0,"texture":"#5554acde-b8d3-96ed-16f1-6e2999f20cbc","tintindex":0},"west":{"uv":[13.375,0.5,13.875,0.875],"rotation":0,"texture":"#5554acde-b8d3-96ed-16f1-6e2999f20cbc","tintindex":0}}},{"name":"cubo","from":[5.7539053,8.454937,10.104035],"to":[6.1340656,12.947739,11.140836],"rotation":{"angle":0.0,"axis":"x","origin":[1.9523053,8.109339,2.500835]},"faces":{"down":{"uv":[15.25,11.125,15.375,11.375],"rotation":0,"texture":"#5554acde-b8d3-96ed-16f1-6e2999f20cbc","tintindex":0},"east":{"uv":[13.25,3.625,13.5,4.5],"rotation":0,"texture":"#5554acde-b8d3-96ed-16f1-6e2999f20cbc","tintindex":0},"north":{"uv":[9.625,14.0,9.75,14.875],"rotation":0,"texture":"#5554acde-b8d3-96ed-16f1-6e2999f20cbc","tintindex":0},"south":{"uv":[10.5,14.0,10.625,14.875],"rotation":0,"texture":"#5554acde-b8d3-96ed-16f1-6e2999f20cbc","tintindex":0},"up":{"uv":[15.375,10.875,15.25,10.625],"rotation":0,"texture":"#5554acde-b8d3-96ed-16f1-6e2999f20cbc","tintindex":0},"west":{"uv":[4.25,13.25,4.5,14.125],"rotation":0,"texture":"#5554acde-b8d3-96ed-16f1-6e2999f20cbc","tintindex":0}}},{"name":"cubo","from":[5.7539053,8.800537,9.067236],"to":[6.1340656,9.491737,9.412836],"rotation":{"angle":0.0,"axis":"x","origin":[1.9523053,8.109339,2.500835]},"faces":{"down":{"uv":[15.625,1.875,15.75,2.0],"rotation":0,"texture":"#5554acde-b8d3-96ed-16f1-6e2999f20cbc","tintindex":0},"east":{"uv":[15.625,1.5,15.75,1.625],"rotation":0,"texture":"#5554acde-b8d3-96ed-16f1-6e2999f20cbc","tintindex":0},"north":{"uv":[1.5,15.625,1.625,15.75],"rotation":0,"texture":"#5554acde-b8d3-96ed-16f1-6e2999f20cbc","tintindex":0},"south":{"uv":[1.625,15.625,1.75,15.75],"rotation":0,"texture":"#5554acde-b8d3-96ed-16f1-6e2999f20cbc","tintindex":0},"up":{"uv":[2.0,15.75,1.875,15.625],"rotation":0,"texture":"#5554acde-b8d3-96ed-16f1-6e2999f20cbc","tintindex":0},"west":{"uv":[15.625,1.75,15.75,1.875],"rotation":0,"texture":"#5554acde-b8d3-96ed-16f1-6e2999f20cbc","tintindex":0}}},{"name":"cubo","from":[5.7539053,9.491737,8.030436],"to":[6.1340656,9.8373375,9.412836],"rotation":{"angle":0.0,"axis":"x","origin":[1.9523053,8.109339,2.500835]},"faces":{"down":{"uv":[11.75,15.25,11.875,15.5],"rotation":0,"texture":"#5554acde-b8d3-96ed-16f1-6e2999f20cbc","tintindex":0},"east":{"uv":[11.25,15.25,11.5,15.375],"rotation":0,"texture":"#5554acde-b8d3-96ed-16f1-6e2999f20cbc","tintindex":0},"north":{"uv":[2.0,15.625,2.125,15.75],"rotation":0,"texture":"#5554acde-b8d3-96ed-16f1-6e2999f20cbc","tintindex":0},"south":{"uv":[15.625,2.125,15.75,2.25],"rotation":0,"texture":"#5554acde-b8d3-96ed-16f1-6e2999f20cbc","tintindex":0},"up":{"uv":[11.75,15.5,11.625,15.25],"rotation":0,"texture":"#5554acde-b8d3-96ed-16f1-6e2999f20cbc","tintindex":0},"west":{"uv":[15.25,11.375,15.5,11.5],"rotation":0,"texture":"#5554acde-b8d3-96ed-16f1-6e2999f20cbc","tintindex":0}}},{"name":"cubo","from":[5.7539053,10.182938,5.6112356],"to":[6.1340656,10.528538,5.9568353],"rotation":{"angle":0.0,"axis":"x","origin":[1.9523053,8.109339,2.500835]},"faces":{"down":{"uv":[15.625,2.75,15.75,2.875],"rotation":0,"texture":"#5554acde-b8d3-96ed-16f1-6e2999f20cbc","tintindex":0},"east":{"uv":[15.625,2.25,15.75,2.375],"rotation":0,"texture":"#5554acde-b8d3-96ed-16f1-6e2999f20cbc","tintindex":0},"north":{"uv":[2.25,15.625,2.375,15.75],"rotation":0,"texture":"#5554acde-b8d3-96ed-16f1-6e2999f20cbc","tintindex":0},"south":{"uv":[2.375,15.625,2.5,15.75],"rotation":0,"texture":"#5554acde-b8d3-96ed-16f1-6e2999f20cbc","tintindex":0},"up":{"uv":[2.875,15.75,2.75,15.625],"rotation":0,"texture":"#5554acde-b8d3-96ed-16f1-6e2999f20cbc","tintindex":0},"west":{"uv":[2.625,15.625,2.75,15.75],"rotation":0,"texture":"#5554acde-b8d3-96ed-16f1-6e2999f20cbc","tintindex":0}}},{"name":"cubo","from":[5.7539053,9.8373375,5.9568353],"to":[6.1340656,10.528538,6.3024354],"rotation":{"angle":0.0,"axis":"x","origin":[1.9523053,8.109339,2.500835]},"faces":{"down":{"uv":[15.625,3.5,15.75,3.625],"rotation":0,"texture":"#5554acde-b8d3-96ed-16f1-6e2999f20cbc","tintindex":0},"east":{"uv":[15.625,3.0,15.75,3.125],"rotation":0,"texture":"#5554acde-b8d3-96ed-16f1-6e2999f20cbc","tintindex":0},"north":{"uv":[2.875,15.625,3.0,15.75],"rotation":0,"texture":"#5554acde-b8d3-96ed-16f1-6e2999f20cbc","tintindex":0},"south":{"uv":[15.625,3.125,15.75,3.25],"rotation":0,"texture":"#5554acde-b8d3-96ed-16f1-6e2999f20cbc","tintindex":0},"up":{"uv":[15.75,3.5,15.625,3.375],"rotation":0,"texture":"#5554acde-b8d3-96ed-16f1-6e2999f20cbc","tintindex":0},"west":{"uv":[15.625,3.25,15.75,3.375],"rotation":0,"texture":"#5554acde-b8d3-96ed-16f1-6e2999f20cbc","tintindex":0}}},{"name":"cubo","from":[5.7539053,10.528538,5.6112356],"to":[6.1340656,10.874138,7.6980352],"rotation":{"angle":0.0,"axis":"x","origin":[1.9523053,8.109339,2.500835]},"faces":{"down":{"uv":[15.0,10.5,15.125,10.875],"rotation":0,"texture":"#5554acde-b8d3-96ed-16f1-6e2999f20cbc","tintindex":0},"east":{"uv":[15.0,9.375,15.375,9.5],"rotation":0,"texture":"#5554acde-b8d3-96ed-16f1-6e2999f20cbc","tintindex":0},"north":{"uv":[15.625,3.625,15.75,3.75],"rotation":0,"texture":"#5554acde-b8d3-96ed-16f1-6e2999f20cbc","tintindex":0},"south":{"uv":[15.625,3.75,15.75,3.875],"rotation":0,"texture":"#5554acde-b8d3-96ed-16f1-6e2999f20cbc","tintindex":0},"up":{"uv":[10.375,15.375,10.25,15.0],"rotation":0,"texture":"#5554acde-b8d3-96ed-16f1-6e2999f20cbc","tintindex":0},"west":{"uv":[15.0,10.375,15.375,10.5],"rotation":0,"texture":"#5554acde-b8d3-96ed-16f1-6e2999f20cbc","tintindex":0}}},{"name":"cubo","from":[5.373746,10.874138,6.993635],"to":[6.1340656,11.565338,7.6392355],"rotation":{"angle":0.0,"axis":"x","origin":[1.9523053,8.109339,2.500835]},"faces":{"down":{"uv":[4.375,15.625,4.5,15.75],"rotation":0,"texture":"#5554acde-b8d3-96ed-16f1-6e2999f20cbc","tintindex":0},"east":{"uv":[4.125,15.625,4.25,15.75],"rotation":0,"texture":"#5554acde-b8d3-96ed-16f1-6e2999f20cbc","tintindex":0},"north":{"uv":[4.0,15.625,4.125,15.75],"rotation":0,"texture":"#5554acde-b8d3-96ed-16f1-6e2999f20cbc","tintindex":0},"south":{"uv":[15.625,4.125,15.75,4.25],"rotation":0,"texture":"#5554acde-b8d3-96ed-16f1-6e2999f20cbc","tintindex":0},"up":{"uv":[15.75,4.375,15.625,4.25],"rotation":0,"texture":"#5554acde-b8d3-96ed-16f1-6e2999f20cbc","tintindex":0},"west":{"uv":[4.25,15.625,4.375,15.75],"rotation":0,"texture":"#5554acde-b8d3-96ed-16f1-6e2999f20cbc","tintindex":0}}},{"name":"cubo","from":[5.7539053,12.256538,5.6112356],"to":[6.1340656,13.247739,6.3024354],"rotation":{"angle":0.0,"axis":"x","origin":[1.9523053,8.109339,2.500835]},"faces":{"down":{"uv":[15.625,4.5,15.75,4.625],"rotation":0,"texture":"#5554acde-b8d3-96ed-16f1-6e2999f20cbc","tintindex":0},"east":{"uv":[12.0,15.25,12.125,15.5],"rotation":0,"texture":"#5554acde-b8d3-96ed-16f1-6e2999f20cbc","tintindex":0},"north":{"uv":[11.875,15.25,12.0,15.5],"rotation":0,"texture":"#5554acde-b8d3-96ed-16f1-6e2999f20cbc","tintindex":0},"south":{"uv":[12.125,15.25,12.25,15.5],"rotation":0,"texture":"#5554acde-b8d3-96ed-16f1-6e2999f20cbc","tintindex":0},"up":{"uv":[4.625,15.75,4.5,15.625],"rotation":0,"texture":"#5554acde-b8d3-96ed-16f1-6e2999f20cbc","tintindex":0},"west":{"uv":[12.25,15.25,12.375,15.5],"rotation":0,"texture":"#5554acde-b8d3-96ed-16f1-6e2999f20cbc","tintindex":0}}},{"name":"cubo","from":[5.7539053,12.947739,10.104035],"to":[6.1340656,13.293339,10.795236],"rotation":{"angle":0.0,"axis":"x","origin":[1.9523053,8.109339,2.500835]},"faces":{"down":{"uv":[5.375,15.625,5.5,15.75],"rotation":0,"texture":"#5554acde-b8d3-96ed-16f1-6e2999f20cbc","tintindex":0},"east":{"uv":[15.625,4.75,15.75,4.875],"rotation":0,"texture":"#5554acde-b8d3-96ed-16f1-6e2999f20cbc","tintindex":0},"north":{"uv":[15.625,4.625,15.75,4.75],"rotation":0,"texture":"#5554acde-b8d3-96ed-16f1-6e2999f20cbc","tintindex":0},"south":{"uv":[4.875,15.625,5.0,15.75],"rotation":0,"texture":"#5554acde-b8d3-96ed-16f1-6e2999f20cbc","tintindex":0},"up":{"uv":[5.375,15.75,5.25,15.625],"rotation":0,"texture":"#5554acde-b8d3-96ed-16f1-6e2999f20cbc","tintindex":0},"west":{"uv":[5.125,15.625,5.25,15.75],"rotation":0,"texture":"#5554acde-b8d3-96ed-16f1-6e2999f20cbc","tintindex":0}}},{"name":"cubo","from":[5.7539053,8.454937,9.412836],"to":[6.1340656,13.638939,10.104035],"rotation":{"angle":0.0,"axis":"x","origin":[1.9523053,8.109339,2.500835]},"faces":{"down":{"uv":[5.5,15.625,5.625,15.75],"rotation":0,"texture":"#5554acde-b8d3-96ed-16f1-6e2999f20cbc","tintindex":0},"east":{"uv":[13.375,13.5,13.5,14.625],"rotation":0,"texture":"#5554acde-b8d3-96ed-16f1-6e2999f20cbc","tintindex":0},"north":{"uv":[13.25,13.5,13.375,14.625],"rotation":0,"texture":"#5554acde-b8d3-96ed-16f1-6e2999f20cbc","tintindex":0},"south":{"uv":[4.0,13.625,4.125,14.75],"rotation":0,"texture":"#5554acde-b8d3-96ed-16f1-6e2999f20cbc","tintindex":0},"up":{"uv":[15.75,5.5,15.625,5.375],"rotation":0,"texture":"#5554acde-b8d3-96ed-16f1-6e2999f20cbc","tintindex":0},"west":{"uv":[4.125,13.625,4.25,14.75],"rotation":0,"texture":"#5554acde-b8d3-96ed-16f1-6e2999f20cbc","tintindex":0}}},{"name":"cubo","from":[5.7539053,12.256538,6.3024354],"to":[6.1340656,13.984539,6.648035],"rotation":{"angle":0.0,"axis":"x","origin":[1.9523053,8.109339,2.500835]},"faces":{"down":{"uv":[5.875,15.625,6.0,15.75],"rotation":0,"texture":"#5554acde-b8d3-96ed-16f1-6e2999f20cbc","tintindex":0},"east":{"uv":[13.0,15.0,13.125,15.375],"rotation":0,"texture":"#5554acde-b8d3-96ed-16f1-6e2999f20cbc","tintindex":0},"north":{"uv":[15.0,12.25,15.125,12.625],"rotation":0,"texture":"#5554acde-b8d3-96ed-16f1-6e2999f20cbc","tintindex":0},"south":{"uv":[13.125,15.0,13.25,15.375],"rotation":0,"texture":"#5554acde-b8d3-96ed-16f1-6e2999f20cbc","tintindex":0},"up":{"uv":[15.75,5.625,15.625,5.5],"rotation":0,"texture":"#5554acde-b8d3-96ed-16f1-6e2999f20cbc","tintindex":0},"west":{"uv":[15.0,13.125,15.125,13.5],"rotation":0,"texture":"#5554acde-b8d3-96ed-16f1-6e2999f20cbc","tintindex":0}}},{"name":"cubo","from":[5.7539053,11.565338,7.3392353],"to":[6.1340656,13.984539,7.6848354],"rotation":{"angle":0.0,"axis":"x","origin":[1.9523053,8.109339,2.500835]},"faces":{"down":{"uv":[6.0,15.625,6.125,15.75],"rotation":0,"texture":"#5554acde-b8d3-96ed-16f1-6e2999f20cbc","tintindex":0},"east":{"uv":[4.75,14.875,4.875,15.375],"rotation":0,"texture":"#5554acde-b8d3-96ed-16f1-6e2999f20cbc","tintindex":0},"north":{"uv":[14.875,4.625,15.0,5.125],"rotation":0,"texture":"#5554acde-b8d3-96ed-16f1-6e2999f20cbc","tintindex":0},"south":{"uv":[4.875,14.875,5.0,15.375],"rotation":0,"texture":"#5554acde-b8d3-96ed-16f1-6e2999f20cbc","tintindex":0},"up":{"uv":[15.75,6.0,15.625,5.875],"rotation":0,"texture":"#5554acde-b8d3-96ed-16f1-6e2999f20cbc","tintindex":0},"west":{"uv":[5.125,14.875,5.25,15.375],"rotation":0,"texture":"#5554acde-b8d3-96ed-16f1-6e2999f20cbc","tintindex":0}}},{"name":"cubo","from":[5.7539053,9.8373375,7.6848354],"to":[6.1340656,13.984539,9.412836],"rotation":{"angle":0.0,"axis":"x","origin":[1.9523053,8.109339,2.500835]},"faces":{"down":{"uv":[15.0,13.5,15.125,13.875],"rotation":0,"texture":"#5554acde-b8d3-96ed-16f1-6e2999f20cbc","tintindex":0},"east":{"uv":[8.625,11.75,9.0,12.625],"rotation":0,"texture":"#5554acde-b8d3-96ed-16f1-6e2999f20cbc","tintindex":0},"north":{"uv":[10.625,14.0,10.75,14.875],"rotation":0,"texture":"#5554acde-b8d3-96ed-16f1-6e2999f20cbc","tintindex":0},"south":{"uv":[10.75,14.0,10.875,14.875],"rotation":0,"texture":"#5554acde-b8d3-96ed-16f1-6e2999f20cbc","tintindex":0},"up":{"uv":[13.625,15.375,13.5,15.0],"rotation":0,"texture":"#5554acde-b8d3-96ed-16f1-6e2999f20cbc","tintindex":0},"west":{"uv":[9.0,11.75,9.375,12.625],"rotation":0,"texture":"#5554acde-b8d3-96ed-16f1-6e2999f20cbc","tintindex":0}}},{"name":"cubo","from":[6.1340656,8.800537,11.140836],"to":[6.8943853,9.146137,11.486436],"rotation":{"angle":0.0,"axis":"x","origin":[1.9523053,8.109339,2.500835]},"faces":{"down":{"uv":[7.875,15.875,8.0,16.0],"rotation":0,"texture":"#5554acde-b8d3-96ed-16f1-6e2999f20cbc","tintindex":0},"east":{"uv":[7.625,15.875,7.75,16.0],"rotation":0,"texture":"#5554acde-b8d3-96ed-16f1-6e2999f20cbc","tintindex":0},"north":{"uv":[15.875,7.5,16.0,7.625],"rotation":0,"texture":"#5554acde-b8d3-96ed-16f1-6e2999f20cbc","tintindex":0},"south":{"uv":[15.875,7.625,16.0,7.75],"rotation":0,"texture":"#5554acde-b8d3-96ed-16f1-6e2999f20cbc","tintindex":0},"up":{"uv":[16.0,7.875,15.875,7.75],"rotation":0,"texture":"#5554acde-b8d3-96ed-16f1-6e2999f20cbc","tintindex":0},"west":{"uv":[7.75,15.875,7.875,16.0],"rotation":0,"texture":"#5554acde-b8d3-96ed-16f1-6e2999f20cbc","tintindex":0}}},{"name":"cubo","from":[6.1340656,9.146137,11.140836],"to":[7.2745457,10.182938,11.486436],"rotation":{"angle":0.0,"axis":"x","origin":[1.9523053,8.109339,2.500835]},"faces":{"down":{"uv":[15.25,13.25,15.5,13.375],"rotation":0,"texture":"#5554acde-b8d3-96ed-16f1-6e2999f20cbc","tintindex":0},"east":{"uv":[15.25,12.75,15.375,13.0],"rotation":0,"texture":"#5554acde-b8d3-96ed-16f1-6e2999f20cbc","tintindex":0},"north":{"uv":[14.875,5.5,15.125,5.75],"rotation":0,"texture":"#5554acde-b8d3-96ed-16f1-6e2999f20cbc","tintindex":0},"south":{"uv":[14.875,5.75,15.125,6.0],"rotation":0,"texture":"#5554acde-b8d3-96ed-16f1-6e2999f20cbc","tintindex":0},"up":{"uv":[15.5,12.0,15.25,11.875],"rotation":0,"texture":"#5554acde-b8d3-96ed-16f1-6e2999f20cbc","tintindex":0},"west":{"uv":[15.25,13.0,15.375,13.25],"rotation":0,"texture":"#5554acde-b8d3-96ed-16f1-6e2999f20cbc","tintindex":0}}},{"name":"cubo","from":[5.7539053,9.491737,6.2424355],"to":[6.5142255,9.8373375,7.3392353],"rotation":{"angle":0.0,"axis":"x","origin":[1.9523053,8.109339,2.500835]},"faces":{"down":{"uv":[15.25,13.875,15.375,14.125],"rotation":0,"texture":"#5554acde-b8d3-96ed-16f1-6e2999f20cbc","tintindex":0},"east":{"uv":[15.25,13.375,15.5,13.5],"rotation":0,"texture":"#5554acde-b8d3-96ed-16f1-6e2999f20cbc","tintindex":0},"north":{"uv":[15.625,6.0,15.75,6.125],"rotation":0,"texture":"#5554acde-b8d3-96ed-16f1-6e2999f20cbc","tintindex":0},"south":{"uv":[6.125,15.625,6.25,15.75],"rotation":0,"texture":"#5554acde-b8d3-96ed-16f1-6e2999f20cbc","tintindex":0},"up":{"uv":[15.375,13.875,15.25,13.625],"rotation":0,"texture":"#5554acde-b8d3-96ed-16f1-6e2999f20cbc","tintindex":0},"west":{"uv":[15.25,13.5,15.5,13.625],"rotation":0,"texture":"#5554acde-b8d3-96ed-16f1-6e2999f20cbc","tintindex":0}}},{"name":"cubo","from":[5.7539053,9.8373375,6.3024354],"to":[6.5142255,10.182938,7.6848354],"rotation":{"angle":0.0,"axis":"x","origin":[1.9523053,8.109339,2.500835]},"faces":{"down":{"uv":[14.625,15.25,14.75,15.5],"rotation":0,"texture":"#5554acde-b8d3-96ed-16f1-6e2999f20cbc","tintindex":0},"east":{"uv":[15.25,14.125,15.5,14.25],"rotation":0,"texture":"#5554acde-b8d3-96ed-16f1-6e2999f20cbc","tintindex":0},"north":{"uv":[6.25,15.625,6.375,15.75],"rotation":0,"texture":"#5554acde-b8d3-96ed-16f1-6e2999f20cbc","tintindex":0},"south":{"uv":[6.375,15.625,6.5,15.75],"rotation":0,"texture":"#5554acde-b8d3-96ed-16f1-6e2999f20cbc","tintindex":0},"up":{"uv":[14.625,15.5,14.5,15.25],"rotation":0,"texture":"#5554acde-b8d3-96ed-16f1-6e2999f20cbc","tintindex":0},"west":{"uv":[15.25,14.25,15.5,14.375],"rotation":0,"texture":"#5554acde-b8d3-96ed-16f1-6e2999f20cbc","tintindex":0}}},{"name":"cubo","from":[6.1340656,9.8373375,7.6848354],"to":[6.5142255,14.330139,10.4496355],"rotation":{"angle":0.0,"axis":"x","origin":[1.9523053,8.109339,2.500835]},"faces":{"down":{"uv":[5.625,14.5,5.75,15.125],"rotation":0,"texture":"#5554acde-b8d3-96ed-16f1-6e2999f20cbc","tintindex":0},"east":{"uv":[9.375,4.875,10.0,5.75],"rotation":0,"texture":"#5554acde-b8d3-96ed-16f1-6e2999f20cbc","tintindex":0},"north":{"uv":[10.875,14.0,11.0,14.875],"rotation":0,"texture":"#5554acde-b8d3-96ed-16f1-6e2999f20cbc","tintindex":0},"south":{"uv":[11.0,14.0,11.125,14.875],"rotation":0,"texture":"#5554acde-b8d3-96ed-16f1-6e2999f20cbc","tintindex":0},"up":{"uv":[14.625,5.25,14.5,4.625],"rotation":0,"texture":"#5554acde-b8d3-96ed-16f1-6e2999f20cbc","tintindex":0},"west":{"uv":[9.375,6.75,10.0,7.625],"rotation":0,"texture":"#5554acde-b8d3-96ed-16f1-6e2999f20cbc","tintindex":0}}},{"name":"cubo","from":[5.7539053,10.182938,6.3024354],"to":[6.5142255,10.528538,6.993635],"rotation":{"angle":0.0,"axis":"x","origin":[1.9523053,8.109339,2.500835]},"faces":{"down":{"uv":[15.625,7.0,15.75,7.125],"rotation":0,"texture":"#5554acde-b8d3-96ed-16f1-6e2999f20cbc","tintindex":0},"east":{"uv":[6.625,15.625,6.75,15.75],"rotation":0,"texture":"#5554acde-b8d3-96ed-16f1-6e2999f20cbc","tintindex":0},"north":{"uv":[6.5,15.625,6.625,15.75],"rotation":0,"texture":"#5554acde-b8d3-96ed-16f1-6e2999f20cbc","tintindex":0},"south":{"uv":[15.625,6.625,15.75,6.75],"rotation":0,"texture":"#5554acde-b8d3-96ed-16f1-6e2999f20cbc","tintindex":0},"up":{"uv":[15.75,7.0,15.625,6.875],"rotation":0,"texture":"#5554acde-b8d3-96ed-16f1-6e2999f20cbc","tintindex":0},"west":{"uv":[15.625,6.75,15.75,6.875],"rotation":0,"texture":"#5554acde-b8d3-96ed-16f1-6e2999f20cbc","tintindex":0}}},{"name":"cubo","from":[6.1340656,10.528538,6.3024354],"to":[6.5142255,10.874138,6.648035],"rotation":{"angle":0.0,"axis":"x","origin":[1.9523053,8.109339,2.500835]},"faces":{"down":{"uv":[15.625,7.625,15.75,7.75],"rotation":0,"texture":"#5554acde-b8d3-96ed-16f1-6e2999f20cbc","tintindex":0},"east":{"uv":[15.625,7.125,15.75,7.25],"rotation":0,"texture":"#5554acde-b8d3-96ed-16f1-6e2999f20cbc","tintindex":0},"north":{"uv":[7.125,15.625,7.25,15.75],"rotation":0,"texture":"#5554acde-b8d3-96ed-16f1-6e2999f20cbc","tintindex":0},"south":{"uv":[15.625,7.25,15.75,7.375],"rotation":0,"texture":"#5554acde-b8d3-96ed-16f1-6e2999f20cbc","tintindex":0},"up":{"uv":[15.75,7.625,15.625,7.5],"rotation":0,"texture":"#5554acde-b8d3-96ed-16f1-6e2999f20cbc","tintindex":0},"west":{"uv":[15.625,7.375,15.75,7.5],"rotation":0,"texture":"#5554acde-b8d3-96ed-16f1-6e2999f20cbc","tintindex":0}}},{"name":"cubo","from":[6.1340656,11.565338,11.140836],"to":[7.2745457,13.638939,11.486436],"rotation":{"angle":0.0,"axis":"x","origin":[1.9523053,8.109339,2.500835]},"faces":{"down":{"uv":[15.25,15.0,15.5,15.125],"rotation":0,"texture":"#5554acde-b8d3-96ed-16f1-6e2999f20cbc","tintindex":0},"east":{"uv":[13.625,15.0,13.75,15.375],"rotation":0,"texture":"#5554acde-b8d3-96ed-16f1-6e2999f20cbc","tintindex":0},"north":{"uv":[2.375,11.375,2.625,11.75],"rotation":0,"texture":"#5554acde-b8d3-96ed-16f1-6e2999f20cbc","tintindex":0},"south":{"uv":[14.25,2.875,14.5,3.25],"rotation":0,"texture":"#5554acde-b8d3-96ed-16f1-6e2999f20cbc","tintindex":0},"up":{"uv":[15.25,15.375,15.0,15.25],"rotation":0,"texture":"#5554acde-b8d3-96ed-16f1-6e2999f20cbc","tintindex":0},"west":{"uv":[13.75,15.0,13.875,15.375],"rotation":0,"texture":"#5554acde-b8d3-96ed-16f1-6e2999f20cbc","tintindex":0}}},{"name":"cubo","from":[5.7539053,11.910938,5.2656355],"to":[6.5142255,12.6021385,5.6112356],"rotation":{"angle":0.0,"axis":"x","origin":[1.9523053,8.109339,2.500835]},"faces":{"down":{"uv":[15.625,8.0,15.75,8.125],"rotation":0,"texture":"#5554acde-b8d3-96ed-16f1-6e2999f20cbc","tintindex":0},"east":{"uv":[15.625,7.75,15.75,7.875],"rotation":0,"texture":"#5554acde-b8d3-96ed-16f1-6e2999f20cbc","tintindex":0},"north":{"uv":[7.75,15.625,7.875,15.75],"rotation":0,"texture":"#5554acde-b8d3-96ed-16f1-6e2999f20cbc","tintindex":0},"south":{"uv":[7.875,15.625,8.0,15.75],"rotation":0,"texture":"#5554acde-b8d3-96ed-16f1-6e2999f20cbc","tintindex":0},"up":{"uv":[8.125,15.75,8.0,15.625],"rotation":0,"texture":"#5554acde-b8d3-96ed-16f1-6e2999f20cbc","tintindex":0},"west":{"uv":[15.625,7.875,15.75,8.0],"rotation":0,"texture":"#5554acde-b8d3-96ed-16f1-6e2999f20cbc","tintindex":0}}},{"name":"cubo","from":[5.7539053,11.910938,5.6112356],"to":[6.5142255,12.256538,5.9568353],"rotation":{"angle":0.0,"axis":"x","origin":[1.9523053,8.109339,2.500835]},"faces":{"down":{"uv":[8.75,15.625,8.875,15.75],"rotation":0,"texture":"#5554acde-b8d3-96ed-16f1-6e2999f20cbc","tintindex":0},"east":{"uv":[15.625,8.125,15.75,8.25],"rotation":0,"texture":"#5554acde-b8d3-96ed-16f1-6e2999f20cbc","tintindex":0},"north":{"uv":[8.125,15.625,8.25,15.75],"rotation":0,"texture":"#5554acde-b8d3-96ed-16f1-6e2999f20cbc","tintindex":0},"south":{"uv":[8.25,15.625,8.375,15.75],"rotation":0,"texture":"#5554acde-b8d3-96ed-16f1-6e2999f20cbc","tintindex":0},"up":{"uv":[8.75,15.75,8.625,15.625],"rotation":0,"texture":"#5554acde-b8d3-96ed-16f1-6e2999f20cbc","tintindex":0},"west":{"uv":[8.5,15.625,8.625,15.75],"rotation":0,"texture":"#5554acde-b8d3-96ed-16f1-6e2999f20cbc","tintindex":0}}},{"name":"cubo","from":[6.1340656,12.256538,7.3392353],"to":[6.5142255,13.984539,7.6848354],"rotation":{"angle":0.0,"axis":"x","origin":[1.9523053,8.109339,2.500835]},"faces":{"down":{"uv":[15.625,8.875,15.75,9.0],"rotation":0,"texture":"#5554acde-b8d3-96ed-16f1-6e2999f20cbc","tintindex":0},"east":{"uv":[14.0,15.0,14.125,15.375],"rotation":0,"texture":"#5554acde-b8d3-96ed-16f1-6e2999f20cbc","tintindex":0},"north":{"uv":[15.0,13.875,15.125,14.25],"rotation":0,"texture":"#5554acde-b8d3-96ed-16f1-6e2999f20cbc","tintindex":0},"south":{"uv":[15.0,14.5,15.125,14.875],"rotation":0,"texture":"#5554acde-b8d3-96ed-16f1-6e2999f20cbc","tintindex":0},"up":{"uv":[9.0,15.75,8.875,15.625],"rotation":0,"texture":"#5554acde-b8d3-96ed-16f1-6e2999f20cbc","tintindex":0},"west":{"uv":[14.875,15.0,15.0,15.375],"rotation":0,"texture":"#5554acde-b8d3-96ed-16f1-6e2999f20cbc","tintindex":0}}},{"name":"cubo","from":[6.1340656,12.6021385,4.9200354],"to":[6.8943853,13.293339,5.6112356],"rotation":{"angle":0.0,"axis":"x","origin":[1.9523053,8.109339,2.500835]},"faces":{"down":{"uv":[15.625,9.25,15.75,9.375],"rotation":0,"texture":"#5554acde-b8d3-96ed-16f1-6e2999f20cbc","tintindex":0},"east":{"uv":[15.625,9.0,15.75,9.125],"rotation":0,"texture":"#5554acde-b8d3-96ed-16f1-6e2999f20cbc","tintindex":0},"north":{"uv":[9.0,15.625,9.125,15.75],"rotation":0,"texture":"#5554acde-b8d3-96ed-16f1-6e2999f20cbc","tintindex":0},"south":{"uv":[9.125,15.625,9.25,15.75],"rotation":0,"texture":"#5554acde-b8d3-96ed-16f1-6e2999f20cbc","tintindex":0},"up":{"uv":[9.375,15.75,9.25,15.625],"rotation":0,"texture":"#5554acde-b8d3-96ed-16f1-6e2999f20cbc","tintindex":0},"west":{"uv":[15.625,9.125,15.75,9.25],"rotation":0,"texture":"#5554acde-b8d3-96ed-16f1-6e2999f20cbc","tintindex":0}}},{"name":"cubo","from":[6.1340656,12.256538,5.6112356],"to":[6.5142255,13.638939,6.648035],"rotation":{"angle":0.0,"axis":"x","origin":[1.9523053,8.109339,2.500835]},"faces":{"down":{"uv":[0.875,15.375,1.0,15.625],"rotation":0,"texture":"#5554acde-b8d3-96ed-16f1-6e2999f20cbc","tintindex":0},"east":{"uv":[7.25,14.875,7.5,15.125],"rotation":0,"texture":"#5554acde-b8d3-96ed-16f1-6e2999f20cbc","tintindex":0},"north":{"uv":[15.25,15.125,15.375,15.375],"rotation":0,"texture":"#5554acde-b8d3-96ed-16f1-6e2999f20cbc","tintindex":0},"south":{"uv":[0.375,15.375,0.5,15.625],"rotation":0,"texture":"#5554acde-b8d3-96ed-16f1-6e2999f20cbc","tintindex":0},"up":{"uv":[15.5,0.75,15.375,0.5],"rotation":0,"texture":"#5554acde-b8d3-96ed-16f1-6e2999f20cbc","tintindex":0},"west":{"uv":[14.875,7.875,15.125,8.125],"rotation":0,"texture":"#5554acde-b8d3-96ed-16f1-6e2999f20cbc","tintindex":0}}},{"name":"cubo","from":[6.1340656,8.800537,10.4496355],"to":[6.5142255,13.984539,11.140836],"rotation":{"angle":0.0,"axis":"x","origin":[1.9523053,8.109339,2.500835]},"faces":{"down":{"uv":[9.5,15.625,9.625,15.75],"rotation":0,"texture":"#5554acde-b8d3-96ed-16f1-6e2999f20cbc","tintindex":0},"east":{"uv":[4.625,13.625,4.75,14.75],"rotation":0,"texture":"#5554acde-b8d3-96ed-16f1-6e2999f20cbc","tintindex":0},"north":{"uv":[4.5,13.625,4.625,14.75],"rotation":0,"texture":"#5554acde-b8d3-96ed-16f1-6e2999f20cbc","tintindex":0},"south":{"uv":[6.0,13.625,6.125,14.75],"rotation":0,"texture":"#5554acde-b8d3-96ed-16f1-6e2999f20cbc","tintindex":0},"up":{"uv":[15.75,9.5,15.625,9.375],"rotation":0,"texture":"#5554acde-b8d3-96ed-16f1-6e2999f20cbc","tintindex":0},"west":{"uv":[7.5,13.625,7.625,14.75],"rotation":0,"texture":"#5554acde-b8d3-96ed-16f1-6e2999f20cbc","tintindex":0}}},{"name":"cubo","from":[6.5142255,9.191737,5.6112356],"to":[6.8943853,9.8373375,6.3168354],"rotation":{"angle":0.0,"axis":"x","origin":[1.9523053,8.109339,2.500835]},"faces":{"down":{"uv":[9.875,15.625,10.0,15.75],"rotation":0,"texture":"#5554acde-b8d3-96ed-16f1-6e2999f20cbc","tintindex":0},"east":{"uv":[9.625,15.625,9.75,15.75],"rotation":0,"texture":"#5554acde-b8d3-96ed-16f1-6e2999f20cbc","tintindex":0},"north":{"uv":[15.625,9.5,15.75,9.625],"rotation":0,"texture":"#5554acde-b8d3-96ed-16f1-6e2999f20cbc","tintindex":0},"south":{"uv":[15.625,9.625,15.75,9.75],"rotation":0,"texture":"#5554acde-b8d3-96ed-16f1-6e2999f20cbc","tintindex":0},"up":{"uv":[15.75,9.875,15.625,9.75],"rotation":0,"texture":"#5554acde-b8d3-96ed-16f1-6e2999f20cbc","tintindex":0},"west":{"uv":[9.75,15.625,9.875,15.75],"rotation":0,"texture":"#5554acde-b8d3-96ed-16f1-6e2999f20cbc","tintindex":0}}},{"name":"cubo","from":[6.1340656,9.8373375,5.2656355],"to":[6.8943853,10.528538,6.3024354],"rotation":{"angle":0.0,"axis":"x","origin":[1.9523053,8.109339,2.500835]},"faces":{"down":{"uv":[15.375,1.125,15.5,1.375],"rotation":0,"texture":"#5554acde-b8d3-96ed-16f1-6e2999f20cbc","tintindex":0},"east":{"uv":[15.375,0.875,15.625,1.0],"rotation":0,"texture":"#5554acde-b8d3-96ed-16f1-6e2999f20cbc","tintindex":0},"north":{"uv":[15.625,9.875,15.75,10.0],"rotation":0,"texture":"#5554acde-b8d3-96ed-16f1-6e2999f20cbc","tintindex":0},"south":{"uv":[10.0,15.625,10.125,15.75],"rotation":0,"texture":"#5554acde-b8d3-96ed-16f1-6e2999f20cbc","tintindex":0},"up":{"uv":[1.125,15.625,1.0,15.375],"rotation":0,"texture":"#5554acde-b8d3-96ed-16f1-6e2999f20cbc","tintindex":0},"west":{"uv":[15.375,1.0,15.625,1.125],"rotation":0,"texture":"#5554acde-b8d3-96ed-16f1-6e2999f20cbc","tintindex":0}}},{"name":"cubo","from":[6.5142255,10.182938,11.140836],"to":[7.2745457,10.528538,11.486436],"rotation":{"angle":0.0,"axis":"x","origin":[1.9523053,8.109339,2.500835]},"faces":{"down":{"uv":[15.625,10.625,15.75,10.75],"rotation":0,"texture":"#5554acde-b8d3-96ed-16f1-6e2999f20cbc","tintindex":0},"east":{"uv":[15.625,10.125,15.75,10.25],"rotation":0,"texture":"#5554acde-b8d3-96ed-16f1-6e2999f20cbc","tintindex":0},"north":{"uv":[10.125,15.625,10.25,15.75],"rotation":0,"texture":"#5554acde-b8d3-96ed-16f1-6e2999f20cbc","tintindex":0},"south":{"uv":[15.625,10.25,15.75,10.375],"rotation":0,"texture":"#5554acde-b8d3-96ed-16f1-6e2999f20cbc","tintindex":0},"up":{"uv":[15.75,10.625,15.625,10.5],"rotation":0,"texture":"#5554acde-b8d3-96ed-16f1-6e2999f20cbc","tintindex":0},"west":{"uv":[15.625,10.375,15.75,10.5],"rotation":0,"texture":"#5554acde-b8d3-96ed-16f1-6e2999f20cbc","tintindex":0}}},{"name":"cubo","from":[6.5142255,13.638939,5.6112356],"to":[7.2745457,13.984539,6.648035],"rotation":{"angle":0.0,"axis":"x","origin":[1.9523053,8.109339,2.500835]},"faces":{"down":{"uv":[15.375,2.0,15.5,2.25],"rotation":0,"texture":"#5554acde-b8d3-96ed-16f1-6e2999f20cbc","tintindex":0},"east":{"uv":[15.375,1.375,15.625,1.5],"rotation":0,"texture":"#5554acde-b8d3-96ed-16f1-6e2999f20cbc","tintindex":0},"north":{"uv":[10.75,15.625,10.875,15.75],"rotation":0,"texture":"#5554acde-b8d3-96ed-16f1-6e2999f20cbc","tintindex":0},"south":{"uv":[10.875,15.625,11.0,15.75],"rotation":0,"texture":"#5554acde-b8d3-96ed-16f1-6e2999f20cbc","tintindex":0},"up":{"uv":[15.5,1.875,15.375,1.625],"rotation":0,"texture":"#5554acde-b8d3-96ed-16f1-6e2999f20cbc","tintindex":0},"west":{"uv":[15.375,1.5,15.625,1.625],"rotation":0,"texture":"#5554acde-b8d3-96ed-16f1-6e2999f20cbc","tintindex":0}}},{"name":"cubo","from":[5.7539053,12.256538,6.648035],"to":[7.2745457,13.984539,7.3392353],"rotation":{"angle":0.0,"axis":"x","origin":[1.9523053,8.109339,2.500835]},"faces":{"down":{"uv":[15.0,11.0,15.375,11.125],"rotation":0,"texture":"#5554acde-b8d3-96ed-16f1-6e2999f20cbc","tintindex":0},"east":{"uv":[15.0,14.875,15.125,15.25],"rotation":0,"texture":"#5554acde-b8d3-96ed-16f1-6e2999f20cbc","tintindex":0},"north":{"uv":[13.625,9.375,14.0,9.75],"rotation":0,"texture":"#5554acde-b8d3-96ed-16f1-6e2999f20cbc","tintindex":0},"south":{"uv":[13.625,9.75,14.0,10.125],"rotation":0,"texture":"#5554acde-b8d3-96ed-16f1-6e2999f20cbc","tintindex":0},"up":{"uv":[15.375,11.0,15.0,10.875],"rotation":0,"texture":"#5554acde-b8d3-96ed-16f1-6e2999f20cbc","tintindex":0},"west":{"uv":[15.125,0.0,15.25,0.375],"rotation":0,"texture":"#5554acde-b8d3-96ed-16f1-6e2999f20cbc","tintindex":0}}},{"name":"cubo","from":[6.5142255,8.800537,10.795236],"to":[7.2843857,13.984539,11.140836],"rotation":{"angle":0.0,"axis":"x","origin":[1.9523053,8.109339,2.500835]},"faces":{"down":{"uv":[8.0,15.875,8.125,16.0],"rotation":0,"texture":"#5554acde-b8d3-96ed-16f1-6e2999f20cbc","tintindex":0},"east":{"uv":[13.5,13.875,13.625,15.0],"rotation":0,"texture":"#5554acde-b8d3-96ed-16f1-6e2999f20cbc","tintindex":0},"north":{"uv":[13.875,12.375,14.0,13.5],"rotation":0,"texture":"#5554acde-b8d3-96ed-16f1-6e2999f20cbc","tintindex":0},"south":{"uv":[13.875,13.5,14.0,14.625],"rotation":0,"texture":"#5554acde-b8d3-96ed-16f1-6e2999f20cbc","tintindex":0},"up":{"uv":[16.0,8.0,15.875,7.875],"rotation":0,"texture":"#5554acde-b8d3-96ed-16f1-6e2999f20cbc","tintindex":0},"west":{"uv":[13.625,13.875,13.75,15.0],"rotation":0,"texture":"#5554acde-b8d3-96ed-16f1-6e2999f20cbc","tintindex":0}}},{"name":"cubo","from":[6.8943853,8.846137,5.2656355],"to":[7.6495457,10.182938,5.9568353],"rotation":{"angle":0.0,"axis":"x","origin":[1.9523053,8.109339,2.500835]},"faces":{"down":{"uv":[15.625,11.0,15.75,11.125],"rotation":0,"texture":"#5554acde-b8d3-96ed-16f1-6e2999f20cbc","tintindex":0},"east":{"uv":[15.375,2.5,15.5,2.75],"rotation":0,"texture":"#5554acde-b8d3-96ed-16f1-6e2999f20cbc","tintindex":0},"north":{"uv":[15.375,2.25,15.5,2.5],"rotation":0,"texture":"#5554acde-b8d3-96ed-16f1-6e2999f20cbc","tintindex":0},"south":{"uv":[2.625,15.375,2.75,15.625],"rotation":0,"texture":"#5554acde-b8d3-96ed-16f1-6e2999f20cbc","tintindex":0},"up":{"uv":[15.75,11.0,15.625,10.875],"rotation":0,"texture":"#5554acde-b8d3-96ed-16f1-6e2999f20cbc","tintindex":0},"west":{"uv":[15.375,3.125,15.5,3.375],"rotation":0,"texture":"#5554acde-b8d3-96ed-16f1-6e2999f20cbc","tintindex":0}}},{"name":"cubo","from":[6.8943853,12.256538,4.9200354],"to":[7.6547055,12.947739,5.2656355],"rotation":{"angle":0.0,"axis":"x","origin":[1.9523053,8.109339,2.500835]},"faces":{"down":{"uv":[15.625,11.75,15.75,11.875],"rotation":0,"texture":"#5554acde-b8d3-96ed-16f1-6e2999f20cbc","tintindex":0},"east":{"uv":[11.375,15.625,11.5,15.75],"rotation":0,"texture":"#5554acde-b8d3-96ed-16f1-6e2999f20cbc","tintindex":0},"north":{"uv":[11.25,15.625,11.375,15.75],"rotation":0,"texture":"#5554acde-b8d3-96ed-16f1-6e2999f20cbc","tintindex":0},"south":{"uv":[15.625,11.375,15.75,11.5],"rotation":0,"texture":"#5554acde-b8d3-96ed-16f1-6e2999f20cbc","tintindex":0},"up":{"uv":[15.75,11.75,15.625,11.625],"rotation":0,"texture":"#5554acde-b8d3-96ed-16f1-6e2999f20cbc","tintindex":0},"west":{"uv":[15.625,11.5,15.75,11.625],"rotation":0,"texture":"#5554acde-b8d3-96ed-16f1-6e2999f20cbc","tintindex":0}}},{"name":"cubo","from":[6.1340656,13.293339,5.2656355],"to":[7.2745457,13.638939,5.6112356],"rotation":{"angle":0.0,"axis":"x","origin":[1.9523053,8.109339,2.500835]},"faces":{"down":{"uv":[15.375,3.75,15.625,3.875],"rotation":0,"texture":"#5554acde-b8d3-96ed-16f1-6e2999f20cbc","tintindex":0},"east":{"uv":[15.625,11.875,15.75,12.0],"rotation":0,"texture":"#5554acde-b8d3-96ed-16f1-6e2999f20cbc","tintindex":0},"north":{"uv":[15.375,2.75,15.625,2.875],"rotation":0,"texture":"#5554acde-b8d3-96ed-16f1-6e2999f20cbc","tintindex":0},"south":{"uv":[15.375,3.5,15.625,3.625],"rotation":0,"texture":"#5554acde-b8d3-96ed-16f1-6e2999f20cbc","tintindex":0},"up":{"uv":[15.625,3.75,15.375,3.625],"rotation":0,"texture":"#5554acde-b8d3-96ed-16f1-6e2999f20cbc","tintindex":0},"west":{"uv":[15.625,12.0,15.75,12.125],"rotation":0,"texture":"#5554acde-b8d3-96ed-16f1-6e2999f20cbc","tintindex":0}}},{"name":"cubo","from":[6.5142255,13.293339,5.6112356],"to":[7.2745457,13.638939,5.9568353],"rotation":{"angle":0.0,"axis":"x","origin":[1.9523053,8.109339,2.500835]},"faces":{"down":{"uv":[12.625,15.625,12.75,15.75],"rotation":0,"texture":"#5554acde-b8d3-96ed-16f1-6e2999f20cbc","tintindex":0},"east":{"uv":[15.625,12.25,15.75,12.375],"rotation":0,"texture":"#5554acde-b8d3-96ed-16f1-6e2999f20cbc","tintindex":0},"north":{"uv":[15.625,12.125,15.75,12.25],"rotation":0,"texture":"#5554acde-b8d3-96ed-16f1-6e2999f20cbc","tintindex":0},"south":{"uv":[15.625,12.375,15.75,12.5],"rotation":0,"texture":"#5554acde-b8d3-96ed-16f1-6e2999f20cbc","tintindex":0},"up":{"uv":[15.75,12.625,15.625,12.5],"rotation":0,"texture":"#5554acde-b8d3-96ed-16f1-6e2999f20cbc","tintindex":0},"west":{"uv":[12.5,15.625,12.625,15.75],"rotation":0,"texture":"#5554acde-b8d3-96ed-16f1-6e2999f20cbc","tintindex":0}}},{"name":"cubo","from":[6.5142255,12.256538,7.3392353],"to":[7.2745457,14.330139,8.030436],"rotation":{"angle":0.0,"axis":"x","origin":[1.9523053,8.109339,2.500835]},"faces":{"down":{"uv":[12.875,15.625,13.0,15.75],"rotation":0,"texture":"#5554acde-b8d3-96ed-16f1-6e2999f20cbc","tintindex":0},"east":{"uv":[0.75,15.125,0.875,15.5],"rotation":0,"texture":"#5554acde-b8d3-96ed-16f1-6e2999f20cbc","tintindex":0},"north":{"uv":[15.125,0.375,15.25,0.75],"rotation":0,"texture":"#5554acde-b8d3-96ed-16f1-6e2999f20cbc","tintindex":0},"south":{"uv":[15.125,0.75,15.25,1.125],"rotation":0,"texture":"#5554acde-b8d3-96ed-16f1-6e2999f20cbc","tintindex":0},"up":{"uv":[12.875,15.75,12.75,15.625],"rotation":0,"texture":"#5554acde-b8d3-96ed-16f1-6e2999f20cbc","tintindex":0},"west":{"uv":[15.125,1.125,15.25,1.5],"rotation":0,"texture":"#5554acde-b8d3-96ed-16f1-6e2999f20cbc","tintindex":0}}},{"name":"cubo","from":[6.8545456,9.491737,4.9200354],"to":[7.6547055,10.528538,5.2656355],"rotation":{"angle":0.0,"axis":"x","origin":[1.9523053,8.109339,2.500835]},"faces":{"down":{"uv":[13.0,15.625,13.125,15.75],"rotation":0,"texture":"#5554acde-b8d3-96ed-16f1-6e2999f20cbc","tintindex":0},"east":{"uv":[15.375,4.0,15.5,4.25],"rotation":0,"texture":"#5554acde-b8d3-96ed-16f1-6e2999f20cbc","tintindex":0},"north":{"uv":[4.0,15.375,4.125,15.625],"rotation":0,"texture":"#5554acde-b8d3-96ed-16f1-6e2999f20cbc","tintindex":0},"south":{"uv":[4.125,15.375,4.25,15.625],"rotation":0,"texture":"#5554acde-b8d3-96ed-16f1-6e2999f20cbc","tintindex":0},"up":{"uv":[15.75,13.0,15.625,12.875],"rotation":0,"texture":"#5554acde-b8d3-96ed-16f1-6e2999f20cbc","tintindex":0},"west":{"uv":[4.5,15.375,4.625,15.625],"rotation":0,"texture":"#5554acde-b8d3-96ed-16f1-6e2999f20cbc","tintindex":0}}},{"name":"cubo","from":[6.8943853,11.565338,4.574435],"to":[7.6547055,12.256538,5.6112356],"rotation":{"angle":0.0,"axis":"x","origin":[1.9523053,8.109339,2.500835]},"faces":{"down":{"uv":[4.875,15.375,5.0,15.625],"rotation":0,"texture":"#5554acde-b8d3-96ed-16f1-6e2999f20cbc","tintindex":0},"east":{"uv":[15.375,4.5,15.625,4.625],"rotation":0,"texture":"#5554acde-b8d3-96ed-16f1-6e2999f20cbc","tintindex":0},"north":{"uv":[15.625,13.0,15.75,13.125],"rotation":0,"texture":"#5554acde-b8d3-96ed-16f1-6e2999f20cbc","tintindex":0},"south":{"uv":[13.125,15.625,13.25,15.75],"rotation":0,"texture":"#5554acde-b8d3-96ed-16f1-6e2999f20cbc","tintindex":0},"up":{"uv":[15.5,4.875,15.375,4.625],"rotation":0,"texture":"#5554acde-b8d3-96ed-16f1-6e2999f20cbc","tintindex":0},"west":{"uv":[4.625,15.375,4.875,15.5],"rotation":0,"texture":"#5554acde-b8d3-96ed-16f1-6e2999f20cbc","tintindex":0}}},{"name":"cubo","from":[7.2745457,11.910938,5.6112356],"to":[7.6547055,13.293339,5.9568353],"rotation":{"angle":0.0,"axis":"x","origin":[1.9523053,8.109339,2.500835]},"faces":{"down":{"uv":[13.25,15.625,13.375,15.75],"rotation":0,"texture":"#5554acde-b8d3-96ed-16f1-6e2999f20cbc","tintindex":0},"east":{"uv":[5.125,15.375,5.25,15.625],"rotation":0,"texture":"#5554acde-b8d3-96ed-16f1-6e2999f20cbc","tintindex":0},"north":{"uv":[15.375,4.875,15.5,5.125],"rotation":0,"texture":"#5554acde-b8d3-96ed-16f1-6e2999f20cbc","tintindex":0},"south":{"uv":[5.25,15.375,5.375,15.625],"rotation":0,"texture":"#5554acde-b8d3-96ed-16f1-6e2999f20cbc","tintindex":0},"up":{"uv":[15.75,13.25,15.625,13.125],"rotation":0,"texture":"#5554acde-b8d3-96ed-16f1-6e2999f20cbc","tintindex":0},"west":{"uv":[15.375,5.25,15.5,5.5],"rotation":0,"texture":"#5554acde-b8d3-96ed-16f1-6e2999f20cbc","tintindex":0}}},{"name":"cubo","from":[6.8943853,12.256538,5.2656355],"to":[7.6547055,13.293339,5.6112356],"rotation":{"angle":0.0,"axis":"x","origin":[1.9523053,8.109339,2.500835]},"faces":{"down":{"uv":[13.375,15.625,13.5,15.75],"rotation":0,"texture":"#5554acde-b8d3-96ed-16f1-6e2999f20cbc","tintindex":0},"east":{"uv":[5.5,15.375,5.625,15.625],"rotation":0,"texture":"#5554acde-b8d3-96ed-16f1-6e2999f20cbc","tintindex":0},"north":{"uv":[5.375,15.375,5.5,15.625],"rotation":0,"texture":"#5554acde-b8d3-96ed-16f1-6e2999f20cbc","tintindex":0},"south":{"uv":[15.375,5.5,15.5,5.75],"rotation":0,"texture":"#5554acde-b8d3-96ed-16f1-6e2999f20cbc","tintindex":0},"up":{"uv":[15.75,13.375,15.625,13.25],"rotation":0,"texture":"#5554acde-b8d3-96ed-16f1-6e2999f20cbc","tintindex":0},"west":{"uv":[5.875,15.375,6.0,15.625],"rotation":0,"texture":"#5554acde-b8d3-96ed-16f1-6e2999f20cbc","tintindex":0}}},{"name":"cubo","from":[9.555506,10.182938,6.993635],"to":[10.695986,10.828538,7.6848354],"rotation":{"angle":0.0,"axis":"x","origin":[14.117426,8.109339,2.500835]},"faces":{"down":{"uv":[6.875,15.375,7.125,15.5],"rotation":0,"texture":"#5554acde-b8d3-96ed-16f1-6e2999f20cbc","tintindex":0},"east":{"uv":[15.625,13.375,15.75,13.5],"rotation":0,"texture":"#5554acde-b8d3-96ed-16f1-6e2999f20cbc","tintindex":0},"north":{"uv":[6.375,15.375,6.625,15.5],"rotation":0,"texture":"#5554acde-b8d3-96ed-16f1-6e2999f20cbc","tintindex":0},"south":{"uv":[6.625,15.375,6.875,15.5],"rotation":0,"texture":"#5554acde-b8d3-96ed-16f1-6e2999f20cbc","tintindex":0},"up":{"uv":[15.625,6.75,15.375,6.625],"rotation":0,"texture":"#5554acde-b8d3-96ed-16f1-6e2999f20cbc","tintindex":0},"west":{"uv":[13.5,15.625,13.625,15.75],"rotation":0,"texture":"#5554acde-b8d3-96ed-16f1-6e2999f20cbc","tintindex":0}}},{"name":"cubo","from":[10.315825,9.8373375,7.6848354],"to":[10.695986,11.565338,10.104035],"rotation":{"angle":0.0,"axis":"x","origin":[14.117426,8.109339,2.500835]},"faces":{"down":{"uv":[6.375,14.875,6.5,15.375],"rotation":0,"texture":"#5554acde-b8d3-96ed-16f1-6e2999f20cbc","tintindex":0},"east":{"uv":[13.5,4.125,14.0,4.5],"rotation":0,"texture":"#5554acde-b8d3-96ed-16f1-6e2999f20cbc","tintindex":0},"north":{"uv":[15.125,1.5,15.25,1.875],"rotation":0,"texture":"#5554acde-b8d3-96ed-16f1-6e2999f20cbc","tintindex":0},"south":{"uv":[2.0,15.125,2.125,15.5],"rotation":0,"texture":"#5554acde-b8d3-96ed-16f1-6e2999f20cbc","tintindex":0},"up":{"uv":[6.0,15.375,5.875,14.875],"rotation":0,"texture":"#5554acde-b8d3-96ed-16f1-6e2999f20cbc","tintindex":0},"west":{"uv":[13.5,5.875,14.0,6.25],"rotation":0,"texture":"#5554acde-b8d3-96ed-16f1-6e2999f20cbc","tintindex":0}}},{"name":"cubo","from":[9.935665,8.454937,10.104035],"to":[10.315825,12.947739,11.140836],"rotation":{"angle":0.0,"axis":"x","origin":[14.117426,8.109339,2.500835]},"faces":{"down":{"uv":[15.375,7.5,15.5,7.75],"rotation":0,"texture":"#5554acde-b8d3-96ed-16f1-6e2999f20cbc","tintindex":0},"east":{"uv":[4.75,13.25,5.0,14.125],"rotation":0,"texture":"#5554acde-b8d3-96ed-16f1-6e2999f20cbc","tintindex":0},"north":{"uv":[11.125,14.0,11.25,14.875],"rotation":0,"texture":"#5554acde-b8d3-96ed-16f1-6e2999f20cbc","tintindex":0},"south":{"uv":[11.5,14.0,11.625,14.875],"rotation":0,"texture":"#5554acde-b8d3-96ed-16f1-6e2999f20cbc","tintindex":0},"up":{"uv":[7.25,15.625,7.125,15.375],"rotation":0,"texture":"#5554acde-b8d3-96ed-16f1-6e2999f20cbc","tintindex":0},"west":{"uv":[5.0,13.25,5.25,14.125],"rotation":0,"texture":"#5554acde-b8d3-96ed-16f1-6e2999f20cbc","tintindex":0}}},{"name":"cubo","from":[9.935665,8.800537,9.067236],"to":[10.315825,9.491737,9.412836],"rotation":{"angle":0.0,"axis":"x","origin":[14.117426,8.109339,2.500835]},"faces":{"down":{"uv":[13.875,15.625,14.0,15.75],"rotation":0,"texture":"#5554acde-b8d3-96ed-16f1-6e2999f20cbc","tintindex":0},"east":{"uv":[13.625,15.625,13.75,15.75],"rotation":0,"texture":"#5554acde-b8d3-96ed-16f1-6e2999f20cbc","tintindex":0},"north":{"uv":[15.625,13.5,15.75,13.625],"rotation":0,"texture":"#5554acde-b8d3-96ed-16f1-6e2999f20cbc","tintindex":0},"south":{"uv":[15.625,13.625,15.75,13.75],"rotation":0,"texture":"#5554acde-b8d3-96ed-16f1-6e2999f20cbc","tintindex":0},"up":{"uv":[15.75,13.875,15.625,13.75],"rotation":0,"texture":"#5554acde-b8d3-96ed-16f1-6e2999f20cbc","tintindex":0},"west":{"uv":[13.75,15.625,13.875,15.75],"rotation":0,"texture":"#5554acde-b8d3-96ed-16f1-6e2999f20cbc","tintindex":0}}},{"name":"cubo","from":[9.935665,9.491737,8.030436],"to":[10.315825,9.8373375,9.412836],"rotation":{"angle":0.0,"axis":"x","origin":[14.117426,8.109339,2.500835]},"faces":{"down":{"uv":[8.125,15.375,8.25,15.625],"rotation":0,"texture":"#5554acde-b8d3-96ed-16f1-6e2999f20cbc","tintindex":0},"east":{"uv":[15.375,7.75,15.625,7.875],"rotation":0,"texture":"#5554acde-b8d3-96ed-16f1-6e2999f20cbc","tintindex":0},"north":{"uv":[15.625,13.875,15.75,14.0],"rotation":0,"texture":"#5554acde-b8d3-96ed-16f1-6e2999f20cbc","tintindex":0},"south":{"uv":[14.0,15.625,14.125,15.75],"rotation":0,"texture":"#5554acde-b8d3-96ed-16f1-6e2999f20cbc","tintindex":0},"up":{"uv":[7.875,15.625,7.75,15.375],"rotation":0,"texture":"#5554acde-b8d3-96ed-16f1-6e2999f20cbc","tintindex":0},"west":{"uv":[15.375,7.875,15.625,8.0],"rotation":0,"texture":"#5554acde-b8d3-96ed-16f1-6e2999f20cbc","tintindex":0}}},{"name":"cubo","from":[9.935665,10.182938,5.6112356],"to":[10.315825,10.528538,5.9568353],"rotation":{"angle":0.0,"axis":"x","origin":[14.117426,8.109339,2.500835]},"faces":{"down":{"uv":[14.375,15.625,14.5,15.75],"rotation":0,"texture":"#5554acde-b8d3-96ed-16f1-6e2999f20cbc","tintindex":0},"east":{"uv":[14.125,15.625,14.25,15.75],"rotation":0,"texture":"#5554acde-b8d3-96ed-16f1-6e2999f20cbc","tintindex":0},"north":{"uv":[15.625,14.0,15.75,14.125],"rotation":0,"texture":"#5554acde-b8d3-96ed-16f1-6e2999f20cbc","tintindex":0},"south":{"uv":[15.625,14.125,15.75,14.25],"rotation":0,"texture":"#5554acde-b8d3-96ed-16f1-6e2999f20cbc","tintindex":0},"up":{"uv":[15.75,14.375,15.625,14.25],"rotation":0,"texture":"#5554acde-b8d3-96ed-16f1-6e2999f20cbc","tintindex":0},"west":{"uv":[14.25,15.625,14.375,15.75],"rotation":0,"texture":"#5554acde-b8d3-96ed-16f1-6e2999f20cbc","tintindex":0}}},{"name":"cubo","from":[9.935665,9.8373375,5.9568353],"to":[10.315825,10.528538,6.3024354],"rotation":{"angle":0.0,"axis":"x","origin":[14.117426,8.109339,2.500835]},"faces":{"down":{"uv":[14.75,15.625,14.875,15.75],"rotation":0,"texture":"#5554acde-b8d3-96ed-16f1-6e2999f20cbc","tintindex":0},"east":{"uv":[14.5,15.625,14.625,15.75],"rotation":0,"texture":"#5554acde-b8d3-96ed-16f1-6e2999f20cbc","tintindex":0},"north":{"uv":[15.625,14.375,15.75,14.5],"rotation":0,"texture":"#5554acde-b8d3-96ed-16f1-6e2999f20cbc","tintindex":0},"south":{"uv":[15.625,14.5,15.75,14.625],"rotation":0,"texture":"#5554acde-b8d3-96ed-16f1-6e2999f20cbc","tintindex":0},"up":{"uv":[15.75,14.75,15.625,14.625],"rotation":0,"texture":"#5554acde-b8d3-96ed-16f1-6e2999f20cbc","tintindex":0},"west":{"uv":[14.625,15.625,14.75,15.75],"rotation":0,"texture":"#5554acde-b8d3-96ed-16f1-6e2999f20cbc","tintindex":0}}},{"name":"cubo","from":[9.935665,10.528538,5.6112356],"to":[10.315825,10.874138,7.6980352],"rotation":{"angle":0.0,"axis":"x","origin":[14.117426,8.109339,2.500835]},"faces":{"down":{"uv":[2.25,15.125,2.375,15.5],"rotation":0,"texture":"#5554acde-b8d3-96ed-16f1-6e2999f20cbc","tintindex":0},"east":{"uv":[15.0,12.625,15.375,12.75],"rotation":0,"texture":"#5554acde-b8d3-96ed-16f1-6e2999f20cbc","tintindex":0},"north":{"uv":[15.625,14.75,15.75,14.875],"rotation":0,"texture":"#5554acde-b8d3-96ed-16f1-6e2999f20cbc","tintindex":0},"south":{"uv":[14.875,15.625,15.0,15.75],"rotation":0,"texture":"#5554acde-b8d3-96ed-16f1-6e2999f20cbc","tintindex":0},"up":{"uv":[2.25,15.5,2.125,15.125],"rotation":0,"texture":"#5554acde-b8d3-96ed-16f1-6e2999f20cbc","tintindex":0},"west":{"uv":[15.125,1.875,15.5,2.0],"rotation":0,"texture":"#5554acde-b8d3-96ed-16f1-6e2999f20cbc","tintindex":0}}},{"name":"cubo","from":[9.935665,10.874138,6.993635],"to":[10.695986,11.565338,7.6392355],"rotation":{"angle":0.0,"axis":"x","origin":[14.117426,8.109339,2.500835]},"faces":{"down":{"uv":[15.25,15.625,15.375,15.75],"rotation":0,"texture":"#5554acde-b8d3-96ed-16f1-6e2999f20cbc","tintindex":0},"east":{"uv":[15.0,15.625,15.125,15.75],"rotation":0,"texture":"#5554acde-b8d3-96ed-16f1-6e2999f20cbc","tintindex":0},"north":{"uv":[15.625,14.875,15.75,15.0],"rotation":0,"texture":"#5554acde-b8d3-96ed-16f1-6e2999f20cbc","tintindex":0},"south":{"uv":[15.625,15.0,15.75,15.125],"rotation":0,"texture":"#5554acde-b8d3-96ed-16f1-6e2999f20cbc","tintindex":0},"up":{"uv":[15.75,15.25,15.625,15.125],"rotation":0,"texture":"#5554acde-b8d3-96ed-16f1-6e2999f20cbc","tintindex":0},"west":{"uv":[15.125,15.625,15.25,15.75],"rotation":0,"texture":"#5554acde-b8d3-96ed-16f1-6e2999f20cbc","tintindex":0}}},{"name":"cubo","from":[9.935665,12.256538,5.6112356],"to":[10.315825,13.247739,6.3024354],"rotation":{"angle":0.0,"axis":"x","origin":[14.117426,8.109339,2.500835]},"faces":{"down":{"uv":[15.375,15.625,15.5,15.75],"rotation":0,"texture":"#5554acde-b8d3-96ed-16f1-6e2999f20cbc","tintindex":0},"east":{"uv":[8.25,15.375,8.375,15.625],"rotation":0,"texture":"#5554acde-b8d3-96ed-16f1-6e2999f20cbc","tintindex":0},"north":{"uv":[15.375,8.125,15.5,8.375],"rotation":0,"texture":"#5554acde-b8d3-96ed-16f1-6e2999f20cbc","tintindex":0},"south":{"uv":[15.375,8.375,15.5,8.625],"rotation":0,"texture":"#5554acde-b8d3-96ed-16f1-6e2999f20cbc","tintindex":0},"up":{"uv":[15.75,15.375,15.625,15.25],"rotation":0,"texture":"#5554acde-b8d3-96ed-16f1-6e2999f20cbc","tintindex":0},"west":{"uv":[8.5,15.375,8.625,15.625],"rotation":0,"texture":"#5554acde-b8d3-96ed-16f1-6e2999f20cbc","tintindex":0}}},{"name":"cubo","from":[9.935665,12.947739,10.104035],"to":[10.315825,13.293339,10.795236],"rotation":{"angle":0.0,"axis":"x","origin":[14.117426,8.109339,2.500835]},"faces":{"down":{"uv":[15.75,0.0,15.875,0.125],"rotation":0,"texture":"#5554acde-b8d3-96ed-16f1-6e2999f20cbc","tintindex":0},"east":{"uv":[15.5,15.625,15.625,15.75],"rotation":0,"texture":"#5554acde-b8d3-96ed-16f1-6e2999f20cbc","tintindex":0},"north":{"uv":[15.625,15.375,15.75,15.5],"rotation":0,"texture":"#5554acde-b8d3-96ed-16f1-6e2999f20cbc","tintindex":0},"south":{"uv":[15.625,15.5,15.75,15.625],"rotation":0,"texture":"#5554acde-b8d3-96ed-16f1-6e2999f20cbc","tintindex":0},"up":{"uv":[0.125,15.875,0.0,15.75],"rotation":0,"texture":"#5554acde-b8d3-96ed-16f1-6e2999f20cbc","tintindex":0},"west":{"uv":[15.625,15.625,15.75,15.75],"rotation":0,"texture":"#5554acde-b8d3-96ed-16f1-6e2999f20cbc","tintindex":0}}},{"name":"cubo","from":[9.935665,8.454937,9.412836],"to":[10.315825,13.638939,10.104035],"rotation":{"angle":0.0,"axis":"x","origin":[14.117426,8.109339,2.500835]},"faces":{"down":{"uv":[15.75,0.125,15.875,0.25],"rotation":0,"texture":"#5554acde-b8d3-96ed-16f1-6e2999f20cbc","tintindex":0},"east":{"uv":[9.75,13.625,9.875,14.75],"rotation":0,"texture":"#5554acde-b8d3-96ed-16f1-6e2999f20cbc","tintindex":0},"north":{"uv":[7.625,13.625,7.75,14.75],"rotation":0,"texture":"#5554acde-b8d3-96ed-16f1-6e2999f20cbc","tintindex":0},"south":{"uv":[9.875,13.625,10.0,14.75],"rotation":0,"texture":"#5554acde-b8d3-96ed-16f1-6e2999f20cbc","tintindex":0},"up":{"uv":[0.25,15.875,0.125,15.75],"rotation":0,"texture":"#5554acde-b8d3-96ed-16f1-6e2999f20cbc","tintindex":0},"west":{"uv":[11.25,13.625,11.375,14.75],"rotation":0,"texture":"#5554acde-b8d3-96ed-16f1-6e2999f20cbc","tintindex":0}}},{"name":"cubo","from":[9.935665,12.256538,6.3024354],"to":[10.315825,13.984539,6.648035],"rotation":{"angle":0.0,"axis":"x","origin":[14.117426,8.109339,2.500835]},"faces":{"down":{"uv":[15.75,0.25,15.875,0.375],"rotation":0,"texture":"#5554acde-b8d3-96ed-16f1-6e2999f20cbc","tintindex":0},"east":{"uv":[2.5,15.125,2.625,15.5],"rotation":0,"texture":"#5554acde-b8d3-96ed-16f1-6e2999f20cbc","tintindex":0},"north":{"uv":[2.375,15.125,2.5,15.5],"rotation":0,"texture":"#5554acde-b8d3-96ed-16f1-6e2999f20cbc","tintindex":0},"south":{"uv":[2.75,15.125,2.875,15.5],"rotation":0,"texture":"#5554acde-b8d3-96ed-16f1-6e2999f20cbc","tintindex":0},"up":{"uv":[0.375,15.875,0.25,15.75],"rotation":0,"texture":"#5554acde-b8d3-96ed-16f1-6e2999f20cbc","tintindex":0},"west":{"uv":[2.875,15.125,3.0,15.5],"rotation":0,"texture":"#5554acde-b8d3-96ed-16f1-6e2999f20cbc","tintindex":0}}},{"name":"cubo","from":[9.935665,11.565338,7.3392353],"to":[10.315825,13.984539,7.6848354],"rotation":{"angle":0.0,"axis":"x","origin":[14.117426,8.109339,2.500835]},"faces":{"down":{"uv":[15.75,0.375,15.875,0.5],"rotation":0,"texture":"#5554acde-b8d3-96ed-16f1-6e2999f20cbc","tintindex":0},"east":{"uv":[8.625,14.875,8.75,15.375],"rotation":0,"texture":"#5554acde-b8d3-96ed-16f1-6e2999f20cbc","tintindex":0},"north":{"uv":[8.5,14.875,8.625,15.375],"rotation":0,"texture":"#5554acde-b8d3-96ed-16f1-6e2999f20cbc","tintindex":0},"south":{"uv":[14.875,9.0,15.0,9.5],"rotation":0,"texture":"#5554acde-b8d3-96ed-16f1-6e2999f20cbc","tintindex":0},"up":{"uv":[0.5,15.875,0.375,15.75],"rotation":0,"texture":"#5554acde-b8d3-96ed-16f1-6e2999f20cbc","tintindex":0},"west":{"uv":[9.5,14.875,9.625,15.375],"rotation":0,"texture":"#5554acde-b8d3-96ed-16f1-6e2999f20cbc","tintindex":0}}},{"name":"cubo","from":[9.935665,9.8373375,7.6848354],"to":[10.315825,13.984539,9.412836],"rotation":{"angle":0.0,"axis":"x","origin":[14.117426,8.109339,2.500835]},"faces":{"down":{"uv":[3.0,15.125,3.125,15.5],"rotation":0,"texture":"#5554acde-b8d3-96ed-16f1-6e2999f20cbc","tintindex":0},"east":{"uv":[11.75,9.5,12.125,10.375],"rotation":0,"texture":"#5554acde-b8d3-96ed-16f1-6e2999f20cbc","tintindex":0},"north":{"uv":[11.625,14.0,11.75,14.875],"rotation":0,"texture":"#5554acde-b8d3-96ed-16f1-6e2999f20cbc","tintindex":0},"south":{"uv":[11.75,14.0,11.875,14.875],"rotation":0,"texture":"#5554acde-b8d3-96ed-16f1-6e2999f20cbc","tintindex":0},"up":{"uv":[15.25,3.25,15.125,2.875],"rotation":0,"texture":"#5554acde-b8d3-96ed-16f1-6e2999f20cbc","tintindex":0},"west":{"uv":[4.875,11.875,5.25,12.75],"rotation":0,"texture":"#5554acde-b8d3-96ed-16f1-6e2999f20cbc","tintindex":0}}},{"name":"cubo","from":[9.175345,8.800537,11.140836],"to":[9.935665,9.146137,11.486436],"rotation":{"angle":0.0,"axis":"x","origin":[14.117426,8.109339,2.500835]},"faces":{"down":{"uv":[15.75,0.75,15.875,0.875],"rotation":0,"texture":"#5554acde-b8d3-96ed-16f1-6e2999f20cbc","tintindex":0},"east":{"uv":[15.75,0.5,15.875,0.625],"rotation":0,"texture":"#5554acde-b8d3-96ed-16f1-6e2999f20cbc","tintindex":0},"north":{"uv":[0.5,15.75,0.625,15.875],"rotation":0,"texture":"#5554acde-b8d3-96ed-16f1-6e2999f20cbc","tintindex":0},"south":{"uv":[0.625,15.75,0.75,15.875],"rotation":0,"texture":"#5554acde-b8d3-96ed-16f1-6e2999f20cbc","tintindex":0},"up":{"uv":[0.875,15.875,0.75,15.75],"rotation":0,"texture":"#5554acde-b8d3-96ed-16f1-6e2999f20cbc","tintindex":0},"west":{"uv":[15.75,0.625,15.875,0.75],"rotation":0,"texture":"#5554acde-b8d3-96ed-16f1-6e2999f20cbc","tintindex":0}}},{"name":"cubo","from":[8.795186,9.146137,11.140836],"to":[9.935665,10.182938,11.486436],"rotation":{"angle":0.0,"axis":"x","origin":[14.117426,8.109339,2.500835]},"faces":{"down":{"uv":[15.375,9.125,15.625,9.25],"rotation":0,"texture":"#5554acde-b8d3-96ed-16f1-6e2999f20cbc","tintindex":0},"east":{"uv":[8.625,15.375,8.75,15.625],"rotation":0,"texture":"#5554acde-b8d3-96ed-16f1-6e2999f20cbc","tintindex":0},"north":{"uv":[14.875,8.125,15.125,8.375],"rotation":0,"texture":"#5554acde-b8d3-96ed-16f1-6e2999f20cbc","tintindex":0},"south":{"uv":[14.875,9.5,15.125,9.75],"rotation":0,"texture":"#5554acde-b8d3-96ed-16f1-6e2999f20cbc","tintindex":0},"up":{"uv":[9.0,15.5,8.75,15.375],"rotation":0,"texture":"#5554acde-b8d3-96ed-16f1-6e2999f20cbc","tintindex":0},"west":{"uv":[15.375,8.625,15.5,8.875],"rotation":0,"texture":"#5554acde-b8d3-96ed-16f1-6e2999f20cbc","tintindex":0}}},{"name":"cubo","from":[9.555506,9.491737,6.2424355],"to":[10.315825,9.8373375,7.3392353],"rotation":{"angle":0.0,"axis":"x","origin":[14.117426,8.109339,2.500835]},"faces":{"down":{"uv":[9.5,15.375,9.625,15.625],"rotation":0,"texture":"#5554acde-b8d3-96ed-16f1-6e2999f20cbc","tintindex":0},"east":{"uv":[15.375,9.25,15.625,9.375],"rotation":0,"texture":"#5554acde-b8d3-96ed-16f1-6e2999f20cbc","tintindex":0},"north":{"uv":[0.875,15.75,1.0,15.875],"rotation":0,"texture":"#5554acde-b8d3-96ed-16f1-6e2999f20cbc","tintindex":0},"south":{"uv":[15.75,0.875,15.875,1.0],"rotation":0,"texture":"#5554acde-b8d3-96ed-16f1-6e2999f20cbc","tintindex":0},"up":{"uv":[9.125,15.625,9.0,15.375],"rotation":0,"texture":"#5554acde-b8d3-96ed-16f1-6e2999f20cbc","tintindex":0},"west":{"uv":[15.375,9.375,15.625,9.5],"rotation":0,"texture":"#5554acde-b8d3-96ed-16f1-6e2999f20cbc","tintindex":0}}},{"name":"cubo","from":[9.555506,9.8373375,6.3024354],"to":[10.315825,10.182938,7.6848354],"rotation":{"angle":0.0,"axis":"x","origin":[14.117426,8.109339,2.500835]},"faces":{"down":{"uv":[15.375,9.75,15.5,10.0],"rotation":0,"texture":"#5554acde-b8d3-96ed-16f1-6e2999f20cbc","tintindex":0},"east":{"uv":[15.375,9.5,15.625,9.625],"rotation":0,"texture":"#5554acde-b8d3-96ed-16f1-6e2999f20cbc","tintindex":0},"north":{"uv":[1.0,15.75,1.125,15.875],"rotation":0,"texture":"#5554acde-b8d3-96ed-16f1-6e2999f20cbc","tintindex":0},"south":{"uv":[15.75,1.0,15.875,1.125],"rotation":0,"texture":"#5554acde-b8d3-96ed-16f1-6e2999f20cbc","tintindex":0},"up":{"uv":[9.75,15.625,9.625,15.375],"rotation":0,"texture":"#5554acde-b8d3-96ed-16f1-6e2999f20cbc","tintindex":0},"west":{"uv":[15.375,9.625,15.625,9.75],"rotation":0,"texture":"#5554acde-b8d3-96ed-16f1-6e2999f20cbc","tintindex":0}}},{"name":"cubo","from":[9.555506,9.8373375,7.6848354],"to":[9.935665,14.330139,10.4496355],"rotation":{"angle":0.0,"axis":"x","origin":[14.117426,8.109339,2.500835]},"faces":{"down":{"uv":[6.125,14.5,6.25,15.125],"rotation":0,"texture":"#5554acde-b8d3-96ed-16f1-6e2999f20cbc","tintindex":0},"east":{"uv":[7.125,9.375,7.75,10.25],"rotation":0,"texture":"#5554acde-b8d3-96ed-16f1-6e2999f20cbc","tintindex":0},"north":{"uv":[11.875,14.0,12.0,14.875],"rotation":0,"texture":"#5554acde-b8d3-96ed-16f1-6e2999f20cbc","tintindex":0},"south":{"uv":[12.0,14.0,12.125,14.875],"rotation":0,"texture":"#5554acde-b8d3-96ed-16f1-6e2999f20cbc","tintindex":0},"up":{"uv":[5.875,15.125,5.75,14.5],"rotation":0,"texture":"#5554acde-b8d3-96ed-16f1-6e2999f20cbc","tintindex":0},"west":{"uv":[9.25,9.5,9.875,10.375],"rotation":0,"texture":"#5554acde-b8d3-96ed-16f1-6e2999f20cbc","tintindex":0}}},{"name":"cubo","from":[9.555506,10.182938,6.3024354],"to":[10.315825,10.528538,6.993635],"rotation":{"angle":0.0,"axis":"x","origin":[14.117426,8.109339,2.500835]},"faces":{"down":{"uv":[15.75,1.375,15.875,1.5],"rotation":0,"texture":"#5554acde-b8d3-96ed-16f1-6e2999f20cbc","tintindex":0},"east":{"uv":[15.75,1.125,15.875,1.25],"rotation":0,"texture":"#5554acde-b8d3-96ed-16f1-6e2999f20cbc","tintindex":0},"north":{"uv":[1.125,15.75,1.25,15.875],"rotation":0,"texture":"#5554acde-b8d3-96ed-16f1-6e2999f20cbc","tintindex":0},"south":{"uv":[1.25,15.75,1.375,15.875],"rotation":0,"texture":"#5554acde-b8d3-96ed-16f1-6e2999f20cbc","tintindex":0},"up":{"uv":[1.5,15.875,1.375,15.75],"rotation":0,"texture":"#5554acde-b8d3-96ed-16f1-6e2999f20cbc","tintindex":0},"west":{"uv":[15.75,1.25,15.875,1.375],"rotation":0,"texture":"#5554acde-b8d3-96ed-16f1-6e2999f20cbc","tintindex":0}}},{"name":"cubo","from":[9.555506,10.528538,6.3024354],"to":[9.935665,10.874138,6.648035],"rotation":{"angle":0.0,"axis":"x","origin":[14.117426,8.109339,2.500835]},"faces":{"down":{"uv":[15.75,1.75,15.875,1.875],"rotation":0,"texture":"#5554acde-b8d3-96ed-16f1-6e2999f20cbc","tintindex":0},"east":{"uv":[15.75,1.5,15.875,1.625],"rotation":0,"texture":"#5554acde-b8d3-96ed-16f1-6e2999f20cbc","tintindex":0},"north":{"uv":[1.5,15.75,1.625,15.875],"rotation":0,"texture":"#5554acde-b8d3-96ed-16f1-6e2999f20cbc","tintindex":0},"south":{"uv":[1.625,15.75,1.75,15.875],"rotation":0,"texture":"#5554acde-b8d3-96ed-16f1-6e2999f20cbc","tintindex":0},"up":{"uv":[1.875,15.875,1.75,15.75],"rotation":0,"texture":"#5554acde-b8d3-96ed-16f1-6e2999f20cbc","tintindex":0},"west":{"uv":[15.75,1.625,15.875,1.75],"rotation":0,"texture":"#5554acde-b8d3-96ed-16f1-6e2999f20cbc","tintindex":0}}},{"name":"cubo","from":[8.795186,11.565338,11.140836],"to":[9.935665,13.638939,11.486436],"rotation":{"angle":0.0,"axis":"x","origin":[14.117426,8.109339,2.500835]},"faces":{"down":{"uv":[10.25,15.375,10.5,15.5],"rotation":0,"texture":"#5554acde-b8d3-96ed-16f1-6e2999f20cbc","tintindex":0},"east":{"uv":[3.125,15.125,3.25,15.5],"rotation":0,"texture":"#5554acde-b8d3-96ed-16f1-6e2999f20cbc","tintindex":0},"north":{"uv":[14.25,3.625,14.5,4.0],"rotation":0,"texture":"#5554acde-b8d3-96ed-16f1-6e2999f20cbc","tintindex":0},"south":{"uv":[14.25,4.875,14.5,5.25],"rotation":0,"texture":"#5554acde-b8d3-96ed-16f1-6e2999f20cbc","tintindex":0},"up":{"uv":[10.25,15.5,10.0,15.375],"rotation":0,"texture":"#5554acde-b8d3-96ed-16f1-6e2999f20cbc","tintindex":0},"west":{"uv":[3.25,15.125,3.375,15.5],"rotation":0,"texture":"#5554acde-b8d3-96ed-16f1-6e2999f20cbc","tintindex":0}}},{"name":"cubo","from":[9.555506,11.910938,5.2656355],"to":[10.315825,12.6021385,5.6112356],"rotation":{"angle":0.0,"axis":"x","origin":[14.117426,8.109339,2.500835]},"faces":{"down":{"uv":[15.75,2.125,15.875,2.25],"rotation":0,"texture":"#5554acde-b8d3-96ed-16f1-6e2999f20cbc","tintindex":0},"east":{"uv":[15.75,1.875,15.875,2.0],"rotation":0,"texture":"#5554acde-b8d3-96ed-16f1-6e2999f20cbc","tintindex":0},"north":{"uv":[1.875,15.75,2.0,15.875],"rotation":0,"texture":"#5554acde-b8d3-96ed-16f1-6e2999f20cbc","tintindex":0},"south":{"uv":[2.0,15.75,2.125,15.875],"rotation":0,"texture":"#5554acde-b8d3-96ed-16f1-6e2999f20cbc","tintindex":0},"up":{"uv":[2.25,15.875,2.125,15.75],"rotation":0,"texture":"#5554acde-b8d3-96ed-16f1-6e2999f20cbc","tintindex":0},"west":{"uv":[15.75,2.0,15.875,2.125],"rotation":0,"texture":"#5554acde-b8d3-96ed-16f1-6e2999f20cbc","tintindex":0}}},{"name":"cubo","from":[9.555506,11.910938,5.6112356],"to":[10.315825,12.256538,5.9568353],"rotation":{"angle":0.0,"axis":"x","origin":[14.117426,8.109339,2.500835]},"faces":{"down":{"uv":[15.75,2.5,15.875,2.625],"rotation":0,"texture":"#5554acde-b8d3-96ed-16f1-6e2999f20cbc","tintindex":0},"east":{"uv":[15.75,2.25,15.875,2.375],"rotation":0,"texture":"#5554acde-b8d3-96ed-16f1-6e2999f20cbc","tintindex":0},"north":{"uv":[2.25,15.75,2.375,15.875],"rotation":0,"texture":"#5554acde-b8d3-96ed-16f1-6e2999f20cbc","tintindex":0},"south":{"uv":[2.375,15.75,2.5,15.875],"rotation":0,"texture":"#5554acde-b8d3-96ed-16f1-6e2999f20cbc","tintindex":0},"up":{"uv":[2.625,15.875,2.5,15.75],"rotation":0,"texture":"#5554acde-b8d3-96ed-16f1-6e2999f20cbc","tintindex":0},"west":{"uv":[15.75,2.375,15.875,2.5],"rotation":0,"texture":"#5554acde-b8d3-96ed-16f1-6e2999f20cbc","tintindex":0}}},{"name":"cubo","from":[9.555506,12.256538,7.3392353],"to":[9.935665,13.984539,7.6848354],"rotation":{"angle":0.0,"axis":"x","origin":[14.117426,8.109339,2.500835]},"faces":{"down":{"uv":[15.75,2.625,15.875,2.75],"rotation":0,"texture":"#5554acde-b8d3-96ed-16f1-6e2999f20cbc","tintindex":0},"east":{"uv":[3.5,15.125,3.625,15.5],"rotation":0,"texture":"#5554acde-b8d3-96ed-16f1-6e2999f20cbc","tintindex":0},"north":{"uv":[3.375,15.125,3.5,15.5],"rotation":0,"texture":"#5554acde-b8d3-96ed-16f1-6e2999f20cbc","tintindex":0},"south":{"uv":[3.625,15.125,3.75,15.5],"rotation":0,"texture":"#5554acde-b8d3-96ed-16f1-6e2999f20cbc","tintindex":0},"up":{"uv":[2.75,15.875,2.625,15.75],"rotation":0,"texture":"#5554acde-b8d3-96ed-16f1-6e2999f20cbc","tintindex":0},"west":{"uv":[15.125,3.625,15.25,4.0],"rotation":0,"texture":"#5554acde-b8d3-96ed-16f1-6e2999f20cbc","tintindex":0}}},{"name":"cubo","from":[9.175345,12.6021385,4.9200354],"to":[9.935665,13.293339,5.6112356],"rotation":{"angle":0.0,"axis":"x","origin":[14.117426,8.109339,2.500835]},"faces":{"down":{"uv":[15.75,3.0,15.875,3.125],"rotation":0,"texture":"#5554acde-b8d3-96ed-16f1-6e2999f20cbc","tintindex":0},"east":{"uv":[15.75,2.75,15.875,2.875],"rotation":0,"texture":"#5554acde-b8d3-96ed-16f1-6e2999f20cbc","tintindex":0},"north":{"uv":[2.75,15.75,2.875,15.875],"rotation":0,"texture":"#5554acde-b8d3-96ed-16f1-6e2999f20cbc","tintindex":0},"south":{"uv":[2.875,15.75,3.0,15.875],"rotation":0,"texture":"#5554acde-b8d3-96ed-16f1-6e2999f20cbc","tintindex":0},"up":{"uv":[3.125,15.875,3.0,15.75],"rotation":0,"texture":"#5554acde-b8d3-96ed-16f1-6e2999f20cbc","tintindex":0},"west":{"uv":[15.75,2.875,15.875,3.0],"rotation":0,"texture":"#5554acde-b8d3-96ed-16f1-6e2999f20cbc","tintindex":0}}},{"name":"cubo","from":[9.555506,12.256538,5.6112356],"to":[9.935665,13.638939,6.648035],"rotation":{"angle":0.0,"axis":"x","origin":[14.117426,8.109339,2.500835]},"faces":{"down":{"uv":[11.25,15.375,11.375,15.625],"rotation":0,"texture":"#5554acde-b8d3-96ed-16f1-6e2999f20cbc","tintindex":0},"east":{"uv":[14.875,9.75,15.125,10.0],"rotation":0,"texture":"#5554acde-b8d3-96ed-16f1-6e2999f20cbc","tintindex":0},"north":{"uv":[15.375,10.625,15.5,10.875],"rotation":0,"texture":"#5554acde-b8d3-96ed-16f1-6e2999f20cbc","tintindex":0},"south":{"uv":[15.375,10.875,15.5,11.125],"rotation":0,"texture":"#5554acde-b8d3-96ed-16f1-6e2999f20cbc","tintindex":0},"up":{"uv":[15.5,11.375,15.375,11.125],"rotation":0,"texture":"#5554acde-b8d3-96ed-16f1-6e2999f20cbc","tintindex":0},"west":{"uv":[14.875,10.0,15.125,10.25],"rotation":0,"texture":"#5554acde-b8d3-96ed-16f1-6e2999f20cbc","tintindex":0}}},{"name":"cubo","from":[9.555506,8.800537,10.4496355],"to":[9.935665,13.984539,11.140836],"rotation":{"angle":0.0,"axis":"x","origin":[14.117426,8.109339,2.500835]},"faces":{"down":{"uv":[15.75,3.125,15.875,3.25],"rotation":0,"texture":"#5554acde-b8d3-96ed-16f1-6e2999f20cbc","tintindex":0},"east":{"uv":[12.25,13.75,12.375,14.875],"rotation":0,"texture":"#5554acde-b8d3-96ed-16f1-6e2999f20cbc","tintindex":0},"north":{"uv":[11.375,13.625,11.5,14.75],"rotation":0,"texture":"#5554acde-b8d3-96ed-16f1-6e2999f20cbc","tintindex":0},"south":{"uv":[12.375,13.75,12.5,14.875],"rotation":0,"texture":"#5554acde-b8d3-96ed-16f1-6e2999f20cbc","tintindex":0},"up":{"uv":[3.25,15.875,3.125,15.75],"rotation":0,"texture":"#5554acde-b8d3-96ed-16f1-6e2999f20cbc","tintindex":0},"west":{"uv":[13.75,13.125,13.875,14.25],"rotation":0,"texture":"#5554acde-b8d3-96ed-16f1-6e2999f20cbc","tintindex":0}}},{"name":"cubo","from":[9.175345,9.191737,5.6112356],"to":[9.555506,9.8373375,6.4068356],"rotation":{"angle":0.0,"axis":"x","origin":[14.117426,8.109339,2.500835]},"faces":{"down":{"uv":[15.75,3.5,15.875,3.625],"rotation":0,"texture":"#5554acde-b8d3-96ed-16f1-6e2999f20cbc","tintindex":0},"east":{"uv":[15.75,3.25,15.875,3.375],"rotation":0,"texture":"#5554acde-b8d3-96ed-16f1-6e2999f20cbc","tintindex":0},"north":{"uv":[3.25,15.75,3.375,15.875],"rotation":0,"texture":"#5554acde-b8d3-96ed-16f1-6e2999f20cbc","tintindex":0},"south":{"uv":[3.375,15.75,3.5,15.875],"rotation":0,"texture":"#5554acde-b8d3-96ed-16f1-6e2999f20cbc","tintindex":0},"up":{"uv":[3.625,15.875,3.5,15.75],"rotation":0,"texture":"#5554acde-b8d3-96ed-16f1-6e2999f20cbc","tintindex":0},"west":{"uv":[15.75,3.375,15.875,3.5],"rotation":0,"texture":"#5554acde-b8d3-96ed-16f1-6e2999f20cbc","tintindex":0}}},{"name":"cubo","from":[9.175345,9.8373375,5.2656355],"to":[9.935665,10.528538,6.3024354],"rotation":{"angle":0.0,"axis":"x","origin":[14.117426,8.109339,2.500835]},"faces":{"down":{"uv":[15.375,12.625,15.5,12.875],"rotation":0,"texture":"#5554acde-b8d3-96ed-16f1-6e2999f20cbc","tintindex":0},"east":{"uv":[15.375,10.375,15.625,10.5],"rotation":0,"texture":"#5554acde-b8d3-96ed-16f1-6e2999f20cbc","tintindex":0},"north":{"uv":[3.625,15.75,3.75,15.875],"rotation":0,"texture":"#5554acde-b8d3-96ed-16f1-6e2999f20cbc","tintindex":0},"south":{"uv":[15.75,3.625,15.875,3.75],"rotation":0,"texture":"#5554acde-b8d3-96ed-16f1-6e2999f20cbc","tintindex":0},"up":{"uv":[11.5,15.625,11.375,15.375],"rotation":0,"texture":"#5554acde-b8d3-96ed-16f1-6e2999f20cbc","tintindex":0},"west":{"uv":[12.5,15.375,12.75,15.5],"rotation":0,"texture":"#5554acde-b8d3-96ed-16f1-6e2999f20cbc","tintindex":0}}},{"name":"cubo","from":[8.795186,10.182938,11.140836],"to":[9.555506,10.528538,11.486436],"rotation":{"angle":0.0,"axis":"x","origin":[14.117426,8.109339,2.500835]},"faces":{"down":{"uv":[15.75,4.0,15.875,4.125],"rotation":0,"texture":"#5554acde-b8d3-96ed-16f1-6e2999f20cbc","tintindex":0},"east":{"uv":[15.75,3.75,15.875,3.875],"rotation":0,"texture":"#5554acde-b8d3-96ed-16f1-6e2999f20cbc","tintindex":0},"north":{"uv":[3.75,15.75,3.875,15.875],"rotation":0,"texture":"#5554acde-b8d3-96ed-16f1-6e2999f20cbc","tintindex":0},"south":{"uv":[3.875,15.75,4.0,15.875],"rotation":0,"texture":"#5554acde-b8d3-96ed-16f1-6e2999f20cbc","tintindex":0},"up":{"uv":[4.125,15.875,4.0,15.75],"rotation":0,"texture":"#5554acde-b8d3-96ed-16f1-6e2999f20cbc","tintindex":0},"west":{"uv":[15.75,3.875,15.875,4.0],"rotation":0,"texture":"#5554acde-b8d3-96ed-16f1-6e2999f20cbc","tintindex":0}}},{"name":"cubo","from":[8.795186,13.638939,5.6112356],"to":[9.555506,13.984539,6.648035],"rotation":{"angle":0.0,"axis":"x","origin":[14.117426,8.109339,2.500835]},"faces":{"down":{"uv":[15.375,13.0,15.5,13.25],"rotation":0,"texture":"#5554acde-b8d3-96ed-16f1-6e2999f20cbc","tintindex":0},"east":{"uv":[12.75,15.375,13.0,15.5],"rotation":0,"texture":"#5554acde-b8d3-96ed-16f1-6e2999f20cbc","tintindex":0},"north":{"uv":[4.125,15.75,4.25,15.875],"rotation":0,"texture":"#5554acde-b8d3-96ed-16f1-6e2999f20cbc","tintindex":0},"south":{"uv":[15.75,4.125,15.875,4.25],"rotation":0,"texture":"#5554acde-b8d3-96ed-16f1-6e2999f20cbc","tintindex":0},"up":{"uv":[13.125,15.625,13.0,15.375],"rotation":0,"texture":"#5554acde-b8d3-96ed-16f1-6e2999f20cbc","tintindex":0},"west":{"uv":[15.375,12.875,15.625,13.0],"rotation":0,"texture":"#5554acde-b8d3-96ed-16f1-6e2999f20cbc","tintindex":0}}},{"name":"cubo","from":[8.795186,12.256538,6.648035],"to":[10.315825,13.984539,7.3392353],"rotation":{"angle":0.0,"axis":"x","origin":[14.117426,8.109339,2.500835]},"faces":{"down":{"uv":[15.125,4.375,15.5,4.5],"rotation":0,"texture":"#5554acde-b8d3-96ed-16f1-6e2999f20cbc","tintindex":0},"east":{"uv":[3.75,15.125,3.875,15.5],"rotation":0,"texture":"#5554acde-b8d3-96ed-16f1-6e2999f20cbc","tintindex":0},"north":{"uv":[13.75,2.0,14.125,2.375],"rotation":0,"texture":"#5554acde-b8d3-96ed-16f1-6e2999f20cbc","tintindex":0},"south":{"uv":[13.75,4.5,14.125,4.875],"rotation":0,"texture":"#5554acde-b8d3-96ed-16f1-6e2999f20cbc","tintindex":0},"up":{"uv":[15.5,4.375,15.125,4.25],"rotation":0,"texture":"#5554acde-b8d3-96ed-16f1-6e2999f20cbc","tintindex":0},"west":{"uv":[3.875,15.125,4.0,15.5],"rotation":0,"texture":"#5554acde-b8d3-96ed-16f1-6e2999f20cbc","tintindex":0}}},{"name":"cubo","from":[8.785345,8.800537,10.795236],"to":[9.555506,13.984539,11.140836],"rotation":{"angle":0.0,"axis":"x","origin":[14.117426,8.109339,2.500835]},"faces":{"down":{"uv":[15.75,4.25,15.875,4.375],"rotation":0,"texture":"#5554acde-b8d3-96ed-16f1-6e2999f20cbc","tintindex":0},"east":{"uv":[5.375,13.875,5.5,15.0],"rotation":0,"texture":"#5554acde-b8d3-96ed-16f1-6e2999f20cbc","tintindex":0},"north":{"uv":[5.25,13.875,5.375,15.0],"rotation":0,"texture":"#5554acde-b8d3-96ed-16f1-6e2999f20cbc","tintindex":0},"south":{"uv":[5.5,13.875,5.625,15.0],"rotation":0,"texture":"#5554acde-b8d3-96ed-16f1-6e2999f20cbc","tintindex":0},"up":{"uv":[4.375,15.875,4.25,15.75],"rotation":0,"texture":"#5554acde-b8d3-96ed-16f1-6e2999f20cbc","tintindex":0},"west":{"uv":[13.875,7.25,14.0,8.375],"rotation":0,"texture":"#5554acde-b8d3-96ed-16f1-6e2999f20cbc","tintindex":0}}},{"name":"cubo","from":[8.420186,8.846137,5.2656355],"to":[9.175345,10.182938,5.9568353],"rotation":{"angle":0.0,"axis":"x","origin":[14.117426,8.109339,2.500835]},"faces":{"down":{"uv":[7.5,15.875,7.625,16.0],"rotation":0,"texture":"#5554acde-b8d3-96ed-16f1-6e2999f20cbc","tintindex":0},"east":{"uv":[12.25,15.5,12.375,15.75],"rotation":0,"texture":"#5554acde-b8d3-96ed-16f1-6e2999f20cbc","tintindex":0},"north":{"uv":[15.5,12.125,15.625,12.375],"rotation":0,"texture":"#5554acde-b8d3-96ed-16f1-6e2999f20cbc","tintindex":0},"south":{"uv":[12.375,15.5,12.5,15.75],"rotation":0,"texture":"#5554acde-b8d3-96ed-16f1-6e2999f20cbc","tintindex":0},"up":{"uv":[16.0,7.5,15.875,7.375],"rotation":0,"texture":"#5554acde-b8d3-96ed-16f1-6e2999f20cbc","tintindex":0},"west":{"uv":[15.5,12.375,15.625,12.625],"rotation":0,"texture":"#5554acde-b8d3-96ed-16f1-6e2999f20cbc","tintindex":0}}},{"name":"cubo","from":[8.415026,12.256538,4.9200354],"to":[9.175345,12.947739,5.2656355],"rotation":{"angle":0.0,"axis":"x","origin":[14.117426,8.109339,2.500835]},"faces":{"down":{"uv":[15.75,4.625,15.875,4.75],"rotation":0,"texture":"#5554acde-b8d3-96ed-16f1-6e2999f20cbc","tintindex":0},"east":{"uv":[15.75,4.375,15.875,4.5],"rotation":0,"texture":"#5554acde-b8d3-96ed-16f1-6e2999f20cbc","tintindex":0},"north":{"uv":[4.375,15.75,4.5,15.875],"rotation":0,"texture":"#5554acde-b8d3-96ed-16f1-6e2999f20cbc","tintindex":0},"south":{"uv":[4.5,15.75,4.625,15.875],"rotation":0,"texture":"#5554acde-b8d3-96ed-16f1-6e2999f20cbc","tintindex":0},"up":{"uv":[4.75,15.875,4.625,15.75],"rotation":0,"texture":"#5554acde-b8d3-96ed-16f1-6e2999f20cbc","tintindex":0},"west":{"uv":[15.75,4.5,15.875,4.625],"rotation":0,"texture":"#5554acde-b8d3-96ed-16f1-6e2999f20cbc","tintindex":0}}},{"name":"cubo","from":[8.795186,13.293339,5.2656355],"to":[9.935665,13.638939,5.6112356],"rotation":{"angle":0.0,"axis":"x","origin":[14.117426,8.109339,2.500835]},"faces":{"down":{"uv":[15.375,13.625,15.625,13.75],"rotation":0,"texture":"#5554acde-b8d3-96ed-16f1-6e2999f20cbc","tintindex":0},"east":{"uv":[4.75,15.75,4.875,15.875],"rotation":0,"texture":"#5554acde-b8d3-96ed-16f1-6e2999f20cbc","tintindex":0},"north":{"uv":[13.125,15.375,13.375,15.5],"rotation":0,"texture":"#5554acde-b8d3-96ed-16f1-6e2999f20cbc","tintindex":0},"south":{"uv":[13.375,15.375,13.625,15.5],"rotation":0,"texture":"#5554acde-b8d3-96ed-16f1-6e2999f20cbc","tintindex":0},"up":{"uv":[13.875,15.5,13.625,15.375],"rotation":0,"texture":"#5554acde-b8d3-96ed-16f1-6e2999f20cbc","tintindex":0},"west":{"uv":[15.75,4.75,15.875,4.875],"rotation":0,"texture":"#5554acde-b8d3-96ed-16f1-6e2999f20cbc","tintindex":0}}},{"name":"cubo","from":[8.795186,13.293339,5.6112356],"to":[9.555506,13.638939,5.9568353],"rotation":{"angle":0.0,"axis":"x","origin":[14.117426,8.109339,2.500835]},"faces":{"down":{"uv":[15.75,5.125,15.875,5.25],"rotation":0,"texture":"#5554acde-b8d3-96ed-16f1-6e2999f20cbc","tintindex":0},"east":{"uv":[15.75,4.875,15.875,5.0],"rotation":0,"texture":"#5554acde-b8d3-96ed-16f1-6e2999f20cbc","tintindex":0},"north":{"uv":[4.875,15.75,5.0,15.875],"rotation":0,"texture":"#5554acde-b8d3-96ed-16f1-6e2999f20cbc","tintindex":0},"south":{"uv":[5.0,15.75,5.125,15.875],"rotation":0,"texture":"#5554acde-b8d3-96ed-16f1-6e2999f20cbc","tintindex":0},"up":{"uv":[5.25,15.875,5.125,15.75],"rotation":0,"texture":"#5554acde-b8d3-96ed-16f1-6e2999f20cbc","tintindex":0},"west":{"uv":[15.75,5.0,15.875,5.125],"rotation":0,"texture":"#5554acde-b8d3-96ed-16f1-6e2999f20cbc","tintindex":0}}},{"name":"cubo","from":[8.795186,12.256538,7.3392353],"to":[9.555506,14.330139,8.030436],"rotation":{"angle":0.0,"axis":"x","origin":[14.117426,8.109339,2.500835]},"faces":{"down":{"uv":[15.75,5.25,15.875,5.375],"rotation":0,"texture":"#5554acde-b8d3-96ed-16f1-6e2999f20cbc","tintindex":0},"east":{"uv":[4.375,15.125,4.5,15.5],"rotation":0,"texture":"#5554acde-b8d3-96ed-16f1-6e2999f20cbc","tintindex":0},"north":{"uv":[4.25,15.125,4.375,15.5],"rotation":0,"texture":"#5554acde-b8d3-96ed-16f1-6e2999f20cbc","tintindex":0},"south":{"uv":[5.0,15.125,5.125,15.5],"rotation":0,"texture":"#5554acde-b8d3-96ed-16f1-6e2999f20cbc","tintindex":0},"up":{"uv":[5.375,15.875,5.25,15.75],"rotation":0,"texture":"#5554acde-b8d3-96ed-16f1-6e2999f20cbc","tintindex":0},"west":{"uv":[15.125,5.5,15.25,5.875],"rotation":0,"texture":"#5554acde-b8d3-96ed-16f1-6e2999f20cbc","tintindex":0}}},{"name":"cubo","from":[8.415026,9.491737,4.9200354],"to":[9.215185,10.528538,5.2656355],"rotation":{"angle":0.0,"axis":"x","origin":[14.117426,8.109339,2.500835]},"faces":{"down":{"uv":[15.75,5.375,15.875,5.5],"rotation":0,"texture":"#5554acde-b8d3-96ed-16f1-6e2999f20cbc","tintindex":0},"east":{"uv":[13.875,15.375,14.0,15.625],"rotation":0,"texture":"#5554acde-b8d3-96ed-16f1-6e2999f20cbc","tintindex":0},"north":{"uv":[15.375,13.75,15.5,14.0],"rotation":0,"texture":"#5554acde-b8d3-96ed-16f1-6e2999f20cbc","tintindex":0},"south":{"uv":[14.0,15.375,14.125,15.625],"rotation":0,"texture":"#5554acde-b8d3-96ed-16f1-6e2999f20cbc","tintindex":0},"up":{"uv":[5.5,15.875,5.375,15.75],"rotation":0,"texture":"#5554acde-b8d3-96ed-16f1-6e2999f20cbc","tintindex":0},"west":{"uv":[14.125,15.375,14.25,15.625],"rotation":0,"texture":"#5554acde-b8d3-96ed-16f1-6e2999f20cbc","tintindex":0}}},{"name":"cubo","from":[8.415026,11.565338,4.574435],"to":[9.175345,12.256538,5.6112356],"rotation":{"angle":0.0,"axis":"x","origin":[14.117426,8.109339,2.500835]},"faces":{"down":{"uv":[15.375,14.625,15.5,14.875],"rotation":0,"texture":"#5554acde-b8d3-96ed-16f1-6e2999f20cbc","tintindex":0},"east":{"uv":[15.375,14.0,15.625,14.125],"rotation":0,"texture":"#5554acde-b8d3-96ed-16f1-6e2999f20cbc","tintindex":0},"north":{"uv":[5.5,15.75,5.625,15.875],"rotation":0,"texture":"#5554acde-b8d3-96ed-16f1-6e2999f20cbc","tintindex":0},"south":{"uv":[15.75,5.5,15.875,5.625],"rotation":0,"texture":"#5554acde-b8d3-96ed-16f1-6e2999f20cbc","tintindex":0},"up":{"uv":[15.5,14.625,15.375,14.375],"rotation":0,"texture":"#5554acde-b8d3-96ed-16f1-6e2999f20cbc","tintindex":0},"west":{"uv":[14.25,15.375,14.5,15.5],"rotation":0,"texture":"#5554acde-b8d3-96ed-16f1-6e2999f20cbc","tintindex":0}}},{"name":"cubo","from":[8.415026,11.910938,5.6112356],"to":[8.795186,13.293339,5.9568353],"rotation":{"angle":0.0,"axis":"x","origin":[14.117426,8.109339,2.500835]},"faces":{"down":{"uv":[15.75,5.625,15.875,5.75],"rotation":0,"texture":"#5554acde-b8d3-96ed-16f1-6e2999f20cbc","tintindex":0},"east":{"uv":[14.875,15.375,15.0,15.625],"rotation":0,"texture":"#5554acde-b8d3-96ed-16f1-6e2999f20cbc","tintindex":0},"north":{"uv":[14.75,15.375,14.875,15.625],"rotation":0,"texture":"#5554acde-b8d3-96ed-16f1-6e2999f20cbc","tintindex":0},"south":{"uv":[15.0,15.375,15.125,15.625],"rotation":0,"texture":"#5554acde-b8d3-96ed-16f1-6e2999f20cbc","tintindex":0},"up":{"uv":[5.75,15.875,5.625,15.75],"rotation":0,"texture":"#5554acde-b8d3-96ed-16f1-6e2999f20cbc","tintindex":0},"west":{"uv":[15.125,15.375,15.25,15.625],"rotation":0,"texture":"#5554acde-b8d3-96ed-16f1-6e2999f20cbc","tintindex":0}}},{"name":"cubo","from":[8.415026,12.256538,5.2656355],"to":[9.175345,13.293339,5.6112356],"rotation":{"angle":0.0,"axis":"x","origin":[14.117426,8.109339,2.500835]},"faces":{"down":{"uv":[15.75,5.75,15.875,5.875],"rotation":0,"texture":"#5554acde-b8d3-96ed-16f1-6e2999f20cbc","tintindex":0},"east":{"uv":[15.25,15.375,15.375,15.625],"rotation":0,"texture":"#5554acde-b8d3-96ed-16f1-6e2999f20cbc","tintindex":0},"north":{"uv":[15.375,15.125,15.5,15.375],"rotation":0,"texture":"#5554acde-b8d3-96ed-16f1-6e2999f20cbc","tintindex":0},"south":{"uv":[15.375,15.375,15.5,15.625],"rotation":0,"texture":"#5554acde-b8d3-96ed-16f1-6e2999f20cbc","tintindex":0},"up":{"uv":[5.875,15.875,5.75,15.75],"rotation":0,"texture":"#5554acde-b8d3-96ed-16f1-6e2999f20cbc","tintindex":0},"west":{"uv":[0.0,15.5,0.125,15.75],"rotation":0,"texture":"#5554acde-b8d3-96ed-16f1-6e2999f20cbc","tintindex":0}}},{"name":"cubo","from":[7.2745457,12.256538,6.648035],"to":[8.795186,14.330139,7.6848354],"rotation":{"angle":0.0,"axis":"x","origin":[1.9523053,8.109339,2.500835]},"faces":{"down":{"uv":[4.75,14.375,5.125,14.625],"rotation":0,"texture":"#5554acde-b8d3-96ed-16f1-6e2999f20cbc","tintindex":0},"east":{"uv":[0.875,14.375,1.125,14.75],"rotation":0,"texture":"#5554acde-b8d3-96ed-16f1-6e2999f20cbc","tintindex":0},"north":{"uv":[13.875,11.125,14.25,11.5],"rotation":0,"texture":"#5554acde-b8d3-96ed-16f1-6e2999f20cbc","tintindex":0},"south":{"uv":[14.0,0.0,14.375,0.375],"rotation":0,"texture":"#5554acde-b8d3-96ed-16f1-6e2999f20cbc","tintindex":0},"up":{"uv":[2.625,14.625,2.25,14.375],"rotation":0,"texture":"#5554acde-b8d3-96ed-16f1-6e2999f20cbc","tintindex":0},"west":{"uv":[1.125,14.375,1.375,14.75],"rotation":0,"texture":"#5554acde-b8d3-96ed-16f1-6e2999f20cbc","tintindex":0}}},{"name":"cubo","from":[6.8943853,8.800537,11.486436],"to":[9.175345,10.182938,11.832035],"rotation":{"angle":0.0,"axis":"x","origin":[1.9523053,8.109339,2.500835]},"faces":{"down":{"uv":[14.75,2.375,15.25,2.5],"rotation":0,"texture":"#5554acde-b8d3-96ed-16f1-6e2999f20cbc","tintindex":0},"east":{"uv":[15.5,0.0,15.625,0.25],"rotation":0,"texture":"#5554acde-b8d3-96ed-16f1-6e2999f20cbc","tintindex":0},"north":{"uv":[14.0,4.25,14.5,4.5],"rotation":0,"texture":"#5554acde-b8d3-96ed-16f1-6e2999f20cbc","tintindex":0},"south":{"uv":[14.0,6.125,14.5,6.375],"rotation":0,"texture":"#5554acde-b8d3-96ed-16f1-6e2999f20cbc","tintindex":0},"up":{"uv":[15.125,13.125,14.625,13.0],"rotation":0,"texture":"#5554acde-b8d3-96ed-16f1-6e2999f20cbc","tintindex":0},"west":{"uv":[0.125,15.5,0.25,15.75],"rotation":0,"texture":"#5554acde-b8d3-96ed-16f1-6e2999f20cbc","tintindex":0}}},{"name":"cubo","from":[7.2745457,9.146137,11.140836],"to":[8.795186,10.528538,11.486436],"rotation":{"angle":0.0,"axis":"x","origin":[1.9523053,8.109339,2.500835]},"faces":{"down":{"uv":[15.125,5.875,15.5,6.0],"rotation":0,"texture":"#5554acde-b8d3-96ed-16f1-6e2999f20cbc","tintindex":0},"east":{"uv":[0.25,15.5,0.375,15.75],"rotation":0,"texture":"#5554acde-b8d3-96ed-16f1-6e2999f20cbc","tintindex":0},"north":{"uv":[14.25,5.625,14.625,5.875],"rotation":0,"texture":"#5554acde-b8d3-96ed-16f1-6e2999f20cbc","tintindex":0},"south":{"uv":[14.25,5.875,14.625,6.125],"rotation":0,"texture":"#5554acde-b8d3-96ed-16f1-6e2999f20cbc","tintindex":0},"up":{"uv":[15.5,5.25,15.125,5.125],"rotation":0,"texture":"#5554acde-b8d3-96ed-16f1-6e2999f20cbc","tintindex":0},"west":{"uv":[15.5,0.25,15.625,0.5],"rotation":0,"texture":"#5554acde-b8d3-96ed-16f1-6e2999f20cbc","tintindex":0}}},{"name":"cubo","from":[7.2745457,9.146137,10.795236],"to":[8.795186,11.565338,11.140836],"rotation":{"angle":0.0,"axis":"x","origin":[1.9523053,8.109339,2.500835]},"faces":{"down":{"uv":[15.125,6.25,15.5,6.375],"rotation":0,"texture":"#5554acde-b8d3-96ed-16f1-6e2999f20cbc","tintindex":0},"east":{"uv":[9.625,14.875,9.75,15.375],"rotation":0,"texture":"#5554acde-b8d3-96ed-16f1-6e2999f20cbc","tintindex":0},"north":{"uv":[10.5,13.5,10.875,14.0],"rotation":0,"texture":"#5554acde-b8d3-96ed-16f1-6e2999f20cbc","tintindex":0},"south":{"uv":[10.875,13.5,11.25,14.0],"rotation":0,"texture":"#5554acde-b8d3-96ed-16f1-6e2999f20cbc","tintindex":0},"up":{"uv":[15.5,6.25,15.125,6.125],"rotation":0,"texture":"#5554acde-b8d3-96ed-16f1-6e2999f20cbc","tintindex":0},"west":{"uv":[10.375,14.875,10.5,15.375],"rotation":0,"texture":"#5554acde-b8d3-96ed-16f1-6e2999f20cbc","tintindex":0}}},{"name":"cubo","from":[7.2745457,11.565338,10.795236],"to":[8.795186,14.330139,11.6364355],"rotation":{"angle":0.0,"axis":"x","origin":[1.9523053,8.109339,2.500835]},"faces":{"down":{"uv":[6.5,15.125,6.875,15.25],"rotation":0,"texture":"#5554acde-b8d3-96ed-16f1-6e2999f20cbc","tintindex":0},"east":{"uv":[6.25,14.5,6.375,15.125],"rotation":0,"texture":"#5554acde-b8d3-96ed-16f1-6e2999f20cbc","tintindex":0},"north":{"uv":[12.875,5.25,13.25,5.875],"rotation":0,"texture":"#5554acde-b8d3-96ed-16f1-6e2999f20cbc","tintindex":0},"south":{"uv":[10.5,12.875,10.875,13.5],"rotation":0,"texture":"#5554acde-b8d3-96ed-16f1-6e2999f20cbc","tintindex":0},"up":{"uv":[15.5,6.5,15.125,6.375],"rotation":0,"texture":"#5554acde-b8d3-96ed-16f1-6e2999f20cbc","tintindex":0},"west":{"uv":[6.5,14.5,6.625,15.125],"rotation":0,"texture":"#5554acde-b8d3-96ed-16f1-6e2999f20cbc","tintindex":0}}},{"name":"cubo","from":[7.2745457,12.256538,6.3024354],"to":[8.795186,13.984539,6.648035],"rotation":{"angle":0.0,"axis":"x","origin":[1.9523053,8.109339,2.500835]},"faces":{"down":{"uv":[6.875,15.125,7.25,15.25],"rotation":0,"texture":"#5554acde-b8d3-96ed-16f1-6e2999f20cbc","tintindex":0},"east":{"uv":[5.625,15.125,5.75,15.5],"rotation":0,"texture":"#5554acde-b8d3-96ed-16f1-6e2999f20cbc","tintindex":0},"north":{"uv":[13.75,12.0,14.125,12.375],"rotation":0,"texture":"#5554acde-b8d3-96ed-16f1-6e2999f20cbc","tintindex":0},"south":{"uv":[13.875,0.5,14.25,0.875],"rotation":0,"texture":"#5554acde-b8d3-96ed-16f1-6e2999f20cbc","tintindex":0},"up":{"uv":[15.5,6.625,15.125,6.5],"rotation":0,"texture":"#5554acde-b8d3-96ed-16f1-6e2999f20cbc","tintindex":0},"west":{"uv":[5.75,15.125,5.875,15.5],"rotation":0,"texture":"#5554acde-b8d3-96ed-16f1-6e2999f20cbc","tintindex":0}}},{"name":"cubo","from":[7.2745457,12.256538,5.9568353],"to":[8.795186,13.638939,6.3024354],"rotation":{"angle":0.0,"axis":"x","origin":[1.9523053,8.109339,2.500835]},"faces":{"down":{"uv":[15.125,7.0,15.5,7.125],"rotation":0,"texture":"#5554acde-b8d3-96ed-16f1-6e2999f20cbc","tintindex":0},"east":{"uv":[0.5,15.5,0.625,15.75],"rotation":0,"texture":"#5554acde-b8d3-96ed-16f1-6e2999f20cbc","tintindex":0},"north":{"uv":[6.5,14.25,6.875,14.5],"rotation":0,"texture":"#5554acde-b8d3-96ed-16f1-6e2999f20cbc","tintindex":0},"south":{"uv":[6.875,14.25,7.25,14.5],"rotation":0,"texture":"#5554acde-b8d3-96ed-16f1-6e2999f20cbc","tintindex":0},"up":{"uv":[15.5,7.0,15.125,6.875],"rotation":0,"texture":"#5554acde-b8d3-96ed-16f1-6e2999f20cbc","tintindex":0},"west":{"uv":[15.5,0.5,15.625,0.75],"rotation":0,"texture":"#5554acde-b8d3-96ed-16f1-6e2999f20cbc","tintindex":0}}},{"name":"cubo","from":[7.6547055,11.910938,5.6112356],"to":[8.415026,13.638939,5.9568353],"rotation":{"angle":0.0,"axis":"x","origin":[1.9523053,8.109339,2.500835]},"faces":{"down":{"uv":[15.75,5.875,15.875,6.0],"rotation":0,"texture":"#5554acde-b8d3-96ed-16f1-6e2999f20cbc","tintindex":0},"east":{"uv":[6.25,15.125,6.375,15.5],"rotation":0,"texture":"#5554acde-b8d3-96ed-16f1-6e2999f20cbc","tintindex":0},"north":{"uv":[6.125,15.125,6.25,15.5],"rotation":0,"texture":"#5554acde-b8d3-96ed-16f1-6e2999f20cbc","tintindex":0},"south":{"uv":[7.25,15.125,7.375,15.5],"rotation":0,"texture":"#5554acde-b8d3-96ed-16f1-6e2999f20cbc","tintindex":0},"up":{"uv":[6.0,15.875,5.875,15.75],"rotation":0,"texture":"#5554acde-b8d3-96ed-16f1-6e2999f20cbc","tintindex":0},"west":{"uv":[7.375,15.125,7.5,15.5],"rotation":0,"texture":"#5554acde-b8d3-96ed-16f1-6e2999f20cbc","tintindex":0}}},{"name":"cubo","from":[7.6547055,9.146137,4.9200354],"to":[8.415026,12.947739,5.6112356],"rotation":{"angle":0.0,"axis":"x","origin":[1.9523053,8.109339,2.500835]},"faces":{"down":{"uv":[15.75,6.0,15.875,6.125],"rotation":0,"texture":"#5554acde-b8d3-96ed-16f1-6e2999f20cbc","tintindex":0},"east":{"uv":[8.875,14.25,9.0,15.0],"rotation":0,"texture":"#5554acde-b8d3-96ed-16f1-6e2999f20cbc","tintindex":0},"north":{"uv":[8.75,14.25,8.875,15.0],"rotation":0,"texture":"#5554acde-b8d3-96ed-16f1-6e2999f20cbc","tintindex":0},"south":{"uv":[9.0,14.25,9.125,15.0],"rotation":0,"texture":"#5554acde-b8d3-96ed-16f1-6e2999f20cbc","tintindex":0},"up":{"uv":[6.125,15.875,6.0,15.75],"rotation":0,"texture":"#5554acde-b8d3-96ed-16f1-6e2999f20cbc","tintindex":0},"west":{"uv":[9.125,14.25,9.25,15.0],"rotation":0,"texture":"#5554acde-b8d3-96ed-16f1-6e2999f20cbc","tintindex":0}}},{"name":"cubo","from":[7.6547055,8.109339,5.2656355],"to":[8.415026,9.146137,5.9568353],"rotation":{"angle":0.0,"axis":"x","origin":[1.9523053,8.109339,2.500835]},"faces":{"down":{"uv":[15.75,6.125,15.875,6.25],"rotation":0,"texture":"#5554acde-b8d3-96ed-16f1-6e2999f20cbc","tintindex":0},"east":{"uv":[0.75,15.5,0.875,15.75],"rotation":0,"texture":"#5554acde-b8d3-96ed-16f1-6e2999f20cbc","tintindex":0},"north":{"uv":[0.625,15.5,0.75,15.75],"rotation":0,"texture":"#5554acde-b8d3-96ed-16f1-6e2999f20cbc","tintindex":0},"south":{"uv":[1.125,15.5,1.25,15.75],"rotation":0,"texture":"#5554acde-b8d3-96ed-16f1-6e2999f20cbc","tintindex":0},"up":{"uv":[6.25,15.875,6.125,15.75],"rotation":0,"texture":"#5554acde-b8d3-96ed-16f1-6e2999f20cbc","tintindex":0},"west":{"uv":[15.5,1.125,15.625,1.375],"rotation":0,"texture":"#5554acde-b8d3-96ed-16f1-6e2999f20cbc","tintindex":0}}},{"name":"cubo","from":[7.6547055,10.182938,4.424435],"to":[8.415026,11.910938,4.9200354],"rotation":{"angle":0.0,"axis":"x","origin":[1.9523053,8.109339,2.500835]},"faces":{"down":{"uv":[15.75,6.25,15.875,6.375],"rotation":0,"texture":"#5554acde-b8d3-96ed-16f1-6e2999f20cbc","tintindex":0},"east":{"uv":[15.125,7.75,15.25,8.125],"rotation":0,"texture":"#5554acde-b8d3-96ed-16f1-6e2999f20cbc","tintindex":0},"north":{"uv":[15.125,7.375,15.25,7.75],"rotation":0,"texture":"#5554acde-b8d3-96ed-16f1-6e2999f20cbc","tintindex":0},"south":{"uv":[7.875,15.125,8.0,15.5],"rotation":0,"texture":"#5554acde-b8d3-96ed-16f1-6e2999f20cbc","tintindex":0},"up":{"uv":[6.375,15.875,6.25,15.75],"rotation":0,"texture":"#5554acde-b8d3-96ed-16f1-6e2999f20cbc","tintindex":0},"west":{"uv":[8.0,15.125,8.125,15.5],"rotation":0,"texture":"#5554acde-b8d3-96ed-16f1-6e2999f20cbc","tintindex":0}}},{"name":"cubo","from":[6.4443855,12.256538,7.6854353],"to":[9.625345,14.615738,10.854035],"rotation":{"angle":0.0,"axis":"x","origin":[1.9523053,8.109339,2.500835]},"faces":{"down":{"uv":[11.125,10.125,11.75,10.75],"rotation":0,"texture":"#5554acde-b8d3-96ed-16f1-6e2999f20cbc","tintindex":0},"east":{"uv":[12.125,3.625,12.75,4.125],"rotation":0,"texture":"#5554acde-b8d3-96ed-16f1-6e2999f20cbc","tintindex":0},"north":{"uv":[3.625,12.125,4.25,12.625],"rotation":0,"texture":"#5554acde-b8d3-96ed-16f1-6e2999f20cbc","tintindex":0},"south":{"uv":[12.125,4.125,12.75,4.625],"rotation":0,"texture":"#5554acde-b8d3-96ed-16f1-6e2999f20cbc","tintindex":0},"up":{"uv":[11.75,10.125,11.125,9.5],"rotation":0,"texture":"#5554acde-b8d3-96ed-16f1-6e2999f20cbc","tintindex":0},"west":{"uv":[5.625,12.125,6.25,12.625],"rotation":0,"texture":"#5554acde-b8d3-96ed-16f1-6e2999f20cbc","tintindex":0}}},{"name":"cube","from":[6.488881,6.0813427,6.0990167],"to":[9.58085,8.217729,10.172489],"rotation":{"angle":0.0,"axis":"x","origin":[8.034865,2.3747847,9.002056]},"faces":{"down":{"uv":[0.75,9.75,1.375,10.625],"rotation":0,"texture":"#5554acde-b8d3-96ed-16f1-6e2999f20cbc","tintindex":0},"east":{"uv":[1.75,10.875,2.625,11.375],"rotation":0,"texture":"#5554acde-b8d3-96ed-16f1-6e2999f20cbc","tintindex":0},"north":{"uv":[6.875,12.125,7.5,12.625],"rotation":0,"texture":"#5554acde-b8d3-96ed-16f1-6e2999f20cbc","tintindex":0},"south":{"uv":[12.125,6.875,12.75,7.375],"rotation":0,"texture":"#5554acde-b8d3-96ed-16f1-6e2999f20cbc","tintindex":0},"up":{"uv":[9.125,10.5,8.5,9.625],"rotation":0,"texture":"#5554acde-b8d3-96ed-16f1-6e2999f20cbc","tintindex":0},"west":{"uv":[9.75,11.0,10.625,11.5],"rotation":0,"texture":"#5554acde-b8d3-96ed-16f1-6e2999f20cbc","tintindex":0}}},{"name":"cube","from":[6.6631217,8.226943,6.329417],"to":[9.40661,8.563329,10.452089],"rotation":{"angle":0.0,"axis":"x","origin":[8.034865,2.3747847,9.002056]},"faces":{"down":{"uv":[7.75,9.75,8.375,10.625],"rotation":0,"texture":"#5554acde-b8d3-96ed-16f1-6e2999f20cbc","tintindex":0},"east":{"uv":[14.125,2.0,15.0,2.125],"rotation":0,"texture":"#5554acde-b8d3-96ed-16f1-6e2999f20cbc","tintindex":0},"north":{"uv":[14.5,6.375,15.125,6.5],"rotation":0,"texture":"#5554acde-b8d3-96ed-16f1-6e2999f20cbc","tintindex":0},"south":{"uv":[14.5,6.5,15.125,6.625],"rotation":0,"texture":"#5554acde-b8d3-96ed-16f1-6e2999f20cbc","tintindex":0},"up":{"uv":[2.0,10.625,1.375,9.75],"rotation":0,"texture":"#5554acde-b8d3-96ed-16f1-6e2999f20cbc","tintindex":0},"west":{"uv":[14.125,2.125,15.0,2.25],"rotation":0,"texture":"#5554acde-b8d3-96ed-16f1-6e2999f20cbc","tintindex":0}}},{"name":"cubo","from":[6.1340656,10.866938,6.3024354],"to":[9.935665,12.4869375,10.795236],"rotation":{"angle":0.0,"axis":"x","origin":[1.9523053,8.109339,2.500835]},"faces":{"down":{"uv":[4.125,8.375,4.875,9.25],"rotation":0,"texture":"#5554acde-b8d3-96ed-16f1-6e2999f20cbc","tintindex":0},"east":{"uv":[11.875,8.625,12.75,9.0],"rotation":0,"texture":"#5554acde-b8d3-96ed-16f1-6e2999f20cbc","tintindex":0},"north":{"uv":[12.375,1.75,13.125,2.125],"rotation":0,"texture":"#5554acde-b8d3-96ed-16f1-6e2999f20cbc","tintindex":0},"south":{"uv":[12.375,4.875,13.125,5.25],"rotation":0,"texture":"#5554acde-b8d3-96ed-16f1-6e2999f20cbc","tintindex":0},"up":{"uv":[4.125,9.25,3.375,8.375],"rotation":0,"texture":"#5554acde-b8d3-96ed-16f1-6e2999f20cbc","tintindex":0},"west":{"uv":[0.0,12.0,0.875,12.375],"rotation":0,"texture":"#5554acde-b8d3-96ed-16f1-6e2999f20cbc","tintindex":0}}},{"name":"cubo","from":[6.1340656,9.786938,6.3024354],"to":[9.935665,10.326939,10.795236],"rotation":{"angle":0.0,"axis":"x","origin":[1.9523053,8.109339,2.500835]},"faces":{"down":{"uv":[5.625,8.375,6.375,9.25],"rotation":0,"texture":"#5554acde-b8d3-96ed-16f1-6e2999f20cbc","tintindex":0},"east":{"uv":[14.125,2.25,15.0,2.375],"rotation":0,"texture":"#5554acde-b8d3-96ed-16f1-6e2999f20cbc","tintindex":0},"north":{"uv":[14.25,3.25,15.0,3.375],"rotation":0,"texture":"#5554acde-b8d3-96ed-16f1-6e2999f20cbc","tintindex":0},"south":{"uv":[14.25,5.25,15.0,5.375],"rotation":0,"texture":"#5554acde-b8d3-96ed-16f1-6e2999f20cbc","tintindex":0},"up":{"uv":[5.625,9.25,4.875,8.375],"rotation":0,"texture":"#5554acde-b8d3-96ed-16f1-6e2999f20cbc","tintindex":0},"west":{"uv":[14.125,4.5,15.0,4.625],"rotation":0,"texture":"#5554acde-b8d3-96ed-16f1-6e2999f20cbc","tintindex":0}}},{"name":"cubo","from":[6.5300655,10.528538,5.6112356],"to":[9.539665,12.4869375,6.3024354],"rotation":{"angle":0.0,"axis":"x","origin":[1.9523053,8.109339,2.500835]},"faces":{"down":{"uv":[14.5,6.25,15.125,6.375],"rotation":0,"texture":"#5554acde-b8d3-96ed-16f1-6e2999f20cbc","tintindex":0},"east":{"uv":[9.375,15.125,9.5,15.5],"rotation":0,"texture":"#5554acde-b8d3-96ed-16f1-6e2999f20cbc","tintindex":0},"north":{"uv":[12.75,0.5,13.375,0.875],"rotation":0,"texture":"#5554acde-b8d3-96ed-16f1-6e2999f20cbc","tintindex":0},"south":{"uv":[12.875,5.875,13.5,6.25],"rotation":0,"texture":"#5554acde-b8d3-96ed-16f1-6e2999f20cbc","tintindex":0},"up":{"uv":[15.125,6.25,14.5,6.125],"rotation":0,"texture":"#5554acde-b8d3-96ed-16f1-6e2999f20cbc","tintindex":0},"west":{"uv":[15.125,9.5,15.25,9.875],"rotation":0,"texture":"#5554acde-b8d3-96ed-16f1-6e2999f20cbc","tintindex":0}}},{"name":"cubo","from":[6.8943853,8.570138,5.9568353],"to":[9.175345,9.786938,10.795236],"rotation":{"angle":0.0,"axis":"x","origin":[1.9523053,8.109339,2.500835]},"faces":{"down":{"uv":[2.5,9.875,3.0,10.875],"rotation":0,"texture":"#5554acde-b8d3-96ed-16f1-6e2999f20cbc","tintindex":0},"east":{"uv":[12.625,10.375,13.625,10.625],"rotation":0,"texture":"#5554acde-b8d3-96ed-16f1-6e2999f20cbc","tintindex":0},"north":{"uv":[14.0,6.375,14.5,6.625],"rotation":0,"texture":"#5554acde-b8d3-96ed-16f1-6e2999f20cbc","tintindex":0},"south":{"uv":[6.75,14.0,7.25,14.25],"rotation":0,"texture":"#5554acde-b8d3-96ed-16f1-6e2999f20cbc","tintindex":0},"up":{"uv":[2.5,10.875,2.0,9.875],"rotation":0,"texture":"#5554acde-b8d3-96ed-16f1-6e2999f20cbc","tintindex":0},"west":{"uv":[11.5,12.625,12.5,12.875],"rotation":0,"texture":"#5554acde-b8d3-96ed-16f1-6e2999f20cbc","tintindex":0}}}],"display":{"head":{"translation":[0.0,-6.4,0.0],"rotation":[0.0,0.0,0.0],"scale":[3.8095,3.8095,3.8095]},"gui":{"translation":[0.0,0.0,0.0],"rotation":[35.0,225.0,0.0],"scale":[0.625,0.625,0.625]}}}