{"file_name":"leg","texture_size":[128,128],"textures":{"5554acde-b8d3-96ed-16f1-6e2999f20cbc":"modelengine:entity/darktang"},"elements":[{"name":"cube","from":[4.7065287,5.0999546,5.815742],"to":[8.546529,5.714355,10.0397415],"rotation":{"angle":45.0,"axis":"z","origin":[4.9138885,5.990835,7.889342]},"faces":{"down":{"uv":[7.875,4.375,8.625,5.25],"rotation":0,"texture":"#5554acde-b8d3-96ed-16f1-6e2999f20cbc","tintindex":0},"east":{"uv":[8.75,14.0,9.625,14.125],"rotation":0,"texture":"#5554acde-b8d3-96ed-16f1-6e2999f20cbc","tintindex":0},"north":{"uv":[14.125,13.375,14.875,13.5],"rotation":0,"texture":"#5554acde-b8d3-96ed-16f1-6e2999f20cbc","tintindex":0},"south":{"uv":[14.125,13.5,14.875,13.625],"rotation":0,"texture":"#5554acde-b8d3-96ed-16f1-6e2999f20cbc","tintindex":0},"up":{"uv":[8.625,4.375,7.875,3.5],"rotation":0,"texture":"#5554acde-b8d3-96ed-16f1-6e2999f20cbc","tintindex":0},"west":{"uv":[14.0,9.0,14.875,9.125],"rotation":0,"texture":"#5554acde-b8d3-96ed-16f1-6e2999f20cbc","tintindex":0}}},{"name":"cube","from":[4.3225284,5.714355,5.815742],"to":[7.9705286,6.424755,10.0397415],"rotation":{"angle":45.0,"axis":"z","origin":[4.9138885,5.990835,7.889342]},"faces":{"down":{"uv":[7.875,7.875,8.625,8.75],"rotation":0,"texture":"#5554acde-b8d3-96ed-16f1-6e2999f20cbc","tintindex":0},"east":{"uv":[14.0,9.125,14.875,9.25],"rotation":0,"texture":"#5554acde-b8d3-96ed-16f1-6e2999f20cbc","tintindex":0},"north":{"uv":[14.125,13.625,14.875,13.75],"rotation":0,"texture":"#5554acde-b8d3-96ed-16f1-6e2999f20cbc","tintindex":0},"south":{"uv":[14.125,13.75,14.875,13.875],"rotation":0,"texture":"#5554acde-b8d3-96ed-16f1-6e2999f20cbc","tintindex":0},"up":{"uv":[8.625,7.875,7.875,7.0],"rotation":0,"texture":"#5554acde-b8d3-96ed-16f1-6e2999f20cbc","tintindex":0},"west":{"uv":[14.0,9.25,14.875,9.375],"rotation":0,"texture":"#5554acde-b8d3-96ed-16f1-6e2999f20cbc","tintindex":0}}},{"name":"cube","from":[4.2867737,0.15028071,5.8733416],"to":[5.6691737,5.7720413,10.001342],"rotation":{"angle":0.0,"axis":"x","origin":[6.8077335,3.1531615,7.985342]},"faces":{"down":{"uv":[7.75,13.125,8.0,14.0],"rotation":0,"texture":"#5554acde-b8d3-96ed-16f1-6e2999f20cbc","tintindex":0},"east":{"uv":[4.0,3.0,4.875,4.125],"rotation":0,"texture":"#5554acde-b8d3-96ed-16f1-6e2999f20cbc","tintindex":0},"north":{"uv":[2.125,12.0,2.375,13.125],"rotation":0,"texture":"#5554acde-b8d3-96ed-16f1-6e2999f20cbc","tintindex":0},"south":{"uv":[4.25,12.125,4.5,13.25],"rotation":0,"texture":"#5554acde-b8d3-96ed-16f1-6e2999f20cbc","tintindex":0},"up":{"uv":[3.25,14.0,3.0,13.125],"rotation":0,"texture":"#5554acde-b8d3-96ed-16f1-6e2999f20cbc","tintindex":0},"west":{"uv":[4.0,4.125,4.875,5.25],"rotation":0,"texture":"#5554acde-b8d3-96ed-16f1-6e2999f20cbc","tintindex":0}}},{"name":"cube","from":[3.1867235,-3.5353932,5.796542],"to":[4.5691233,0.9343672,10.078142],"rotation":{"angle":22.5,"axis":"z","origin":[5.7076836,3.3074872,7.985342]},"faces":{"down":{"uv":[8.75,13.125,9.0,14.0],"rotation":0,"texture":"#5554acde-b8d3-96ed-16f1-6e2999f20cbc","tintindex":0},"east":{"uv":[7.0,3.5,7.875,4.375],"rotation":0,"texture":"#5554acde-b8d3-96ed-16f1-6e2999f20cbc","tintindex":0},"north":{"uv":[8.0,13.125,8.25,14.0],"rotation":0,"texture":"#5554acde-b8d3-96ed-16f1-6e2999f20cbc","tintindex":0},"south":{"uv":[8.25,13.125,8.5,14.0],"rotation":0,"texture":"#5554acde-b8d3-96ed-16f1-6e2999f20cbc","tintindex":0},"up":{"uv":[8.75,14.0,8.5,13.125],"rotation":0,"texture":"#5554acde-b8d3-96ed-16f1-6e2999f20cbc","tintindex":0},"west":{"uv":[7.0,4.375,7.875,5.25],"rotation":0,"texture":"#5554acde-b8d3-96ed-16f1-6e2999f20cbc","tintindex":0}}},{"name":"cube","from":[2.994723,-6.415393,5.796542],"to":[3.993123,-4.057633,10.078142],"rotation":{"angle":22.5,"axis":"z","origin":[5.7076836,3.3074872,7.985342]},"faces":{"down":{"uv":[0.25,13.25,0.5,14.125],"rotation":0,"texture":"#5554acde-b8d3-96ed-16f1-6e2999f20cbc","tintindex":0},"east":{"uv":[10.625,3.375,11.5,3.875],"rotation":0,"texture":"#5554acde-b8d3-96ed-16f1-6e2999f20cbc","tintindex":0},"north":{"uv":[3.75,14.0,4.0,14.5],"rotation":0,"texture":"#5554acde-b8d3-96ed-16f1-6e2999f20cbc","tintindex":0},"south":{"uv":[14.0,4.875,14.25,5.375],"rotation":0,"texture":"#5554acde-b8d3-96ed-16f1-6e2999f20cbc","tintindex":0},"up":{"uv":[0.25,14.125,0.0,13.25],"rotation":0,"texture":"#5554acde-b8d3-96ed-16f1-6e2999f20cbc","tintindex":0},"west":{"uv":[10.625,3.875,11.5,4.375],"rotation":0,"texture":"#5554acde-b8d3-96ed-16f1-6e2999f20cbc","tintindex":0}}},{"name":"cube","from":[12.170314,-4.1748385,5.8541417],"to":[13.168714,-3.1802783,10.010942],"rotation":{"angle":-45.0,"axis":"z","origin":[8.355274,4.1080427,8.004542]},"faces":{"down":{"uv":[10.0,13.25,10.25,14.125],"rotation":0,"texture":"#5554acde-b8d3-96ed-16f1-6e2999f20cbc","tintindex":0},"east":{"uv":[13.125,6.25,14.0,6.5],"rotation":0,"texture":"#5554acde-b8d3-96ed-16f1-6e2999f20cbc","tintindex":0},"north":{"uv":[12.0,14.875,12.25,15.125],"rotation":0,"texture":"#5554acde-b8d3-96ed-16f1-6e2999f20cbc","tintindex":0},"south":{"uv":[12.25,14.875,12.5,15.125],"rotation":0,"texture":"#5554acde-b8d3-96ed-16f1-6e2999f20cbc","tintindex":0},"up":{"uv":[13.5,9.375,13.25,8.5],"rotation":0,"texture":"#5554acde-b8d3-96ed-16f1-6e2999f20cbc","tintindex":0},"west":{"uv":[13.125,6.5,14.0,6.75],"rotation":0,"texture":"#5554acde-b8d3-96ed-16f1-6e2999f20cbc","tintindex":0}}},{"name":"cube","from":[5.1960335,-8.033039,5.8733416],"to":[6.3864336,-4.4464793,9.972542],"rotation":{"angle":0.0,"axis":"x","origin":[4.8369937,4.7618413,7.9661417]},"faces":{"down":{"uv":[13.25,11.125,13.5,12.0],"rotation":0,"texture":"#5554acde-b8d3-96ed-16f1-6e2999f20cbc","tintindex":0},"east":{"uv":[8.375,1.75,9.25,2.5],"rotation":0,"texture":"#5554acde-b8d3-96ed-16f1-6e2999f20cbc","tintindex":0},"north":{"uv":[1.0,13.5,1.25,14.25],"rotation":0,"texture":"#5554acde-b8d3-96ed-16f1-6e2999f20cbc","tintindex":0},"south":{"uv":[6.5,13.5,6.75,14.25],"rotation":0,"texture":"#5554acde-b8d3-96ed-16f1-6e2999f20cbc","tintindex":0},"up":{"uv":[10.5,14.125,10.25,13.25],"rotation":0,"texture":"#5554acde-b8d3-96ed-16f1-6e2999f20cbc","tintindex":0},"west":{"uv":[2.5,8.375,3.375,9.125],"rotation":0,"texture":"#5554acde-b8d3-96ed-16f1-6e2999f20cbc","tintindex":0}}},{"name":"cube","from":[9.919233,-6.689039,5.9021416],"to":[10.917633,-1.950479,9.953342],"rotation":{"angle":0.0,"axis":"x","origin":[9.368195,6.1058416,7.9661417]},"faces":{"down":{"uv":[0.5,13.375,0.75,14.25],"rotation":0,"texture":"#5554acde-b8d3-96ed-16f1-6e2999f20cbc","tintindex":0},"east":{"uv":[0.875,5.5,1.75,6.5],"rotation":0,"texture":"#5554acde-b8d3-96ed-16f1-6e2999f20cbc","tintindex":0},"north":{"uv":[9.75,12.625,10.0,13.625],"rotation":0,"texture":"#5554acde-b8d3-96ed-16f1-6e2999f20cbc","tintindex":0},"south":{"uv":[11.25,12.625,11.5,13.625],"rotation":0,"texture":"#5554acde-b8d3-96ed-16f1-6e2999f20cbc","tintindex":0},"up":{"uv":[13.5,13.5,13.25,12.625],"rotation":0,"texture":"#5554acde-b8d3-96ed-16f1-6e2999f20cbc","tintindex":0},"west":{"uv":[5.5,0.875,6.375,1.875],"rotation":0,"texture":"#5554acde-b8d3-96ed-16f1-6e2999f20cbc","tintindex":0}}},{"name":"cube","from":[-2.0246587,-12.162346,5.9021416],"to":[-1.1798587,-11.321386,9.934142],"rotation":{"angle":45.0,"axis":"z","origin":[-2.3836985,-0.96106625,7.9661417]},"faces":{"down":{"uv":[12.625,14.0,12.75,14.875],"rotation":0,"texture":"#5554acde-b8d3-96ed-16f1-6e2999f20cbc","tintindex":0},"east":{"uv":[14.0,9.875,14.875,10.0],"rotation":0,"texture":"#5554acde-b8d3-96ed-16f1-6e2999f20cbc","tintindex":0},"north":{"uv":[15.875,3.625,16.0,3.75],"rotation":0,"texture":"#5554acde-b8d3-96ed-16f1-6e2999f20cbc","tintindex":0},"south":{"uv":[3.75,15.875,3.875,16.0],"rotation":0,"texture":"#5554acde-b8d3-96ed-16f1-6e2999f20cbc","tintindex":0},"up":{"uv":[12.625,14.875,12.5,14.0],"rotation":0,"texture":"#5554acde-b8d3-96ed-16f1-6e2999f20cbc","tintindex":0},"west":{"uv":[14.0,10.0,14.875,10.125],"rotation":0,"texture":"#5554acde-b8d3-96ed-16f1-6e2999f20cbc","tintindex":0}}},{"name":"cube","from":[2.6409416,-10.818346,5.9309416],"to":[3.3513412,-10.111787,9.914942],"rotation":{"angle":45.0,"axis":"z","origin":[2.1475015,0.38293362,7.9661417]},"faces":{"down":{"uv":[0.0,14.125,0.125,15.0],"rotation":0,"texture":"#5554acde-b8d3-96ed-16f1-6e2999f20cbc","tintindex":0},"east":{"uv":[14.0,11.875,14.875,12.0],"rotation":0,"texture":"#5554acde-b8d3-96ed-16f1-6e2999f20cbc","tintindex":0},"north":{"uv":[15.875,3.875,16.0,4.0],"rotation":0,"texture":"#5554acde-b8d3-96ed-16f1-6e2999f20cbc","tintindex":0},"south":{"uv":[4.0,15.875,4.125,16.0],"rotation":0,"texture":"#5554acde-b8d3-96ed-16f1-6e2999f20cbc","tintindex":0},"up":{"uv":[14.125,14.25,14.0,13.375],"rotation":0,"texture":"#5554acde-b8d3-96ed-16f1-6e2999f20cbc","tintindex":0},"west":{"uv":[14.0,13.25,14.875,13.375],"rotation":0,"texture":"#5554acde-b8d3-96ed-16f1-6e2999f20cbc","tintindex":0}}},{"name":"cube","from":[-0.9555502,-13.408349,5.9117417],"to":[-0.37955022,-12.836188,9.943742],"rotation":{"angle":45.0,"axis":"z","origin":[-1.3145905,-0.5558677,7.9373417]},"faces":{"down":{"uv":[12.875,14.0,13.0,14.875],"rotation":0,"texture":"#5554acde-b8d3-96ed-16f1-6e2999f20cbc","tintindex":0},"east":{"uv":[14.0,11.625,14.875,11.75],"rotation":0,"texture":"#5554acde-b8d3-96ed-16f1-6e2999f20cbc","tintindex":0},"north":{"uv":[15.875,3.75,16.0,3.875],"rotation":0,"texture":"#5554acde-b8d3-96ed-16f1-6e2999f20cbc","tintindex":0},"south":{"uv":[3.875,15.875,4.0,16.0],"rotation":0,"texture":"#5554acde-b8d3-96ed-16f1-6e2999f20cbc","tintindex":0},"up":{"uv":[12.875,14.875,12.75,14.0],"rotation":0,"texture":"#5554acde-b8d3-96ed-16f1-6e2999f20cbc","tintindex":0},"west":{"uv":[14.0,11.75,14.875,11.875],"rotation":0,"texture":"#5554acde-b8d3-96ed-16f1-6e2999f20cbc","tintindex":0}}},{"name":"cube","from":[7.622787,-8.985487,5.8733416],"to":[8.429188,-7.222926,9.991741],"rotation":{"angle":0.0,"axis":"x","origin":[5.5933466,3.137395,7.985342]},"faces":{"down":{"uv":[14.0,12.375,14.125,13.25],"rotation":0,"texture":"#5554acde-b8d3-96ed-16f1-6e2999f20cbc","tintindex":0},"east":{"uv":[11.75,10.375,12.625,10.75],"rotation":0,"texture":"#5554acde-b8d3-96ed-16f1-6e2999f20cbc","tintindex":0},"north":{"uv":[9.125,15.125,9.25,15.5],"rotation":0,"texture":"#5554acde-b8d3-96ed-16f1-6e2999f20cbc","tintindex":0},"south":{"uv":[9.25,15.125,9.375,15.5],"rotation":0,"texture":"#5554acde-b8d3-96ed-16f1-6e2999f20cbc","tintindex":0},"up":{"uv":[12.25,14.875,12.125,14.0],"rotation":0,"texture":"#5554acde-b8d3-96ed-16f1-6e2999f20cbc","tintindex":0},"west":{"uv":[11.875,0.5,12.75,0.875],"rotation":0,"texture":"#5554acde-b8d3-96ed-16f1-6e2999f20cbc","tintindex":0}}},{"name":"cube","from":[12.076608,-6.415393,5.796542],"to":[13.075008,-4.057633,10.078142],"rotation":{"angle":-22.5,"axis":"z","origin":[10.362048,3.3074872,7.985342]},"faces":{"down":{"uv":[2.5,13.25,2.75,14.125],"rotation":0,"texture":"#5554acde-b8d3-96ed-16f1-6e2999f20cbc","tintindex":0},"east":{"uv":[10.625,4.375,11.5,4.875],"rotation":0,"texture":"#5554acde-b8d3-96ed-16f1-6e2999f20cbc","tintindex":0},"north":{"uv":[5.625,14.0,5.875,14.5],"rotation":0,"texture":"#5554acde-b8d3-96ed-16f1-6e2999f20cbc","tintindex":0},"south":{"uv":[14.0,5.625,14.25,6.125],"rotation":0,"texture":"#5554acde-b8d3-96ed-16f1-6e2999f20cbc","tintindex":0},"up":{"uv":[2.5,14.125,2.25,13.25],"rotation":0,"texture":"#5554acde-b8d3-96ed-16f1-6e2999f20cbc","tintindex":0},"west":{"uv":[10.625,4.875,11.5,5.375],"rotation":0,"texture":"#5554acde-b8d3-96ed-16f1-6e2999f20cbc","tintindex":0}}},{"name":"cube","from":[11.500608,-3.5353932,5.796542],"to":[12.883009,0.9343672,10.078142],"rotation":{"angle":-22.5,"axis":"z","origin":[10.362048,3.3074872,7.985342]},"faces":{"down":{"uv":[13.125,9.5,13.375,10.375],"rotation":0,"texture":"#5554acde-b8d3-96ed-16f1-6e2999f20cbc","tintindex":0},"east":{"uv":[7.125,5.25,8.0,6.125],"rotation":0,"texture":"#5554acde-b8d3-96ed-16f1-6e2999f20cbc","tintindex":0},"north":{"uv":[9.0,13.125,9.25,14.0],"rotation":0,"texture":"#5554acde-b8d3-96ed-16f1-6e2999f20cbc","tintindex":0},"south":{"uv":[9.25,13.125,9.5,14.0],"rotation":0,"texture":"#5554acde-b8d3-96ed-16f1-6e2999f20cbc","tintindex":0},"up":{"uv":[9.75,14.0,9.5,13.125],"rotation":0,"texture":"#5554acde-b8d3-96ed-16f1-6e2999f20cbc","tintindex":0},"west":{"uv":[7.25,0.875,8.125,1.75],"rotation":0,"texture":"#5554acde-b8d3-96ed-16f1-6e2999f20cbc","tintindex":0}}},{"name":"cube","from":[7.5232024,5.0999546,5.815742],"to":[11.363202,5.714355,10.0397415],"rotation":{"angle":-45.0,"axis":"z","origin":[11.155842,5.990835,7.889342]},"faces":{"down":{"uv":[0.0,8.25,0.75,9.125],"rotation":0,"texture":"#5554acde-b8d3-96ed-16f1-6e2999f20cbc","tintindex":0},"east":{"uv":[14.0,9.625,14.875,9.75],"rotation":0,"texture":"#5554acde-b8d3-96ed-16f1-6e2999f20cbc","tintindex":0},"north":{"uv":[14.125,14.125,14.875,14.25],"rotation":0,"texture":"#5554acde-b8d3-96ed-16f1-6e2999f20cbc","tintindex":0},"south":{"uv":[0.5,14.25,1.25,14.375],"rotation":0,"texture":"#5554acde-b8d3-96ed-16f1-6e2999f20cbc","tintindex":0},"up":{"uv":[2.5,9.0,1.75,8.125],"rotation":0,"texture":"#5554acde-b8d3-96ed-16f1-6e2999f20cbc","tintindex":0},"west":{"uv":[14.0,9.75,14.875,9.875],"rotation":0,"texture":"#5554acde-b8d3-96ed-16f1-6e2999f20cbc","tintindex":0}}},{"name":"cube","from":[8.099203,5.714355,5.815742],"to":[11.747203,6.424755,10.0397415],"rotation":{"angle":-45.0,"axis":"z","origin":[11.155842,5.990835,7.889342]},"faces":{"down":{"uv":[8.125,0.875,8.875,1.75],"rotation":0,"texture":"#5554acde-b8d3-96ed-16f1-6e2999f20cbc","tintindex":0},"east":{"uv":[14.0,9.375,14.875,9.5],"rotation":0,"texture":"#5554acde-b8d3-96ed-16f1-6e2999f20cbc","tintindex":0},"north":{"uv":[14.125,13.875,14.875,14.0],"rotation":0,"texture":"#5554acde-b8d3-96ed-16f1-6e2999f20cbc","tintindex":0},"south":{"uv":[14.125,14.0,14.875,14.125],"rotation":0,"texture":"#5554acde-b8d3-96ed-16f1-6e2999f20cbc","tintindex":0},"up":{"uv":[8.75,6.125,8.0,5.25],"rotation":0,"texture":"#5554acde-b8d3-96ed-16f1-6e2999f20cbc","tintindex":0},"west":{"uv":[14.0,9.5,14.875,9.625],"rotation":0,"texture":"#5554acde-b8d3-96ed-16f1-6e2999f20cbc","tintindex":0}}},{"name":"cube","from":[10.4005575,0.15028071,5.8733416],"to":[11.782958,5.7720413,10.001342],"rotation":{"angle":0.0,"axis":"x","origin":[9.261997,3.1531615,7.985342]},"faces":{"down":{"uv":[12.75,13.125,13.0,14.0],"rotation":0,"texture":"#5554acde-b8d3-96ed-16f1-6e2999f20cbc","tintindex":0},"east":{"uv":[1.0,4.375,1.875,5.5],"rotation":0,"texture":"#5554acde-b8d3-96ed-16f1-6e2999f20cbc","tintindex":0},"north":{"uv":[6.25,12.375,6.5,13.5],"rotation":0,"texture":"#5554acde-b8d3-96ed-16f1-6e2999f20cbc","tintindex":0},"south":{"uv":[6.5,12.375,6.75,13.5],"rotation":0,"texture":"#5554acde-b8d3-96ed-16f1-6e2999f20cbc","tintindex":0},"up":{"uv":[12.75,14.0,12.5,13.125],"rotation":0,"texture":"#5554acde-b8d3-96ed-16f1-6e2999f20cbc","tintindex":0},"west":{"uv":[1.875,4.375,2.75,5.5],"rotation":0,"texture":"#5554acde-b8d3-96ed-16f1-6e2999f20cbc","tintindex":0}}},{"name":"cube","from":[5.9075055,-4.5702415,5.8733416],"to":[10.162226,-3.4604802,10.001342],"rotation":{"angle":0.0,"axis":"x","origin":[8.034865,9.825921,7.989182]},"faces":{"down":{"uv":[0.0,7.375,0.875,8.25],"rotation":0,"texture":"#5554acde-b8d3-96ed-16f1-6e2999f20cbc","tintindex":0},"east":{"uv":[13.125,0.25,14.0,0.5],"rotation":0,"texture":"#5554acde-b8d3-96ed-16f1-6e2999f20cbc","tintindex":0},"north":{"uv":[13.125,0.0,14.0,0.25],"rotation":0,"texture":"#5554acde-b8d3-96ed-16f1-6e2999f20cbc","tintindex":0},"south":{"uv":[13.125,0.875,14.0,1.125],"rotation":0,"texture":"#5554acde-b8d3-96ed-16f1-6e2999f20cbc","tintindex":0},"up":{"uv":[2.625,8.125,1.75,7.25],"rotation":0,"texture":"#5554acde-b8d3-96ed-16f1-6e2999f20cbc","tintindex":0},"west":{"uv":[13.125,1.125,14.0,1.375],"rotation":0,"texture":"#5554acde-b8d3-96ed-16f1-6e2999f20cbc","tintindex":0}}},{"name":"cube","from":[6.6755056,-6.064,5.9117417],"to":[9.394226,-4.5702415,9.962942],"rotation":{"angle":0.0,"axis":"x","origin":[8.034865,9.868161,7.989182]},"faces":{"down":{"uv":[9.375,4.0,10.0,4.875],"rotation":0,"texture":"#5554acde-b8d3-96ed-16f1-6e2999f20cbc","tintindex":0},"east":{"uv":[13.125,1.75,14.0,2.0],"rotation":0,"texture":"#5554acde-b8d3-96ed-16f1-6e2999f20cbc","tintindex":0},"north":{"uv":[9.375,5.75,10.0,6.0],"rotation":0,"texture":"#5554acde-b8d3-96ed-16f1-6e2999f20cbc","tintindex":0},"south":{"uv":[9.375,7.625,10.0,7.875],"rotation":0,"texture":"#5554acde-b8d3-96ed-16f1-6e2999f20cbc","tintindex":0},"up":{"uv":[10.0,4.0,9.375,3.125],"rotation":0,"texture":"#5554acde-b8d3-96ed-16f1-6e2999f20cbc","tintindex":0},"west":{"uv":[13.125,4.875,14.0,5.125],"rotation":0,"texture":"#5554acde-b8d3-96ed-16f1-6e2999f20cbc","tintindex":0}}},{"name":"cube","from":[1.9771647,0.9697294,5.7581415],"to":[3.5515647,2.5441298,10.116542],"rotation":{"angle":45.0,"axis":"z","origin":[15.624526,3.8842902,7.873982]},"faces":{"down":{"uv":[8.25,11.75,8.625,12.625],"rotation":0,"texture":"#5554acde-b8d3-96ed-16f1-6e2999f20cbc","tintindex":0},"east":{"uv":[11.75,6.5,12.625,6.875],"rotation":0,"texture":"#5554acde-b8d3-96ed-16f1-6e2999f20cbc","tintindex":0},"north":{"uv":[13.625,6.875,14.0,7.25],"rotation":0,"texture":"#5554acde-b8d3-96ed-16f1-6e2999f20cbc","tintindex":0},"south":{"uv":[7.125,13.625,7.5,14.0],"rotation":0,"texture":"#5554acde-b8d3-96ed-16f1-6e2999f20cbc","tintindex":0},"up":{"uv":[12.125,7.75,11.75,6.875],"rotation":0,"texture":"#5554acde-b8d3-96ed-16f1-6e2999f20cbc","tintindex":0},"west":{"uv":[6.875,11.75,7.75,12.125],"rotation":0,"texture":"#5554acde-b8d3-96ed-16f1-6e2999f20cbc","tintindex":0}}},{"name":"cube","from":[8.0483055,1.5200002,6.007742],"to":[10.5462265,7.2185597,9.962942],"rotation":{"angle":0.0,"axis":"x","origin":[8.034865,9.868161,7.989182]},"faces":{"down":{"uv":[5.5,10.375,6.0,11.25],"rotation":0,"texture":"#5554acde-b8d3-96ed-16f1-6e2999f20cbc","tintindex":0},"east":{"uv":[2.75,4.375,3.625,5.5],"rotation":0,"texture":"#5554acde-b8d3-96ed-16f1-6e2999f20cbc","tintindex":0},"north":{"uv":[3.0,9.25,3.5,10.375],"rotation":0,"texture":"#5554acde-b8d3-96ed-16f1-6e2999f20cbc","tintindex":0},"south":{"uv":[3.5,9.25,4.0,10.375],"rotation":0,"texture":"#5554acde-b8d3-96ed-16f1-6e2999f20cbc","tintindex":0},"up":{"uv":[7.75,11.125,7.25,10.25],"rotation":0,"texture":"#5554acde-b8d3-96ed-16f1-6e2999f20cbc","tintindex":0},"west":{"uv":[0.0,4.5,0.875,5.625],"rotation":0,"texture":"#5554acde-b8d3-96ed-16f1-6e2999f20cbc","tintindex":0}}},{"name":"cube","from":[7.80475,-2.0523877,6.007742],"to":[10.39867,1.5533723,9.962942],"rotation":{"angle":0.0,"axis":"x","origin":[10.95931,9.079773,7.989182]},"faces":{"down":{"uv":[10.625,6.25,11.125,7.125],"rotation":0,"texture":"#5554acde-b8d3-96ed-16f1-6e2999f20cbc","tintindex":0},"east":{"uv":[8.25,0.0,9.125,0.75],"rotation":0,"texture":"#5554acde-b8d3-96ed-16f1-6e2999f20cbc","tintindex":0},"north":{"uv":[11.5,11.25,12.0,12.0],"rotation":0,"texture":"#5554acde-b8d3-96ed-16f1-6e2999f20cbc","tintindex":0},"south":{"uv":[11.625,1.125,12.125,1.875],"rotation":0,"texture":"#5554acde-b8d3-96ed-16f1-6e2999f20cbc","tintindex":0},"up":{"uv":[6.5,11.5,6.0,10.625],"rotation":0,"texture":"#5554acde-b8d3-96ed-16f1-6e2999f20cbc","tintindex":0},"west":{"uv":[0.75,8.25,1.625,9.0],"rotation":0,"texture":"#5554acde-b8d3-96ed-16f1-6e2999f20cbc","tintindex":0}}},{"name":"cube","from":[14.992155,-8.437367,5.9117417],"to":[16.798874,-5.8876066,9.972542],"rotation":{"angle":-45.0,"axis":"z","origin":[17.474716,4.2307944,7.989182]},"faces":{"down":{"uv":[11.875,7.75,12.25,8.625],"rotation":0,"texture":"#5554acde-b8d3-96ed-16f1-6e2999f20cbc","tintindex":0},"east":{"uv":[10.75,1.5,11.625,2.0],"rotation":0,"texture":"#5554acde-b8d3-96ed-16f1-6e2999f20cbc","tintindex":0},"north":{"uv":[13.5,11.125,13.875,11.625],"rotation":0,"texture":"#5554acde-b8d3-96ed-16f1-6e2999f20cbc","tintindex":0},"south":{"uv":[11.5,13.5,11.875,14.0],"rotation":0,"texture":"#5554acde-b8d3-96ed-16f1-6e2999f20cbc","tintindex":0},"up":{"uv":[5.625,12.75,5.25,11.875],"rotation":0,"texture":"#5554acde-b8d3-96ed-16f1-6e2999f20cbc","tintindex":0},"west":{"uv":[10.75,2.0,11.625,2.5],"rotation":0,"texture":"#5554acde-b8d3-96ed-16f1-6e2999f20cbc","tintindex":0}}},{"name":"cube","from":[5.5235057,1.5200002,6.007742],"to":[8.050226,7.2185597,9.962942],"rotation":{"angle":0.0,"axis":"x","origin":[8.034865,9.868161,7.989182]},"faces":{"down":{"uv":[10.625,5.375,11.125,6.25],"rotation":0,"texture":"#5554acde-b8d3-96ed-16f1-6e2999f20cbc","tintindex":0},"east":{"uv":[4.625,0.0,5.5,1.125],"rotation":0,"texture":"#5554acde-b8d3-96ed-16f1-6e2999f20cbc","tintindex":0},"north":{"uv":[4.0,9.25,4.5,10.375],"rotation":0,"texture":"#5554acde-b8d3-96ed-16f1-6e2999f20cbc","tintindex":0},"south":{"uv":[4.5,9.25,5.0,10.375],"rotation":0,"texture":"#5554acde-b8d3-96ed-16f1-6e2999f20cbc","tintindex":0},"up":{"uv":[1.75,11.5,1.25,10.625],"rotation":0,"texture":"#5554acde-b8d3-96ed-16f1-6e2999f20cbc","tintindex":0},"west":{"uv":[4.625,1.125,5.5,2.25],"rotation":0,"texture":"#5554acde-b8d3-96ed-16f1-6e2999f20cbc","tintindex":0}}},{"name":"cube","from":[2.0675056,-1.6480002,5.950142],"to":[4.6902256,3.4937594,9.934142],"rotation":{"angle":22.5,"axis":"z","origin":[8.034865,9.868161,7.989182]},"faces":{"down":{"uv":[7.75,10.625,8.25,11.5],"rotation":0,"texture":"#5554acde-b8d3-96ed-16f1-6e2999f20cbc","tintindex":0},"east":{"uv":[4.875,2.25,5.75,3.375],"rotation":0,"texture":"#5554acde-b8d3-96ed-16f1-6e2999f20cbc","tintindex":0},"north":{"uv":[5.0,9.25,5.5,10.375],"rotation":0,"texture":"#5554acde-b8d3-96ed-16f1-6e2999f20cbc","tintindex":0},"south":{"uv":[5.5,9.25,6.0,10.375],"rotation":0,"texture":"#5554acde-b8d3-96ed-16f1-6e2999f20cbc","tintindex":0},"up":{"uv":[11.125,8.0,10.625,7.125],"rotation":0,"texture":"#5554acde-b8d3-96ed-16f1-6e2999f20cbc","tintindex":0},"west":{"uv":[4.875,3.375,5.75,4.5],"rotation":0,"texture":"#5554acde-b8d3-96ed-16f1-6e2999f20cbc","tintindex":0}}}],"display":{"head":{"translation":[0.0,-6.4,0.0],"rotation":[0.0,0.0,0.0],"scale":[3.8095,3.8095,3.8095]},"gui":{"translation":[0.0,0.0,0.0],"rotation":[35.0,225.0,0.0],"scale":[0.625,0.625,0.625]}}}