{"file_name":"rightarm","texture_size":[128,128],"textures":{"5554acde-b8d3-96ed-16f1-6e2999f20cbc":"modelengine:entity/darktang"},"elements":[{"name":"cube","from":[0.56407404,5.2616005,6.3087015],"to":[3.3711138,8.372,6.5187016],"rotation":{"angle":0.0,"axis":"x","origin":[12.364394,-9.772001,7.7203817]},"faces":{"down":{"uv":[16.0,15.875,15.375,16.0],"rotation":0,"texture":"#5554acde-b8d3-96ed-16f1-6e2999f20cbc","tintindex":0},"east":{"uv":[16.0,15.25,15.875,15.875],"rotation":0,"texture":"#5554acde-b8d3-96ed-16f1-6e2999f20cbc","tintindex":0},"north":{"uv":[11.875,0.5,11.25,1.125],"rotation":0,"texture":"#5554acde-b8d3-96ed-16f1-6e2999f20cbc","tintindex":0},"south":{"uv":[10.625,5.875,10.0,6.5],"rotation":0,"texture":"#5554acde-b8d3-96ed-16f1-6e2999f20cbc","tintindex":0},"up":{"uv":[16.375,11.375,16.0,11.25],"rotation":0,"texture":"#5554acde-b8d3-96ed-16f1-6e2999f20cbc","tintindex":0},"west":{"uv":[6.75,14.5,6.625,15.125],"rotation":0,"texture":"#5554acde-b8d3-96ed-16f1-6e2999f20cbc","tintindex":0}}},{"name":"cube","from":[0.56407404,5.2616005,8.612701],"to":[3.3711138,8.372,8.822702],"rotation":{"angle":0.0,"axis":"x","origin":[12.364394,-9.772001,7.7203817]},"faces":{"down":{"uv":[16.0,15.875,15.375,16.0],"rotation":0,"texture":"#5554acde-b8d3-96ed-16f1-6e2999f20cbc","tintindex":0},"east":{"uv":[16.0,15.25,15.875,15.875],"rotation":0,"texture":"#5554acde-b8d3-96ed-16f1-6e2999f20cbc","tintindex":0},"north":{"uv":[11.875,8.5,11.25,9.125],"rotation":0,"texture":"#5554acde-b8d3-96ed-16f1-6e2999f20cbc","tintindex":0},"south":{"uv":[10.625,5.875,10.0,6.5],"rotation":0,"texture":"#5554acde-b8d3-96ed-16f1-6e2999f20cbc","tintindex":0},"up":{"uv":[16.375,11.375,16.0,11.25],"rotation":0,"texture":"#5554acde-b8d3-96ed-16f1-6e2999f20cbc","tintindex":0},"west":{"uv":[7.0,14.5,6.875,15.125],"rotation":0,"texture":"#5554acde-b8d3-96ed-16f1-6e2999f20cbc","tintindex":0}}},{"name":"cube","from":[-0.4919262,4.9736004,7.460702],"to":[4.1391144,9.428001,7.670702],"rotation":{"angle":0.0,"axis":"x","origin":[12.364394,-9.772001,7.7203817]},"faces":{"down":{"uv":[16.375,15.875,15.375,16.0],"rotation":0,"texture":"#5554acde-b8d3-96ed-16f1-6e2999f20cbc","tintindex":0},"east":{"uv":[16.0,15.25,15.875,16.125],"rotation":0,"texture":"#5554acde-b8d3-96ed-16f1-6e2999f20cbc","tintindex":0},"north":{"uv":[2.75,5.5,1.75,6.375],"rotation":0,"texture":"#5554acde-b8d3-96ed-16f1-6e2999f20cbc","tintindex":0},"south":{"uv":[5.875,5.25,4.875,6.125],"rotation":0,"texture":"#5554acde-b8d3-96ed-16f1-6e2999f20cbc","tintindex":0},"up":{"uv":[16.375,11.375,16.0,11.25],"rotation":0,"texture":"#5554acde-b8d3-96ed-16f1-6e2999f20cbc","tintindex":0},"west":{"uv":[0.25,14.125,0.125,15.0],"rotation":0,"texture":"#5554acde-b8d3-96ed-16f1-6e2999f20cbc","tintindex":0}}},{"name":"cube","from":[3.4178052,4.9736004,5.600702],"to":[7.0888453,8.659999,9.548222],"rotation":{"angle":0.0,"axis":"x","origin":[12.434126,-9.772001,7.7203817]},"faces":{"down":{"uv":[7.75,6.125,8.5,7.0],"rotation":0,"texture":"#5554acde-b8d3-96ed-16f1-6e2999f20cbc","tintindex":0},"east":{"uv":[2.625,7.625,3.5,8.375],"rotation":0,"texture":"#5554acde-b8d3-96ed-16f1-6e2999f20cbc","tintindex":0},"north":{"uv":[6.375,9.125,7.125,9.875],"rotation":0,"texture":"#5554acde-b8d3-96ed-16f1-6e2999f20cbc","tintindex":0},"south":{"uv":[9.25,1.5,10.0,2.25],"rotation":0,"texture":"#5554acde-b8d3-96ed-16f1-6e2999f20cbc","tintindex":0},"up":{"uv":[8.5,3.5,7.75,2.625],"rotation":0,"texture":"#5554acde-b8d3-96ed-16f1-6e2999f20cbc","tintindex":0},"west":{"uv":[3.5,7.625,4.375,8.375],"rotation":0,"texture":"#5554acde-b8d3-96ed-16f1-6e2999f20cbc","tintindex":0}}},{"name":"cube","from":[3.141326,5.41136,6.1498218],"to":[3.4178052,8.2721615,9.098942],"rotation":{"angle":0.0,"axis":"x","origin":[12.434126,-9.772001,7.7203817]},"faces":{"down":{"uv":[2.875,14.5,3.0,15.125],"rotation":0,"texture":"#5554acde-b8d3-96ed-16f1-6e2999f20cbc","tintindex":0},"east":{"uv":[11.125,6.625,11.75,7.25],"rotation":0,"texture":"#5554acde-b8d3-96ed-16f1-6e2999f20cbc","tintindex":0},"north":{"uv":[2.0,14.5,2.125,15.125],"rotation":0,"texture":"#5554acde-b8d3-96ed-16f1-6e2999f20cbc","tintindex":0},"south":{"uv":[2.125,14.5,2.25,15.125],"rotation":0,"texture":"#5554acde-b8d3-96ed-16f1-6e2999f20cbc","tintindex":0},"up":{"uv":[2.875,15.125,2.75,14.5],"rotation":0,"texture":"#5554acde-b8d3-96ed-16f1-6e2999f20cbc","tintindex":0},"west":{"uv":[7.125,11.125,7.75,11.75],"rotation":0,"texture":"#5554acde-b8d3-96ed-16f1-6e2999f20cbc","tintindex":0}}},{"name":"cube","from":[2.949325,5.60336,6.437822],"to":[3.129805,8.080159,8.810942],"rotation":{"angle":0.0,"axis":"x","origin":[12.434126,-9.772001,7.7203817]},"faces":{"down":{"uv":[7.625,14.75,7.75,15.25],"rotation":0,"texture":"#5554acde-b8d3-96ed-16f1-6e2999f20cbc","tintindex":0},"east":{"uv":[9.25,12.625,9.75,13.125],"rotation":0,"texture":"#5554acde-b8d3-96ed-16f1-6e2999f20cbc","tintindex":0},"north":{"uv":[4.625,14.75,4.75,15.25],"rotation":0,"texture":"#5554acde-b8d3-96ed-16f1-6e2999f20cbc","tintindex":0},"south":{"uv":[6.0,14.75,6.125,15.25],"rotation":0,"texture":"#5554acde-b8d3-96ed-16f1-6e2999f20cbc","tintindex":0},"up":{"uv":[7.625,15.25,7.5,14.75],"rotation":0,"texture":"#5554acde-b8d3-96ed-16f1-6e2999f20cbc","tintindex":0},"west":{"uv":[12.625,9.5,13.125,10.0],"rotation":0,"texture":"#5554acde-b8d3-96ed-16f1-6e2999f20cbc","tintindex":0}}},{"name":"cube","from":[3.5867653,5.4343996,5.393342],"to":[6.535886,8.199201,5.623742],"rotation":{"angle":0.0,"axis":"x","origin":[12.434126,-9.772001,7.7203817]},"faces":{"down":{"uv":[14.375,10.875,15.0,11.0],"rotation":0,"texture":"#5554acde-b8d3-96ed-16f1-6e2999f20cbc","tintindex":0},"east":{"uv":[10.25,14.375,10.375,15.0],"rotation":0,"texture":"#5554acde-b8d3-96ed-16f1-6e2999f20cbc","tintindex":0},"north":{"uv":[11.125,5.375,11.75,6.0],"rotation":0,"texture":"#5554acde-b8d3-96ed-16f1-6e2999f20cbc","tintindex":0},"south":{"uv":[11.125,6.0,11.75,6.625],"rotation":0,"texture":"#5554acde-b8d3-96ed-16f1-6e2999f20cbc","tintindex":0},"up":{"uv":[15.0,10.875,14.375,10.75],"rotation":0,"texture":"#5554acde-b8d3-96ed-16f1-6e2999f20cbc","tintindex":0},"west":{"uv":[14.375,12.5,14.5,13.125],"rotation":0,"texture":"#5554acde-b8d3-96ed-16f1-6e2999f20cbc","tintindex":0}}},{"name":"cube","from":[3.7787657,5.626399,5.162942],"to":[6.3438854,8.0072,5.393342],"rotation":{"angle":0.0,"axis":"x","origin":[12.434126,-9.772001,7.7203817]},"faces":{"down":{"uv":[14.625,5.125,15.125,5.25],"rotation":0,"texture":"#5554acde-b8d3-96ed-16f1-6e2999f20cbc","tintindex":0},"east":{"uv":[4.125,14.75,4.25,15.25],"rotation":0,"texture":"#5554acde-b8d3-96ed-16f1-6e2999f20cbc","tintindex":0},"north":{"uv":[8.25,12.625,8.75,13.125],"rotation":0,"texture":"#5554acde-b8d3-96ed-16f1-6e2999f20cbc","tintindex":0},"south":{"uv":[8.75,12.625,9.25,13.125],"rotation":0,"texture":"#5554acde-b8d3-96ed-16f1-6e2999f20cbc","tintindex":0},"up":{"uv":[13.125,10.125,12.625,10.0],"rotation":0,"texture":"#5554acde-b8d3-96ed-16f1-6e2999f20cbc","tintindex":0},"west":{"uv":[4.5,14.75,4.625,15.25],"rotation":0,"texture":"#5554acde-b8d3-96ed-16f1-6e2999f20cbc","tintindex":0}}},{"name":"cube","from":[4.2318854,5.250081,5.877182],"to":[8.286926,9.30512,10.009022],"rotation":{"angle":0.0,"axis":"x","origin":[12.434126,-9.40336,7.1674223]},"faces":{"down":{"uv":[5.125,6.625,6.0,7.5],"rotation":0,"texture":"#5554acde-b8d3-96ed-16f1-6e2999f20cbc","tintindex":0},"east":{"uv":[1.75,6.375,2.625,7.25],"rotation":0,"texture":"#5554acde-b8d3-96ed-16f1-6e2999f20cbc","tintindex":0},"north":{"uv":[6.375,0.875,7.25,1.75],"rotation":0,"texture":"#5554acde-b8d3-96ed-16f1-6e2999f20cbc","tintindex":0},"south":{"uv":[0.0,6.5,0.875,7.375],"rotation":0,"texture":"#5554acde-b8d3-96ed-16f1-6e2999f20cbc","tintindex":0},"up":{"uv":[1.75,7.375,0.875,6.5],"rotation":0,"texture":"#5554acde-b8d3-96ed-16f1-6e2999f20cbc","tintindex":0},"west":{"uv":[6.5,0.0,7.375,0.875],"rotation":0,"texture":"#5554acde-b8d3-96ed-16f1-6e2999f20cbc","tintindex":0}}},{"name":"cube","from":[4.4776454,5.7108793,10.009022],"to":[7.4267654,8.84432,10.2855015],"rotation":{"angle":0.0,"axis":"x","origin":[12.434126,-9.40336,7.1674223]},"faces":{"down":{"uv":[14.375,10.625,15.0,10.75],"rotation":0,"texture":"#5554acde-b8d3-96ed-16f1-6e2999f20cbc","tintindex":0},"east":{"uv":[10.0,14.375,10.125,15.0],"rotation":0,"texture":"#5554acde-b8d3-96ed-16f1-6e2999f20cbc","tintindex":0},"north":{"uv":[3.875,11.125,4.5,11.75],"rotation":0,"texture":"#5554acde-b8d3-96ed-16f1-6e2999f20cbc","tintindex":0},"south":{"uv":[4.5,11.125,5.125,11.75],"rotation":0,"texture":"#5554acde-b8d3-96ed-16f1-6e2999f20cbc","tintindex":0},"up":{"uv":[15.0,10.625,14.375,10.5],"rotation":0,"texture":"#5554acde-b8d3-96ed-16f1-6e2999f20cbc","tintindex":0},"west":{"uv":[10.125,14.375,10.25,15.0],"rotation":0,"texture":"#5554acde-b8d3-96ed-16f1-6e2999f20cbc","tintindex":0}}},{"name":"cube","from":[4.6696453,5.9988794,10.297022],"to":[7.4267654,8.55632,10.477502],"rotation":{"angle":0.0,"axis":"x","origin":[12.434126,-9.40336,7.1674223]},"faces":{"down":{"uv":[14.375,13.125,15.0,13.25],"rotation":0,"texture":"#5554acde-b8d3-96ed-16f1-6e2999f20cbc","tintindex":0},"east":{"uv":[9.75,14.75,9.875,15.25],"rotation":0,"texture":"#5554acde-b8d3-96ed-16f1-6e2999f20cbc","tintindex":0},"north":{"uv":[7.125,6.125,7.75,6.625],"rotation":0,"texture":"#5554acde-b8d3-96ed-16f1-6e2999f20cbc","tintindex":0},"south":{"uv":[12.0,0.0,12.625,0.5],"rotation":0,"texture":"#5554acde-b8d3-96ed-16f1-6e2999f20cbc","tintindex":0},"up":{"uv":[15.0,11.125,14.375,11.0],"rotation":0,"texture":"#5554acde-b8d3-96ed-16f1-6e2999f20cbc","tintindex":0},"west":{"uv":[9.875,14.75,10.0,15.25],"rotation":0,"texture":"#5554acde-b8d3-96ed-16f1-6e2999f20cbc","tintindex":0}}},{"name":"cube","from":[4.7848454,9.28208,6.5223017],"to":[7.7339654,9.604641,9.363903],"rotation":{"angle":0.0,"axis":"x","origin":[12.434126,-9.40336,7.1674223]},"faces":{"down":{"uv":[3.25,11.125,3.875,11.75],"rotation":0,"texture":"#5554acde-b8d3-96ed-16f1-6e2999f20cbc","tintindex":0},"east":{"uv":[14.375,8.75,15.0,8.875],"rotation":0,"texture":"#5554acde-b8d3-96ed-16f1-6e2999f20cbc","tintindex":0},"north":{"uv":[7.875,14.375,8.5,14.5],"rotation":0,"texture":"#5554acde-b8d3-96ed-16f1-6e2999f20cbc","tintindex":0},"south":{"uv":[14.375,8.875,15.0,9.0],"rotation":0,"texture":"#5554acde-b8d3-96ed-16f1-6e2999f20cbc","tintindex":0},"up":{"uv":[3.25,11.75,2.625,11.125],"rotation":0,"texture":"#5554acde-b8d3-96ed-16f1-6e2999f20cbc","tintindex":0},"west":{"uv":[14.375,10.375,15.0,10.5],"rotation":0,"texture":"#5554acde-b8d3-96ed-16f1-6e2999f20cbc","tintindex":0}}}],"display":{"head":{"translation":[0.0,-6.4,0.0],"rotation":[0.0,0.0,0.0],"scale":[3.8095,3.8095,3.8095]},"gui":{"translation":[0.0,0.0,0.0],"rotation":[35.0,225.0,0.0],"scale":[0.625,0.625,0.625]}}}