{
"__comment": "Designed by creatorLabs with CubikStudio - https://cubik.studio - Download 3D CreatorCraft at https://www.planetminecraft.com/texture_pack/3d-creatorcraft/",
    "variants": {
        "facing=north,half=bottom,open=false": { "model": "block/doors/trapdoor/acacia/bottom" },
        "facing=south,half=bottom,open=false": { "model": "block/doors/trapdoor/acacia/bottom", "y": 180 },
        "facing=east,half=bottom,open=false": { "model": "block/doors/trapdoor/acacia/bottom", "y": 90 },
        "facing=west,half=bottom,open=false": { "model": "block/doors/trapdoor/acacia/bottom", "y": 270 },
        "facing=north,half=top,open=false": { "model": "block/doors/trapdoor/acacia/top"},
        "facing=south,half=top,open=false": { "model": "block/doors/trapdoor/acacia/top", "y": 180 },
        "facing=east,half=top,open=false": { "model": "block/doors/trapdoor/acacia/top", "y": 90 },
        "facing=west,half=top,open=false": { "model": "block/doors/trapdoor/acacia/top", "y": 270 },
        "facing=north,half=bottom,open=true": { "model": "block/doors/trapdoor/acacia/open"},
        "facing=south,half=bottom,open=true": { "model": "block/doors/trapdoor/acacia/open", "y": 180 },
        "facing=east,half=bottom,open=true": { "model": "block/doors/trapdoor/acacia/open", "y": 90 },
        "facing=west,half=bottom,open=true": { "model": "block/doors/trapdoor/acacia/open", "y": 270 },
        "facing=north,half=top,open=true": { "model": "block/doors/trapdoor/acacia/open", "x": 180, "y": 180 },
        "facing=south,half=top,open=true": { "model": "block/doors/trapdoor/acacia/open", "x": 180, "y": 0 },
        "facing=east,half=top,open=true": { "model": "block/doors/trapdoor/acacia/open", "x": 180, "y": 270 },
        "facing=west,half=top,open=true": { "model": "block/doors/trapdoor/acacia/open", "x": 180, "y": 90 }
    }
}
