{
	"__comment": "Designed by CreatorLabs with Cubik Studio - https://cubik.studio - Download 3D CreatorCraft at https://www.planetminecraft.com/texture_pack/3d-creatorcraft/",
    "variants": {
        "facing=down": { "model": "block/barrel/barrel", "x": 180 },
        "facing=up": { "model": "block/barrel/barrel" },
        "facing=north": { "model": "block/barrel/barrel", "x": 90 },
        "facing=south": { "model": "block/barrel/barrel", "x": 90, "y": 180 },
        "facing=west": { "model": "block/barrel/barrel", "x": 90, "y": 270 },
        "facing=east": { "model": "block/barrel/barrel", "x": 90, "y": 90 }
    }
}
