{
"__comment": "Designed by CreatorLabs with Cubik Studio - https://cubik.studio - Download at https://www.planetminecraft.com/texture_pack/3d-creatorcraft/",
    "variants": {
        "": [
		{ "model": "block/bedrock/bedrock", "y": 90 },
		{ "model": "block/bedrock/bedrock", "y": 180 },
		{ "model": "block/bedrock/bedrock", "y": 270 },
		{ "model": "block/bedrock/bedrock" },
		{ "model": "block/bedrock/bedrock", "x": 90 },
		{ "model": "block/bedrock/bedrock", "x": 180 },
		{ "model": "block/bedrock/bedrock", "x": 270 },
		{ "model": "block/bedrock/bedrock" },
		{ "model": "block/bedrock/bedrock", "z": 90 },
		{ "model": "block/bedrock/bedrock", "z": 180 },
		{ "model": "block/bedrock/bedrock", "z": 270 },
		{ "model": "block/bedrock/bedrock" }
		]
    }
}
