{
	"__comment": "Designed by CreatorLabs with Cubik Studio - https://cubik.studio - Download 3D CreatorCraft at https://www.planetminecraft.com/texture_pack/3d-creatorcraft/",
    "variants": {
        "facing=north,honey_level=0": { "model": "block/bee/hive/block" },
        "facing=south,honey_level=0": { "model": "block/bee/hive/block", "y": 180 },
        "facing=west,honey_level=0":  { "model": "block/bee/hive/block", "y": 270 },
        "facing=east,honey_level=0":  { "model": "block/bee/hive/block", "y": 90 },
        "facing=north,honey_level=1": { "model": "block/bee/hive/block" },
        "facing=south,honey_level=1": { "model": "block/bee/hive/block", "y": 180 },
        "facing=west,honey_level=1":  { "model": "block/bee/hive/block", "y": 270 },
        "facing=east,honey_level=1":  { "model": "block/bee/hive/block", "y": 90 },
        "facing=north,honey_level=2": { "model": "block/bee/hive/block" },
        "facing=south,honey_level=2": { "model": "block/bee/hive/block", "y": 180 },
        "facing=west,honey_level=2":  { "model": "block/bee/hive/block", "y": 270 },
        "facing=east,honey_level=2":  { "model": "block/bee/hive/block", "y": 90 },
        "facing=north,honey_level=3": { "model": "block/bee/hive/block" },
        "facing=south,honey_level=3": { "model": "block/bee/hive/block", "y": 180 },
        "facing=west,honey_level=3":  { "model": "block/bee/hive/block", "y": 270 },
        "facing=east,honey_level=3":  { "model": "block/bee/hive/block", "y": 90 },
        "facing=north,honey_level=4": { "model": "block/bee/hive/block" },
        "facing=south,honey_level=4": { "model": "block/bee/hive/block", "y": 180 },
        "facing=west,honey_level=4":  { "model": "block/bee/hive/block", "y": 270 },
        "facing=east,honey_level=4":  { "model": "block/bee/hive/block", "y": 90 },
        "facing=north,honey_level=5": { "model": "block/bee/hive/honey" },
        "facing=south,honey_level=5": { "model": "block/bee/hive/honey", "y": 180 },
        "facing=west,honey_level=5":  { "model": "block/bee/hive/honey", "y": 270 },
        "facing=east,honey_level=5":  { "model": "block/bee/hive/honey", "y": 90 }
    }
}
