{
"__comment": "Designed by CreatorLabs with Cubik Studio - https://cubik.studio - Download 3D CreatorCraft at https://www.planetminecraft.com/texture_pack/3d-creatorcraft/",
    "variants": {
        "stage=0": [
		{ "model": "block/saplings/birch/sapling" },
		{ "model": "block/saplings/birch/sapling", "y": 90 },
		{ "model": "block/saplings/birch/sapling", "y": 180 },
		{ "model": "block/saplings/birch/sapling", "y": 270 }
		],                          
        "stage=1": [                
		{ "model": "block/saplings/birch/sapling" },  
		{ "model": "block/saplings/birch/sapling", "y": 90 },
		{ "model": "block/saplings/birch/sapling", "y": 180 },
		{ "model": "block/saplings/birch/sapling", "y": 270 }
		]
    }
}