{
	"__comment": "Designed by creatorLabs with CubikStudio - https://cubik.studio - Download 3D CreatorCraft at https://www.planetminecraft.com/texture_pack/3d-creatorcraft/",
    "variants": {
        "facing=south": { "model": "block/terracotta/downgrade/flat/black_glazed_terracotta" },
        "facing=west": { "model": "block/terracotta/downgrade/flat/black_glazed_terracotta", "y": 90 },
        "facing=north": { "model": "block/terracotta/downgrade/flat/black_glazed_terracotta", "y": 180 },
        "facing=east": { "model": "block/terracotta/downgrade/flat/black_glazed_terracotta", "y": 270 }
    }
}
