{
	"__comment": "Designed by CreatorLabs with Cubik Studio - https://cubik.studio - Download 3D CreatorCraft at https://www.planetminecraft.com/texture_pack/3d-creatorcraft/",
    "multipart": [
        {   "apply": { "model": "block/glass/pane/colored/black/post" }},
        {   "when": { "north": true },
            "apply": { "model": "block/glass/pane/colored/black/side" }
        },
        {   "when": { "east": true },
            "apply": { "model": "block/glass/pane/colored/black/side", "y": 90 }
        },
        {   "when": { "south": true },
            "apply": { "model": "block/glass/pane/colored/black/side_alt" }
        },
        {   "when": { "west": true },
            "apply": { "model": "block/glass/pane/colored/black/side_alt", "y": 90 }
        },
        {   "when": { "north": false },
            "apply": { "model": "block/glass/pane/colored/black/noside" }
        },
        {   "when": { "east": false },
            "apply": { "model": "block/glass/pane/colored/black/noside_alt" }
        },
        {   "when": { "south": false },
            "apply": { "model": "block/glass/pane/colored/black/noside_alt", "y": 90 }
        },
        {   "when": { "west": false },
            "apply": { "model": "block/glass/pane/colored/black/noside", "y": 270 }
        }
    ]
}
