{
"__comment": "Designed by CreatorLabs with Cubik Studio - https://cubik.studio - Download at https://www.planetminecraft.com/texture_pack/3d-creatorcraft/",
    "variants": {
        "": [
		{ "model": "block/ice/blue/ice", "y": 90 },
		{ "model": "block/ice/blue/ice", "y": 180 },
		{ "model": "block/ice/blue/ice", "y": 270 },
		{ "model": "block/ice/blue/ice" },
		{ "model": "block/ice/blue/ice", "x": 90 },
		{ "model": "block/ice/blue/ice", "x": 180 },
		{ "model": "block/ice/blue/ice", "x": 270 },
		{ "model": "block/ice/blue/ice" },
		{ "model": "block/ice/blue/ice", "z": 90 },
		{ "model": "block/ice/blue/ice", "z": 180 },
		{ "model": "block/ice/blue/ice", "z": 270 },
		{ "model": "block/ice/blue/ice" }
		]
    }
}
