{
"__comment": "Designed by creatorLabs with CubikStudio - https://cubik.studio - Download 3D CreatorCraft at https://www.planetminecraft.com/texture_pack/3d-creatorcraft/",
    "multipart": [
        {   "apply": { "model": "block/brewing_stand/brewing_stand" }},
        {   "when": { "has_bottle_0": "true" },
            "apply": { "model": "block/brewing_stand/brewing_stand_bottle0" }
        },
        {   "when": { "has_bottle_1": "true" },
            "apply": { "model": "block/brewing_stand/brewing_stand_bottle1" }
        },
        {   "when": { "has_bottle_2": "true" },
            "apply": { "model": "block/brewing_stand/brewing_stand_bottle2" }
        },
        {   "when": { "has_bottle_0": "false" },
            "apply": { "model": "block/brewing_stand/brewing_stand_empty0" }
        },
        {   "when": { "has_bottle_1": "false" },
            "apply": { "model": "block/brewing_stand/brewing_stand_empty1" }
        },
        {   "when": { "has_bottle_2": "false" },
            "apply": { "model": "block/brewing_stand/brewing_stand_empty2" }
        }
    ]
}
