{
"__comment": "Designed by CreatorLabs with Cubik Studio - https://cubik.studio - Download at https://www.planetminecraft.com/texture_pack/3d-creatorcraft/","__comment": "Designed by CreatorLabs with Cubik Studio - https://cubik.studio - Download at https://www.planetminecraft.com/texture_pack/3d-creatorcraft/",
    "variants": {
        "bites=0": { "model": "block/cake/cake" },
        "bites=1": { "model": "block/cake/cake_slice1" },
        "bites=2": { "model": "block/cake/cake_slice2" },
        "bites=3": { "model": "block/cake/cake_slice3" },
        "bites=4": { "model": "block/cake/cake_slice4" },
        "bites=5": { "model": "block/cake/cake_slice5" },
        "bites=6": { "model": "block/cake/cake_slice6" }
    }
}
