{
	"__comment": "Designed by CreatorLabs with Cubik Studio - https://cubik.studio - Download 3D CreatorCraft at https://www.planetminecraft.com/texture_pack/3d-creatorcraft/",
    "variants": {
        "age=0": { "model": "block/chorus/block/flower/chorus_flower" },
        "age=1": { "model": "block/chorus/block/flower/chorus_flower" },
        "age=2": { "model": "block/chorus/block/flower/chorus_flower" },
        "age=3": { "model": "block/chorus/block/flower/chorus_flower" },
        "age=4": { "model": "block/chorus/block/flower/chorus_flower" },
        "age=5": { "model": "block/chorus/block/flower/chorus_flower_dead" }
    }
}
