{
"__comment": "Designed by creatorLabs with CubikStudio - https://cubik.studio - Download 3D CreatorCraft at https://www.planetminecraft.com/texture_pack/3d-creatorcraft/",
    "variants": {
        "": [	 
		{"model": "block/coarse_dirt/coarse_dirt"},	
		{"model": "block/coarse_dirt/coarse_dirt", "y": 90 },
        {"model": "block/coarse_dirt/coarse_dirt", "y": 180},
        {"model": "block/coarse_dirt/coarse_dirt", "y": 270 },	
        {"model": "block/coarse_dirt/coarse_dirt", "x": 90 },
        {"model": "block/coarse_dirt/coarse_dirt", "x": 180},
        {"model": "block/coarse_dirt/coarse_dirt", "x": 270 },
		{"model": "block/coarse_dirt/coarse_dirt", "z": 90 },
        {"model": "block/coarse_dirt/coarse_dirt", "z": 180},
        {"model": "block/coarse_dirt/coarse_dirt", "z": 270 }
		]
		}
    }

