{
	"__comment": "Designed by creatorLabs with CubikStudio - https://cubik.studio - Download 3D CreatorCraft at https://www.planetminecraft.com/texture_pack/3d-creatorcraft/",
    "variants": {
        "": [
		{ "model": "block/cobblestone/downgrade/flat/cobblestone", "y": 90 },
		{ "model": "block/cobblestone/downgrade/flat/cobblestone", "y": 180 },
		{ "model": "block/cobblestone/downgrade/flat/cobblestone", "y": 270 },
		{ "model": "block/cobblestone/downgrade/flat/cobblestone" },
		{ "model": "block/cobblestone/downgrade/flat/cobblestone", "x": 90 },
		{ "model": "block/cobblestone/downgrade/flat/cobblestone", "x": 180 },
		{ "model": "block/cobblestone/downgrade/flat/cobblestone", "x": 270 },
		{ "model": "block/cobblestone/downgrade/flat/cobblestone", "z": 90 },
		{ "model": "block/cobblestone/downgrade/flat/cobblestone", "z": 180 },
		{ "model": "block/cobblestone/downgrade/flat/cobblestone", "z": 270 }
		]
    }
}
