{
	"__comment": "Designed by creatorLabs with CubikStudio - https://cubik.studio - Download 3D CreatorCraft at https://www.planetminecraft.com/texture_pack/3d-creatorcraft/",
    "variants": {
        "type=bottom": [
		{ "model": "block/cobblestone/downgrade/flat/cobblestone_slab", "y": 90 },
		{ "model": "block/cobblestone/downgrade/flat/cobblestone_slab", "y": 180 },
		{ "model": "block/cobblestone/downgrade/flat/cobblestone_slab", "y": 270 },
		{ "model": "block/cobblestone/downgrade/flat/cobblestone_slab" }
		],
        "type=top": [
		{ "model": "block/cobblestone/downgrade/flat/cobblestone_slab_top", "y": 90 },
		{ "model": "block/cobblestone/downgrade/flat/cobblestone_slab_top", "y": 180 },
		{ "model": "block/cobblestone/downgrade/flat/cobblestone_slab_top", "y": 270 },
		{ "model": "block/cobblestone/downgrade/flat/cobblestone_slab_top" }
		],
        "type=double": [
		{ "model": "block/cobblestone/downgrade/flat/cobblestone", "y": 90 },
		{ "model": "block/cobblestone/downgrade/flat/cobblestone", "y": 180 },
		{ "model": "block/cobblestone/downgrade/flat/cobblestone", "y": 270 },
		{ "model": "block/cobblestone/downgrade/flat/cobblestone" }
		]
    }
}
