{
"__comment": "Designed by CreatorLabs with Cubik Studio - https://cubik.studio - Download 3D CreatorCraft at https://www.planetminecraft.com/texture_pack/3d-creatorcraft/",
    "multipart": [
        {   "apply": { "model": "block/composter/block" }},
        {   "when": { "level": "1" },
            "apply": { "model": "block/composter/filled/1" }
        },
        {   "when": { "level": "2" },
            "apply": { "model": "block/composter/filled/2" }
        },
        {   "when": { "level": "3" },
            "apply": { "model": "block/composter/filled/3" }
        },
        {   "when": { "level": "4" },
            "apply": { "model": "block/composter/filled/4" }
        },
        {   "when": { "level": "5" },
            "apply": { "model": "block/composter/filled/5" }
        },
        {   "when": { "level": "6" },
            "apply": { "model": "block/composter/filled/6" }
        },
        {   "when": { "level": "7" },
            "apply": { "model": "block/composter/filled/7" }
        },
        {   "when": { "level": "8" },
            "apply": { "model": "block/composter/filled/ready" }
        }
    ]
}
