{
	"__comment": "Designed by creatorLabs with CubikStudio - https://cubik.studio - Download 3D CreatorCraft at https://www.planetminecraft.com/texture_pack/3d-creatorcraft/",
    "variants": {
        "": [
		{ "model": "block/sandstone/red/downgrade/flat/cut_sandstone" },
		{ "model": "block/sandstone/red/downgrade/flat/cut_sandstone", "y": 90 },
		{ "model": "block/sandstone/red/downgrade/flat/cut_sandstone", "y": 180 },
		{ "model": "block/sandstone/red/downgrade/flat/cut_sandstone", "y": 270 }
		]
    }
}
