{
"__comment": "Designed by CreatorLabs with Cubik Studio - https://cubik.studio - Download 3D CreatorCraft at https://www.planetminecraft.com/texture_pack/3d-creatorcraft/",
    "variants": {
        "inverted=false,power=0": { "model": "block/daylight_detector/normal/normal" },
        "inverted=false,power=1": { "model": "block/daylight_detector/normal/normal" },
        "inverted=false,power=2": { "model": "block/daylight_detector/normal/normal" },
        "inverted=false,power=3": { "model": "block/daylight_detector/normal/normal" },
        "inverted=false,power=4": { "model": "block/daylight_detector/normal/normal" },
        "inverted=false,power=5": { "model": "block/daylight_detector/normal/normal" },
        "inverted=false,power=6": { "model": "block/daylight_detector/normal/normal" },
        "inverted=false,power=7": { "model": "block/daylight_detector/normal/normal" },
        "inverted=false,power=8": { "model": "block/daylight_detector/normal/normal" },
        "inverted=false,power=9": { "model": "block/daylight_detector/normal/normal" },
        "inverted=false,power=10": { "model": "block/daylight_detector/normal/normal" },
        "inverted=false,power=11": { "model": "block/daylight_detector/normal/normal" },
        "inverted=false,power=12": { "model": "block/daylight_detector/normal/normal" },
        "inverted=false,power=13": { "model": "block/daylight_detector/normal/normal" },
        "inverted=false,power=14": { "model": "block/daylight_detector/normal/normal" },
        "inverted=false,power=15": { "model": "block/daylight_detector/normal/normal" },
        "inverted=true,power=0": { "model": "block/daylight_detector/inverted/inverted" },
        "inverted=true,power=1": { "model": "block/daylight_detector/inverted/inverted" },
        "inverted=true,power=2": { "model": "block/daylight_detector/inverted/inverted" },
        "inverted=true,power=3": { "model": "block/daylight_detector/inverted/inverted" },
        "inverted=true,power=4": { "model": "block/daylight_detector/inverted/inverted" },
        "inverted=true,power=5": { "model": "block/daylight_detector/inverted/inverted" },
        "inverted=true,power=6": { "model": "block/daylight_detector/inverted/inverted" },
        "inverted=true,power=7": { "model": "block/daylight_detector/inverted/inverted" },
        "inverted=true,power=8": { "model": "block/daylight_detector/inverted/inverted" },
        "inverted=true,power=9": { "model": "block/daylight_detector/inverted/inverted" },
        "inverted=true,power=10": { "model": "block/daylight_detector/inverted/inverted" },
        "inverted=true,power=11": { "model": "block/daylight_detector/inverted/inverted" },
        "inverted=true,power=12": { "model": "block/daylight_detector/inverted/inverted" },
        "inverted=true,power=13": { "model": "block/daylight_detector/inverted/inverted" },
        "inverted=true,power=14": { "model": "block/daylight_detector/inverted/inverted" },
        "inverted=true,power=15": { "model": "block/daylight_detector/inverted/inverted" }
    }
}
