{
"__comment": "Designed by creatorLabs with CubikStudio - https://cubik.studio - Download 3D CreatorCraft at https://www.planetminecraft.com/texture_pack/3d-creatorcraft/",
    "variants": {
        "": [
            { "model": "block/dirt/all/0" },
            { "model": "block/dirt/all/0", "y": 90 },
            { "model": "block/dirt/all/0", "y": 180 },
            { "model": "block/dirt/all/0", "y": 270 },
			{ "model": "block/dirt/all/1" },
            { "model": "block/dirt/all/1", "y": 90 },
            { "model": "block/dirt/all/1", "y": 180 },
            { "model": "block/dirt/all/1", "y": 270 },
			{ "model": "block/dirt/all/2" },
            { "model": "block/dirt/all/2", "y": 90 },
            { "model": "block/dirt/all/2", "y": 180 },
            { "model": "block/dirt/all/2", "y": 270 },
			{ "model": "block/dirt/all/3" },
            { "model": "block/dirt/all/3", "y": 90 },
            { "model": "block/dirt/all/3", "y": 180 },
            { "model": "block/dirt/all/3", "y": 270 },
			{ "model": "block/dirt/all/4" },
            { "model": "block/dirt/all/4", "y": 90 },
            { "model": "block/dirt/all/4", "y": 180 },
            { "model": "block/dirt/all/4", "y": 270 }
        ]
    }
}
