{
	"__comment": "Designed by CreatorLabs with Cubik Studio - https://cubik.studio - Download 3D CreatorCraft at https://www.planetminecraft.com/texture_pack/3d-creatorcraft/",
    "variants": {
        "eye=false,facing=south": { "model": "block/end/frame/empty" },
        "eye=false,facing=west": { "model": "block/end/frame/empty", "y": 90 },
        "eye=false,facing=north": { "model": "block/end/frame/empty", "y": 180 },
        "eye=false,facing=east": { "model": "block/end/frame/empty", "y": 270 },
        "eye=true,facing=south": { "model": "block/end/frame/eye" },
        "eye=true,facing=west": { "model": "block/end/frame/eye", "y": 90 },
        "eye=true,facing=north": { "model": "block/end/frame/eye", "y": 180 },
        "eye=true,facing=east": { "model": "block/end/frame/eye", "y": 270 }
    }
}
