{
	"__comment": "Designed by CreatorLabs with Cubik Studio - https://cubik.studio - Download 3D CreatorCraft at https://www.planetminecraft.com/texture_pack/3d-creatorcraft/",
    "variants": {
        "facing=up": { "model": "block/end/rod/end_rod" },
        "facing=down": { "model": "block/end/rod/end_rod", "x": 180 },
        "facing=east": { "model": "block/end/rod/end_rod", "y": 90, "x": 90 },
        "facing=south": { "model": "block/end/rod/end_rod", "y": 180, "x": 90 },
        "facing=west": { "model": "block/end/rod/end_rod", "y": 270, "x": 90 },
        "facing=north": { "model": "block/end/rod/end_rod", "y": 0, "x": 90 }
    }
}
