{
"__comment": "Designed by CreatorLabs with Cubik Studio - https://cubik.studio - Download at https://www.planetminecraft.com/texture_pack/3d-creatorcraft/",
    "variants": {
        "moisture=0": { "model": "block/farmland/farmland" },
        "moisture=1": { "model": "block/farmland/farmland" },
        "moisture=2": { "model": "block/farmland/farmland" },
        "moisture=3": { "model": "block/farmland/farmland" },
        "moisture=4": { "model": "block/farmland/farmland" },
        "moisture=5": { "model": "block/farmland/farmland" },
        "moisture=6": { "model": "block/farmland/farmland" },
        "moisture=7": { "model": "block/farmland/farmland_moist" }
    }
}
