{
"__comment": "Designed by creatorLabs with CubikStudio - https://cubik.studio - Download 3D CreatorCraft at https://www.planetminecraft.com/texture_pack/3d-creatorcraft/",
    "variants": {
        "age=0": [
		{ "model": "block/ice/normal/ice", "y": 90 },
		{ "model": "block/ice/normal/ice", "y": 180 },
		{ "model": "block/ice/normal/ice", "y": 270 },
		{ "model": "block/ice/normal/ice" }
		],
        "age=1": [
		{ "model": "block/ice/normal/frosted/1", "y": 90 },
		{ "model": "block/ice/normal/frosted/1", "y": 180 },
		{ "model": "block/ice/normal/frosted/1", "y": 270 },
		{ "model": "block/ice/normal/frosted/1" }
		],
        "age=2": [
		{ "model": "block/ice/normal/frosted/2", "y": 90 },
		{ "model": "block/ice/normal/frosted/2", "y": 180 },
		{ "model": "block/ice/normal/frosted/2", "y": 270 },
		{ "model": "block/ice/normal/frosted/2" }
		],
        "age=3": [
		{ "model": "block/ice/normal/frosted/3", "y": 90 },
		{ "model": "block/ice/normal/frosted/3", "y": 180 },
		{ "model": "block/ice/normal/frosted/3", "y": 270 },
		{ "model": "block/ice/normal/frosted/3" }
		]
    }
}
