{
"__comment": "Designed by CreatorLabs with Cubik Studio - https://cubik.studio - Download 3D CreatorCraft at https://www.planetminecraft.com/texture_pack/3d-creatorcraft/",
    "variants": {
        "facing=north,lit=false": { "model": "block/stone_slab_blocks/furnace/furnace" },
        "facing=south,lit=false": { "model": "block/stone_slab_blocks/furnace/furnace", "y": 180 },
        "facing=west,lit=false":  { "model": "block/stone_slab_blocks/furnace/furnace", "y": 270 },
        "facing=east,lit=false":  { "model": "block/stone_slab_blocks/furnace/furnace", "y": 90 },
        "facing=north,lit=true": { "model": "block/stone_slab_blocks/furnace/furnace_lit" },
        "facing=south,lit=true": { "model": "block/stone_slab_blocks/furnace/furnace_lit", "y": 180 },
        "facing=west,lit=true":  { "model": "block/stone_slab_blocks/furnace/furnace_lit", "y": 270 },
        "facing=east,lit=true":  { "model": "block/stone_slab_blocks/furnace/furnace_lit", "y": 90 }
    }
}
