{
"__comment": "Designed by creatorLabs with CubikStudio - https://cubik.studio - Download 3D CreatorCraft at https://www.planetminecraft.com/texture_pack/3d-creatorcraft/",
    "variants": {
        "type=bottom": [
            { "model": "block/granite/slab/bottom/0" },
            { "model": "block/granite/slab/bottom/0", "y": 180 },
            { "model": "block/granite/slab/bottom/1" },
            { "model": "block/granite/slab/bottom/1", "y": 180 },
            { "model": "block/granite/slab/bottom/2" },
            { "model": "block/granite/slab/bottom/2", "y": 180 },
            { "model": "block/granite/slab/bottom/3" },
            { "model": "block/granite/slab/bottom/3", "y": 180 },
            { "model": "block/granite/slab/bottom/4" },
            { "model": "block/granite/slab/bottom/4", "y": 180 },
            { "model": "block/granite/slab/bottom/5" },
            { "model": "block/granite/slab/bottom/5", "y": 180 },
            { "model": "block/granite/slab/bottom/6" },
            { "model": "block/granite/slab/bottom/6", "y": 180 },
            { "model": "block/granite/slab/bottom/7" },
            { "model": "block/granite/slab/bottom/7", "y": 180 },
            { "model": "block/granite/slab/bottom/8" },
            { "model": "block/granite/slab/bottom/8", "y": 180 },
            { "model": "block/granite/slab/bottom/9" },
            { "model": "block/granite/slab/bottom/9", "y": 180 },
            { "model": "block/granite/slab/bottom/10" },
            { "model": "block/granite/slab/bottom/10", "y": 180 },
            { "model": "block/granite/slab/bottom/11" },
            { "model": "block/granite/slab/bottom/11", "y": 180 },
            { "model": "block/granite/slab/bottom/12" },
            { "model": "block/granite/slab/bottom/12", "y": 180 },
            { "model": "block/granite/slab/bottom/13" },
            { "model": "block/granite/slab/bottom/13", "y": 180 },
            { "model": "block/granite/slab/bottom/14" },
            { "model": "block/granite/slab/bottom/14", "y": 180 },
            { "model": "block/granite/slab/bottom/15" },
            { "model": "block/granite/slab/bottom/15", "y": 180 }
        ],
        "type=top": [
            { "model": "block/granite/slab/top/0" },
            { "model": "block/granite/slab/top/0", "y": 180 },
            { "model": "block/granite/slab/top/1" },
            { "model": "block/granite/slab/top/1", "y": 180 },
            { "model": "block/granite/slab/top/2" },
            { "model": "block/granite/slab/top/2", "y": 180 },
            { "model": "block/granite/slab/top/3" },
            { "model": "block/granite/slab/top/3", "y": 180 },
            { "model": "block/granite/slab/top/4" },
            { "model": "block/granite/slab/top/4", "y": 180 },
            { "model": "block/granite/slab/top/5" },
            { "model": "block/granite/slab/top/5", "y": 180 },
            { "model": "block/granite/slab/top/6" },
            { "model": "block/granite/slab/top/6", "y": 180 },
            { "model": "block/granite/slab/top/7" },
            { "model": "block/granite/slab/top/7", "y": 180 },
            { "model": "block/granite/slab/top/8" },
            { "model": "block/granite/slab/top/8", "y": 180 },
            { "model": "block/granite/slab/top/9" },
            { "model": "block/granite/slab/top/9", "y": 180 },
            { "model": "block/granite/slab/top/10" },
            { "model": "block/granite/slab/top/10", "y": 180 },
            { "model": "block/granite/slab/top/11" },
            { "model": "block/granite/slab/top/11", "y": 180 },
            { "model": "block/granite/slab/top/12" },
            { "model": "block/granite/slab/top/12", "y": 180 },
            { "model": "block/granite/slab/top/13" },
            { "model": "block/granite/slab/top/13", "y": 180 },
            { "model": "block/granite/slab/top/14" },
            { "model": "block/granite/slab/top/14", "y": 180 },
            { "model": "block/granite/slab/top/15" },
            { "model": "block/granite/slab/top/15", "y": 180 }
        ],
        "type=double": [
            { "model": "block/granite/texture/normal/0" },
            { "model": "block/granite/texture/normal/0", "y": 180 },
            { "model": "block/granite/texture/normal/1" },
            { "model": "block/granite/texture/normal/1", "y": 180 },
            { "model": "block/granite/texture/normal/2" },
            { "model": "block/granite/texture/normal/2", "y": 180 },
            { "model": "block/granite/texture/normal/3" },
            { "model": "block/granite/texture/normal/3", "y": 180 },
            { "model": "block/granite/texture/normal/4" },
            { "model": "block/granite/texture/normal/4", "y": 180 },
            { "model": "block/granite/texture/normal/5" },
            { "model": "block/granite/texture/normal/5", "y": 180 },
            { "model": "block/granite/texture/normal/6" },
            { "model": "block/granite/texture/normal/6", "y": 180 },
            { "model": "block/granite/texture/normal/7" },
            { "model": "block/granite/texture/normal/7", "y": 180 },
            { "model": "block/granite/texture/normal/8" },
            { "model": "block/granite/texture/normal/8", "y": 180 },
            { "model": "block/granite/texture/normal/9" },
            { "model": "block/granite/texture/normal/9", "y": 180 },
            { "model": "block/granite/texture/normal/10" },
            { "model": "block/granite/texture/normal/10", "y": 180 },
            { "model": "block/granite/texture/normal/11" },
            { "model": "block/granite/texture/normal/11", "y": 180 },
            { "model": "block/granite/texture/normal/12" },
            { "model": "block/granite/texture/normal/12", "y": 180 },
            { "model": "block/granite/texture/normal/13" },
            { "model": "block/granite/texture/normal/13", "y": 180 },
            { "model": "block/granite/texture/normal/14" },
            { "model": "block/granite/texture/normal/14", "y": 180 },
            { "model": "block/granite/texture/normal/15" },
            { "model": "block/granite/texture/normal/15", "y": 180 }
        ]
    }
}
