{
	"__comment": "Designed by CreatorLabs with Cubik Studio - https://cubik.studio - Download 3D CreatorCraft at https://www.planetminecraft.com/texture_pack/3d-creatorcraft/",
    "variants": {
        "face=floor,facing=east":  { "model": "block/grindstone/grindstone", "y": 90 },
        "face=floor,facing=west":  { "model": "block/grindstone/grindstone", "y": 270 },
        "face=floor,facing=south": { "model": "block/grindstone/grindstone", "y": 180 },
        "face=floor,facing=north": { "model": "block/grindstone/grindstone" },
        "face=wall,facing=east":  { "model": "block/grindstone/grindstone", "x": 90, "y": 90 },
        "face=wall,facing=west":  { "model": "block/grindstone/grindstone", "x": 90, "y": 270 },
        "face=wall,facing=south": { "model": "block/grindstone/grindstone", "x": 90, "y": 180 },
        "face=wall,facing=north": { "model": "block/grindstone/grindstone", "x": 90 },
        "face=ceiling,facing=east":  { "model": "block/grindstone/grindstone", "x": 180, "y": 270 },
        "face=ceiling,facing=west":  { "model": "block/grindstone/grindstone", "x": 180, "y": 90 },
        "face=ceiling,facing=south": { "model": "block/grindstone/grindstone", "x": 180 },
        "face=ceiling,facing=north": { "model": "block/grindstone/grindstone", "x": 180, "y": 180 }
    }
}
