{
"__comment": "Designed by creatorLabs with CubikStudio - https://cubik.studio - Download 3D CreatorCraft at https://www.planetminecraft.com/texture_pack/3d-creatorcraft/",
   "variants": {
        "power=0": { "model": "block/pressure_plate/iron/iron_pressure_plate" },
        "power=1": { "model": "block/pressure_plate/iron/iron_pressure_plate_down" },
        "power=2": { "model": "block/pressure_plate/iron/iron_pressure_plate_down" },
        "power=3": { "model": "block/pressure_plate/iron/iron_pressure_plate_down" },
        "power=4": { "model": "block/pressure_plate/iron/iron_pressure_plate_down" },
        "power=5": { "model": "block/pressure_plate/iron/iron_pressure_plate_down" },
        "power=6": { "model": "block/pressure_plate/iron/iron_pressure_plate_down" },
        "power=7": { "model": "block/pressure_plate/iron/iron_pressure_plate_down" },
        "power=8": { "model": "block/pressure_plate/iron/iron_pressure_plate_down" },
        "power=9": { "model": "block/pressure_plate/iron/iron_pressure_plate_down" },
        "power=10": { "model": "block/pressure_plate/iron/iron_pressure_plate_down" },
        "power=11": { "model": "block/pressure_plate/iron/iron_pressure_plate_down" },
        "power=12": { "model": "block/pressure_plate/iron/iron_pressure_plate_down" },
        "power=13": { "model": "block/pressure_plate/iron/iron_pressure_plate_down" },
        "power=14": { "model": "block/pressure_plate/iron/iron_pressure_plate_down" },
        "power=15": { "model": "block/pressure_plate/iron/iron_pressure_plate_down" }
    }
}
