{
	"__comment": "Designed by CreatorLabs with Cubik Studio - https://cubik.studio - Download 3D CreatorCraft at https://www.planetminecraft.com/texture_pack/3d-creatorcraft/",
    "variants": {
        "facing=down": { "model": "block/hopper/downgrade/flat/hopper" },
        "facing=north": { "model": "block/hopper/downgrade/flat/hopper_side" },
        "facing=south": { "model": "block/hopper/downgrade/flat/hopper_side", "y": 180 },
        "facing=west": { "model": "block/hopper/downgrade/flat/hopper_side", "y": 270 },
        "facing=east": { "model": "block/hopper/downgrade/flat/hopper_side", "y": 90 }
    }
}
