{
"__comment": "Designed by CreatorLabs with Cubik Studio - https://cubik.studio - Download 3D CreatorCraft at https://www.planetminecraft.com/texture_pack/3d-creatorcraft/",
    "variants": {
        "": [
		{ "model": "block/note_jukebox/jukebox/color_versions/red" },
		{ "model": "block/note_jukebox/jukebox/color_versions/red", "y": 90 },
		{ "model": "block/note_jukebox/jukebox/color_versions/red", "y": 180 },
		{ "model": "block/note_jukebox/jukebox/color_versions/red", "y": 270 },
		{ "model": "block/note_jukebox/jukebox/color_versions/blue" },
		{ "model": "block/note_jukebox/jukebox/color_versions/blue", "y": 90 },
		{ "model": "block/note_jukebox/jukebox/color_versions/blue", "y": 180 },
		{ "model": "block/note_jukebox/jukebox/color_versions/blue", "y": 270 },
		{ "model": "block/note_jukebox/jukebox/color_versions/yellow" },
		{ "model": "block/note_jukebox/jukebox/color_versions/yellow", "y": 90 },
		{ "model": "block/note_jukebox/jukebox/color_versions/yellow", "y": 180 },
		{ "model": "block/note_jukebox/jukebox/color_versions/yellow", "y": 270 },
		{ "model": "block/note_jukebox/jukebox/color_versions/green" },
		{ "model": "block/note_jukebox/jukebox/color_versions/green", "y": 90 },
		{ "model": "block/note_jukebox/jukebox/color_versions/green", "y": 180 },
		{ "model": "block/note_jukebox/jukebox/color_versions/green", "y": 270 },
		{ "model": "block/note_jukebox/jukebox/color_versions/pink" },
		{ "model": "block/note_jukebox/jukebox/color_versions/pink", "y": 90 },
		{ "model": "block/note_jukebox/jukebox/color_versions/pink", "y": 180 },
		{ "model": "block/note_jukebox/jukebox/color_versions/pink", "y": 270 },
		{ "model": "block/note_jukebox/jukebox/color_versions/light_blue" },
		{ "model": "block/note_jukebox/jukebox/color_versions/light_blue", "y": 90 },
		{ "model": "block/note_jukebox/jukebox/color_versions/light_blue", "y": 180 },
		{ "model": "block/note_jukebox/jukebox/color_versions/light_blue", "y": 270 },
		{ "model": "block/note_jukebox/jukebox/color_versions/light_gray" },
		{ "model": "block/note_jukebox/jukebox/color_versions/light_gray", "y": 90 },
		{ "model": "block/note_jukebox/jukebox/color_versions/light_gray", "y": 180 },
		{ "model": "block/note_jukebox/jukebox/color_versions/light_gray", "y": 270 },
		{ "model": "block/note_jukebox/jukebox/color_versions/white" },
		{ "model": "block/note_jukebox/jukebox/color_versions/white", "y": 90 },
		{ "model": "block/note_jukebox/jukebox/color_versions/white", "y": 180 },
		{ "model": "block/note_jukebox/jukebox/color_versions/white", "y": 270 },
		{ "model": "block/note_jukebox/jukebox/color_versions/orange" },
		{ "model": "block/note_jukebox/jukebox/color_versions/orange", "y": 90 },
		{ "model": "block/note_jukebox/jukebox/color_versions/orange", "y": 180 },
		{ "model": "block/note_jukebox/jukebox/color_versions/orange", "y": 270 },
		{ "model": "block/note_jukebox/jukebox/color_versions/magenta" },
		{ "model": "block/note_jukebox/jukebox/color_versions/magenta", "y": 90 },
		{ "model": "block/note_jukebox/jukebox/color_versions/magenta", "y": 180 },
		{ "model": "block/note_jukebox/jukebox/color_versions/magenta", "y": 270 },
		{ "model": "block/note_jukebox/jukebox/color_versions/purple" },
		{ "model": "block/note_jukebox/jukebox/color_versions/purple", "y": 90 },
		{ "model": "block/note_jukebox/jukebox/color_versions/purple", "y": 180 },
		{ "model": "block/note_jukebox/jukebox/color_versions/purple", "y": 270 },
		{ "model": "block/note_jukebox/jukebox/color_versions/cyan" },
		{ "model": "block/note_jukebox/jukebox/color_versions/cyan", "y": 90 },
		{ "model": "block/note_jukebox/jukebox/color_versions/cyan", "y": 180 },
		{ "model": "block/note_jukebox/jukebox/color_versions/cyan", "y": 270 },
		{ "model": "block/note_jukebox/jukebox/color_versions/lime" },
		{ "model": "block/note_jukebox/jukebox/color_versions/lime", "y": 90 },
		{ "model": "block/note_jukebox/jukebox/color_versions/lime", "y": 180 },
		{ "model": "block/note_jukebox/jukebox/color_versions/lime", "y": 270 },
		{ "model": "block/note_jukebox/jukebox/color_versions/brown" },
		{ "model": "block/note_jukebox/jukebox/color_versions/brown", "y": 90 },
		{ "model": "block/note_jukebox/jukebox/color_versions/brown", "y": 180 },
		{ "model": "block/note_jukebox/jukebox/color_versions/brown", "y": 270 },
		{ "model": "block/note_jukebox/jukebox/color_versions/gray" },
		{ "model": "block/note_jukebox/jukebox/color_versions/gray", "y": 90 },
		{ "model": "block/note_jukebox/jukebox/color_versions/gray", "y": 180 },
		{ "model": "block/note_jukebox/jukebox/color_versions/gray", "y": 270 }
		]
		
    }
}
