{
	"__comment": "Designed by CreatorLabs with Cubik Studio - https://cubik.studio - Download 3D CreatorCraft at https://www.planetminecraft.com/texture_pack/3d-creatorcraft/",
    "variants": {
        "snowy=false": [	 
		{"model": "block/mycelium/mycelium", "y": 90 },
        {"model": "block/mycelium/mycelium", "y": 180},
        {"model": "block/mycelium/mycelium", "y": 270 },	
        {"model": "block/mycelium/mycelium"}		   
		],
		"snowy=true": [	 
		{"model": "block/grass/snowed/grass_snowed", "y": 90 },
        {"model": "block/grass/snowed/grass_snowed", "y": 180},
        {"model": "block/grass/snowed/grass_snowed", "y": 270 },	
        {"model": "block/grass/snowed/grass_snowed"}		   
		]
		}
    }

