{
"__comment": "Designed by CreatorLabs with Cubik Studio - https://cubik.studio - Download at https://www.planetminecraft.com/texture_pack/3d-creatorcraft/",
    "variants": {
        "": [
		{ "model": "block/nether_rack/nether_rack", "y": 90 },
		{ "model": "block/nether_rack/nether_rack", "y": 180 },
		{ "model": "block/nether_rack/nether_rack", "y": 270 },
		{ "model": "block/nether_rack/nether_rack" },
		{ "model": "block/nether_rack/nether_rack", "x": 90 },
		{ "model": "block/nether_rack/nether_rack", "x": 180 },
		{ "model": "block/nether_rack/nether_rack", "x": 270 },
		{ "model": "block/nether_rack/nether_rack" },
		{ "model": "block/nether_rack/nether_rack", "z": 90 },
		{ "model": "block/nether_rack/nether_rack", "z": 180 },
		{ "model": "block/nether_rack/nether_rack", "z": 270 },
		{ "model": "block/nether_rack/nether_rack" }
		]
    }
}
