{
"__comment": "Designed by CreatorLabs with Cubik Studio - https://cubik.studio - Download at https://www.planetminecraft.com/texture_pack/3d-creatorcraft/",
    "variants": {
        "facing=up,powered=false": { "model": "block/stone_slab_blocks/observer/observer_off", "x": 270 },
        "facing=down,powered=false": { "model": "block/stone_slab_blocks/observer/observer_off", "x": 90 },
        "facing=north,powered=false": { "model": "block/stone_slab_blocks/observer/observer_off" },
        "facing=south,powered=false": { "model": "block/stone_slab_blocks/observer/observer_off", "y": 180 },
        "facing=west,powered=false": { "model": "block/stone_slab_blocks/observer/observer_off", "y": 270 },
        "facing=east,powered=false": { "model": "block/stone_slab_blocks/observer/observer_off", "y": 90 },
        "facing=up,powered=true": { "model": "block/stone_slab_blocks/observer/observer_on", "x": 270 },
        "facing=down,powered=true": { "model": "block/stone_slab_blocks/observer/observer_on", "x": 90 },
        "facing=north,powered=true": { "model": "block/stone_slab_blocks/observer/observer_on" },
        "facing=south,powered=true": { "model": "block/stone_slab_blocks/observer/observer_on", "y": 180 },
        "facing=west,powered=true": { "model": "block/stone_slab_blocks/observer/observer_on", "y": 270 },
        "facing=east,powered=true": { "model": "block/stone_slab_blocks/observer/observer_on", "y": 90 }
    }
}
