{
	"__comment": "Designed by CreatorLabs with Cubik Studio - https://cubik.studio - Download 3D CreatorCraft at https://www.planetminecraft.com/texture_pack/3d-creatorcraft/",
    "variants": {
        "half=lower": [
		{ "model": "block/flowers/double/peony_bottom" },
		{ "model": "block/flowers/double/peony_bottom", "y": 90 },
		{ "model": "block/flowers/double/peony_bottom", "y": 180 },
		{ "model": "block/flowers/double/peony_bottom", "y": 270 }
		],
        "half=upper": [
		{ "model": "block/flowers/double/peony_top" },
		{ "model": "block/flowers/double/peony_top", "y": 90 },
		{ "model": "block/flowers/double/peony_top", "y": 180 },
		{ "model": "block/flowers/double/peony_top", "y": 270 }
		]
    }
}
