{
"__comment": "Designed by creatorLabs with CubikStudio - https://cubik.studio - Download 3D CreatorCraft at https://www.planetminecraft.com/texture_pack/3d-creatorcraft/",
    "variants": {
        "type=bottom": [
            { "model": "block/andesite/smooth/slab/bottom/0" },
            { "model": "block/andesite/smooth/slab/bottom/0", "y": 180 },
            { "model": "block/andesite/smooth/slab/bottom/1" },
            { "model": "block/andesite/smooth/slab/bottom/1", "y": 180 },
            { "model": "block/andesite/smooth/slab/bottom/2" },
            { "model": "block/andesite/smooth/slab/bottom/2", "y": 180 },
            { "model": "block/andesite/smooth/slab/bottom/3" },
            { "model": "block/andesite/smooth/slab/bottom/3", "y": 180 },
            { "model": "block/andesite/smooth/slab/bottom/4" },
            { "model": "block/andesite/smooth/slab/bottom/4", "y": 180 },
            { "model": "block/andesite/smooth/slab/bottom/5" },
            { "model": "block/andesite/smooth/slab/bottom/5", "y": 180 },
            { "model": "block/andesite/smooth/slab/bottom/6" },
            { "model": "block/andesite/smooth/slab/bottom/6", "y": 180 },
            { "model": "block/andesite/smooth/slab/bottom/7" },
            { "model": "block/andesite/smooth/slab/bottom/7", "y": 180 },
            { "model": "block/andesite/smooth/slab/bottom/8" },
            { "model": "block/andesite/smooth/slab/bottom/8", "y": 180 },
            { "model": "block/andesite/smooth/slab/bottom/9" },
            { "model": "block/andesite/smooth/slab/bottom/9", "y": 180 },
            { "model": "block/andesite/smooth/slab/bottom/10" },
            { "model": "block/andesite/smooth/slab/bottom/10", "y": 180 },
            { "model": "block/andesite/smooth/slab/bottom/11" },
            { "model": "block/andesite/smooth/slab/bottom/11", "y": 180 },
            { "model": "block/andesite/smooth/slab/bottom/12" },
            { "model": "block/andesite/smooth/slab/bottom/12", "y": 180 },
            { "model": "block/andesite/smooth/slab/bottom/13" },
            { "model": "block/andesite/smooth/slab/bottom/13", "y": 180 },
            { "model": "block/andesite/smooth/slab/bottom/14" },
            { "model": "block/andesite/smooth/slab/bottom/14", "y": 180 },
            { "model": "block/andesite/smooth/slab/bottom/15" },
            { "model": "block/andesite/smooth/slab/bottom/15", "y": 180 }
        ],
        "type=top": [
            { "model": "block/andesite/smooth/slab/top/0" },
            { "model": "block/andesite/smooth/slab/top/0", "y": 180 },
            { "model": "block/andesite/smooth/slab/top/1" },
            { "model": "block/andesite/smooth/slab/top/1", "y": 180 },
            { "model": "block/andesite/smooth/slab/top/2" },
            { "model": "block/andesite/smooth/slab/top/2", "y": 180 },
            { "model": "block/andesite/smooth/slab/top/3" },
            { "model": "block/andesite/smooth/slab/top/3", "y": 180 },
            { "model": "block/andesite/smooth/slab/top/4" },
            { "model": "block/andesite/smooth/slab/top/4", "y": 180 },
            { "model": "block/andesite/smooth/slab/top/5" },
            { "model": "block/andesite/smooth/slab/top/5", "y": 180 },
            { "model": "block/andesite/smooth/slab/top/6" },
            { "model": "block/andesite/smooth/slab/top/6", "y": 180 },
            { "model": "block/andesite/smooth/slab/top/7" },
            { "model": "block/andesite/smooth/slab/top/7", "y": 180 },
            { "model": "block/andesite/smooth/slab/top/8" },
            { "model": "block/andesite/smooth/slab/top/8", "y": 180 },
            { "model": "block/andesite/smooth/slab/top/9" },
            { "model": "block/andesite/smooth/slab/top/9", "y": 180 },
            { "model": "block/andesite/smooth/slab/top/10" },
            { "model": "block/andesite/smooth/slab/top/10", "y": 180 },
            { "model": "block/andesite/smooth/slab/top/11" },
            { "model": "block/andesite/smooth/slab/top/11", "y": 180 },
            { "model": "block/andesite/smooth/slab/top/12" },
            { "model": "block/andesite/smooth/slab/top/12", "y": 180 },
            { "model": "block/andesite/smooth/slab/top/13" },
            { "model": "block/andesite/smooth/slab/top/13", "y": 180 },
            { "model": "block/andesite/smooth/slab/top/14" },
            { "model": "block/andesite/smooth/slab/top/14", "y": 180 },
            { "model": "block/andesite/smooth/slab/top/15" },
            { "model": "block/andesite/smooth/slab/top/15", "y": 180 }
        ],
        "type=double": [
            { "model": "block/andesite/smooth/0" },
            { "model": "block/andesite/smooth/0", "y": 180 },
            { "model": "block/andesite/smooth/1" },
            { "model": "block/andesite/smooth/1", "y": 180 },
            { "model": "block/andesite/smooth/2" },
            { "model": "block/andesite/smooth/2", "y": 180 },
            { "model": "block/andesite/smooth/3" },
            { "model": "block/andesite/smooth/3", "y": 180 },
            { "model": "block/andesite/smooth/4" },
            { "model": "block/andesite/smooth/4", "y": 180 },
            { "model": "block/andesite/smooth/5" },
            { "model": "block/andesite/smooth/5", "y": 180 },
            { "model": "block/andesite/smooth/6" },
            { "model": "block/andesite/smooth/6", "y": 180 },
            { "model": "block/andesite/smooth/7" },
            { "model": "block/andesite/smooth/7", "y": 180 },
            { "model": "block/andesite/smooth/8" },
            { "model": "block/andesite/smooth/8", "y": 180 },
            { "model": "block/andesite/smooth/9" },
            { "model": "block/andesite/smooth/9", "y": 180 },
            { "model": "block/andesite/smooth/10" },
            { "model": "block/andesite/smooth/10", "y": 180 },
            { "model": "block/andesite/smooth/11" },
            { "model": "block/andesite/smooth/11", "y": 180 },
            { "model": "block/andesite/smooth/12" },
            { "model": "block/andesite/smooth/12", "y": 180 },
            { "model": "block/andesite/smooth/13" },
            { "model": "block/andesite/smooth/13", "y": 180 },
            { "model": "block/andesite/smooth/14" },
            { "model": "block/andesite/smooth/14", "y": 180 },
            { "model": "block/andesite/smooth/15" },
            { "model": "block/andesite/smooth/15", "y": 180 }
        ]
    }
}
