{
	"__comment": "Designed by CreatorLabs with Cubik Studio - https://cubik.studio - Download 3D CreatorCraft at https://www.planetminecraft.com/texture_pack/3d-creatorcraft/",
    "variants": {
        "": [	 
		{"model": "block/flowers/pot/potted/spruce_sapling", "y": 90 },
        {"model": "block/flowers/pot/potted/spruce_sapling", "y": 180},
        {"model": "block/flowers/pot/potted/spruce_sapling", "y": 270 },	
        {"model": "block/flowers/pot/potted/spruce_sapling"}		   
		]
		}
    }

