{
 "__comment": "Designed by CreatorLabs with Cubik Studio - https://cubik.studio - Download 3D CreatorCraft at https://www.planetminecraft.com/texture_pack/3d-creatorcraft/",
    "variants": {
        "powered=false,shape=north_south":  { "model": "block/rails/powered/off/rail_flat" },
        "powered=false,shape=east_west":  { "model": "block/rails/powered/off/rail_flat", "y": 90 },
        "powered=false,shape=ascending_east": { "model": "block/rails/powered/off/rail_raised_ne", "y": 90 },
        "powered=false,shape=ascending_west": { "model": "block/rails/powered/off/rail_raised_sw", "y": 90 },
        "powered=false,shape=ascending_north": { "model": "block/rails/powered/off/rail_raised_ne" },
        "powered=false,shape=ascending_south": { "model": "block/rails/powered/off/rail_raised_sw" },
        "powered=true,shape=north_south":  { "model": "block/rails/powered/on/rail_flat" },
        "powered=true,shape=east_west":  { "model": "block/rails/powered/on/rail_flat", "y": 90 },
        "powered=true,shape=ascending_east": { "model": "block/rails/powered/on/rail_raised_ne", "y": 90 },
        "powered=true,shape=ascending_west": { "model": "block/rails/powered/on/rail_raised_sw", "y": 90 },
        "powered=true,shape=ascending_north": { "model": "block/rails/powered/on/rail_raised_ne" },
        "powered=true,shape=ascending_south": { "model": "block/rails/powered/on/rail_raised_sw" }
}
}