{
	"__comment": "Designed by CreatorLabs with Cubik Studio - https://cubik.studio - Download 3D CreatorCraft at https://www.planetminecraft.com/texture_pack/3d-creatorcraft/",
    "variants": {
        "shape=north_south": { "model": "block/rails/normal/rail_flat" },
        "shape=east_west": { "model": "block/rails/normal/rail_flat", "y": 90 },
        "shape=ascending_east": { "model": "block/rails/normal/rail_raised_ne", "y": 90 },
        "shape=ascending_west": { "model": "block/rails/normal/rail_raised_sw", "y": 90 },
        "shape=ascending_north": { "model": "block/rails/normal/rail_raised_ne" },
        "shape=ascending_south": { "model": "block/rails/normal/rail_raised_sw" },
        "shape=south_east": { "model": "block/rails/normal/rail_curved" },
        "shape=south_west": { "model": "block/rails/normal/rail_curved", "y": 90 },
        "shape=north_west": { "model": "block/rails/normal/rail_curved", "y": 180 },
        "shape=north_east": { "model": "block/rails/normal/rail_curved", "y": 270 }
    }
}
