{
"__comment": "Designed by creatorLabs with CubikStudio - https://cubik.studio - Download 3D CreatorCraft at https://www.planetminecraft.com/texture_pack/3d-creatorcraft/",
    "variants": {
        "": [	 
		{"model": "block/red_sand/texture/normal/0"},	
		{"model": "block/red_sand/texture/normal/0", "y": 90 },
        {"model": "block/red_sand/texture/normal/0", "y": 180},
        {"model": "block/red_sand/texture/normal/0", "y": 270 },	
        {"model": "block/red_sand/texture/normal/0", "x": 90 },
        {"model": "block/red_sand/texture/normal/0", "x": 180},
        {"model": "block/red_sand/texture/normal/0", "x": 270 },
		{"model": "block/red_sand/texture/normal/0", "z": 90 },
        {"model": "block/red_sand/texture/normal/0", "z": 180},
        {"model": "block/red_sand/texture/normal/0", "z": 270 },
		{"model": "block/red_sand/texture/normal/1"},	
		{"model": "block/red_sand/texture/normal/1", "y": 90 },
        {"model": "block/red_sand/texture/normal/1", "y": 180},
        {"model": "block/red_sand/texture/normal/1", "y": 270 },	
        {"model": "block/red_sand/texture/normal/1", "x": 90 },
        {"model": "block/red_sand/texture/normal/1", "x": 180},
        {"model": "block/red_sand/texture/normal/1", "x": 270 },
		{"model": "block/red_sand/texture/normal/1", "z": 90 },
        {"model": "block/red_sand/texture/normal/1", "z": 180},
        {"model": "block/red_sand/texture/normal/1", "z": 270 },
		{"model": "block/red_sand/texture/normal/2"},	
		{"model": "block/red_sand/texture/normal/2", "y": 90 },
        {"model": "block/red_sand/texture/normal/2", "y": 180},
        {"model": "block/red_sand/texture/normal/2", "y": 270 },	
        {"model": "block/red_sand/texture/normal/2", "x": 90 },
        {"model": "block/red_sand/texture/normal/2", "x": 180},
        {"model": "block/red_sand/texture/normal/2", "x": 270 },
		{"model": "block/red_sand/texture/normal/2", "z": 90 },
        {"model": "block/red_sand/texture/normal/2", "z": 180},
        {"model": "block/red_sand/texture/normal/2", "z": 270 },
		{"model": "block/red_sand/texture/normal/3"},	
		{"model": "block/red_sand/texture/normal/3", "y": 90 },
        {"model": "block/red_sand/texture/normal/3", "y": 180},
        {"model": "block/red_sand/texture/normal/3", "y": 270 },	
        {"model": "block/red_sand/texture/normal/3", "x": 90 },
        {"model": "block/red_sand/texture/normal/3", "x": 180},
        {"model": "block/red_sand/texture/normal/3", "x": 270 },
		{"model": "block/red_sand/texture/normal/3", "z": 90 },
        {"model": "block/red_sand/texture/normal/3", "z": 180},
        {"model": "block/red_sand/texture/normal/3", "z": 270 },
		{"model": "block/red_sand/texture/normal/4"},	
		{"model": "block/red_sand/texture/normal/4", "y": 90 },
        {"model": "block/red_sand/texture/normal/4", "y": 180},
        {"model": "block/red_sand/texture/normal/4", "y": 270 },	
        {"model": "block/red_sand/texture/normal/4", "x": 90 },
        {"model": "block/red_sand/texture/normal/4", "x": 180},
        {"model": "block/red_sand/texture/normal/4", "x": 270 },
		{"model": "block/red_sand/texture/normal/4", "z": 90 },
        {"model": "block/red_sand/texture/normal/4", "z": 180},
        {"model": "block/red_sand/texture/normal/4", "z": 270 },
		{"model": "block/red_sand/texture/normal/5"},	
		{"model": "block/red_sand/texture/normal/5", "y": 90 },
        {"model": "block/red_sand/texture/normal/5", "y": 180},
        {"model": "block/red_sand/texture/normal/5", "y": 270 },	
        {"model": "block/red_sand/texture/normal/5", "x": 90 },
        {"model": "block/red_sand/texture/normal/5", "x": 180},
        {"model": "block/red_sand/texture/normal/5", "x": 270 },
		{"model": "block/red_sand/texture/normal/5", "z": 90 },
        {"model": "block/red_sand/texture/normal/5", "z": 180},
        {"model": "block/red_sand/texture/normal/5", "z": 270 },
		{"model": "block/red_sand/texture/normal/6"},	
		{"model": "block/red_sand/texture/normal/6", "y": 90 },
        {"model": "block/red_sand/texture/normal/6", "y": 180},
        {"model": "block/red_sand/texture/normal/6", "y": 270 },	
        {"model": "block/red_sand/texture/normal/6", "x": 90 },
        {"model": "block/red_sand/texture/normal/6", "x": 180},
        {"model": "block/red_sand/texture/normal/6", "x": 270 },
		{"model": "block/red_sand/texture/normal/6", "z": 90 },
        {"model": "block/red_sand/texture/normal/6", "z": 180},
        {"model": "block/red_sand/texture/normal/6", "z": 270 },
		{"model": "block/red_sand/texture/normal/7"},	
		{"model": "block/red_sand/texture/normal/7", "y": 90 },
        {"model": "block/red_sand/texture/normal/7", "y": 180},
        {"model": "block/red_sand/texture/normal/7", "y": 270 },	
        {"model": "block/red_sand/texture/normal/7", "x": 90 },
        {"model": "block/red_sand/texture/normal/7", "x": 180},
        {"model": "block/red_sand/texture/normal/7", "x": 270 },
		{"model": "block/red_sand/texture/normal/7", "z": 90 },
        {"model": "block/red_sand/texture/normal/7", "z": 180},
        {"model": "block/red_sand/texture/normal/7", "z": 270 },
		{"model": "block/red_sand/texture/normal/8"},	
		{"model": "block/red_sand/texture/normal/8", "y": 90 },
        {"model": "block/red_sand/texture/normal/8", "y": 180},
        {"model": "block/red_sand/texture/normal/8", "y": 270 },	
        {"model": "block/red_sand/texture/normal/8", "x": 90 },
        {"model": "block/red_sand/texture/normal/8", "x": 180},
        {"model": "block/red_sand/texture/normal/8", "x": 270 },
		{"model": "block/red_sand/texture/normal/8", "z": 90 },
        {"model": "block/red_sand/texture/normal/8", "z": 180},
        {"model": "block/red_sand/texture/normal/8", "z": 270 },
		{"model": "block/red_sand/texture/normal/9"},	
		{"model": "block/red_sand/texture/normal/9", "y": 90 },
        {"model": "block/red_sand/texture/normal/9", "y": 180},
        {"model": "block/red_sand/texture/normal/9", "y": 270 },	
        {"model": "block/red_sand/texture/normal/9", "x": 90 },
        {"model": "block/red_sand/texture/normal/9", "x": 180},
        {"model": "block/red_sand/texture/normal/9", "x": 270 },
		{"model": "block/red_sand/texture/normal/9", "z": 90 },
        {"model": "block/red_sand/texture/normal/9", "z": 180},
        {"model": "block/red_sand/texture/normal/9", "z": 270 },
		{"model": "block/red_sand/texture/normal/10"},	
		{"model": "block/red_sand/texture/normal/10", "y": 90 },
        {"model": "block/red_sand/texture/normal/10", "y": 180},
        {"model": "block/red_sand/texture/normal/10", "y": 270 },	
        {"model": "block/red_sand/texture/normal/10", "x": 90 },
        {"model": "block/red_sand/texture/normal/10", "x": 180},
        {"model": "block/red_sand/texture/normal/10", "x": 270 },
		{"model": "block/red_sand/texture/normal/10", "z": 90 },
        {"model": "block/red_sand/texture/normal/10", "z": 180},
        {"model": "block/red_sand/texture/normal/10", "z": 270 },
		{"model": "block/red_sand/texture/normal/11"},	
		{"model": "block/red_sand/texture/normal/11", "y": 90 },
        {"model": "block/red_sand/texture/normal/11", "y": 180},
        {"model": "block/red_sand/texture/normal/11", "y": 270 },	
        {"model": "block/red_sand/texture/normal/11", "x": 90 },
        {"model": "block/red_sand/texture/normal/11", "x": 180},
        {"model": "block/red_sand/texture/normal/11", "x": 270 },
		{"model": "block/red_sand/texture/normal/11", "z": 90 },
        {"model": "block/red_sand/texture/normal/11", "z": 180},
        {"model": "block/red_sand/texture/normal/11", "z": 270 },
		{"model": "block/red_sand/texture/normal/12"},	
		{"model": "block/red_sand/texture/normal/12", "y": 90 },
        {"model": "block/red_sand/texture/normal/12", "y": 180},
        {"model": "block/red_sand/texture/normal/12", "y": 270 },	
        {"model": "block/red_sand/texture/normal/12", "x": 90 },
        {"model": "block/red_sand/texture/normal/12", "x": 180},
        {"model": "block/red_sand/texture/normal/12", "x": 270 },
		{"model": "block/red_sand/texture/normal/12", "z": 90 },
        {"model": "block/red_sand/texture/normal/12", "z": 180},
        {"model": "block/red_sand/texture/normal/12", "z": 270 },
		{"model": "block/red_sand/texture/normal/13"},	
		{"model": "block/red_sand/texture/normal/13", "y": 90 },
        {"model": "block/red_sand/texture/normal/13", "y": 180},
        {"model": "block/red_sand/texture/normal/13", "y": 270 },	
        {"model": "block/red_sand/texture/normal/13", "x": 90 },
        {"model": "block/red_sand/texture/normal/13", "x": 180},
        {"model": "block/red_sand/texture/normal/13", "x": 270 },
		{"model": "block/red_sand/texture/normal/13", "z": 90 },
        {"model": "block/red_sand/texture/normal/13", "z": 180},
        {"model": "block/red_sand/texture/normal/13", "z": 270 },
		{"model": "block/red_sand/texture/normal/14"},	
		{"model": "block/red_sand/texture/normal/14", "y": 90 },
        {"model": "block/red_sand/texture/normal/14", "y": 180},
        {"model": "block/red_sand/texture/normal/14", "y": 270 },	
        {"model": "block/red_sand/texture/normal/14", "x": 90 },
        {"model": "block/red_sand/texture/normal/14", "x": 180},
        {"model": "block/red_sand/texture/normal/14", "x": 270 },
		{"model": "block/red_sand/texture/normal/14", "z": 90 },
        {"model": "block/red_sand/texture/normal/14", "z": 180},
        {"model": "block/red_sand/texture/normal/14", "z": 270 },
		{"model": "block/red_sand/texture/normal/15"},	
		{"model": "block/red_sand/texture/normal/15", "y": 90 },
        {"model": "block/red_sand/texture/normal/15", "y": 180},
        {"model": "block/red_sand/texture/normal/15", "y": 270 },	
        {"model": "block/red_sand/texture/normal/15", "x": 90 },
        {"model": "block/red_sand/texture/normal/15", "x": 180},
        {"model": "block/red_sand/texture/normal/15", "x": 270 },
		{"model": "block/red_sand/texture/normal/15", "z": 90 },
        {"model": "block/red_sand/texture/normal/15", "z": 180},
        {"model": "block/red_sand/texture/normal/15", "z": 270 }
		
		]
		}
    }

