{
	"__comment": "Designed by CreatorLabs with Cubik Studio - https://cubik.studio - Download 3D CreatorCraft at https://www.planetminecraft.com/texture_pack/3d-creatorcraft/",
    "multipart": [
        {   "when": { "OR": [
                {"north": "none", "east": "none", "south": "none", "west": "none"},
                {"north": "side|up", "east": "side|up" },
                {"east": "side|up", "south": "side|up" },
                {"south": "side|up", "west": "side|up"},
                {"west": "side|up", "north": "side|up"}
            ]},
            "apply": { "model": "block/redstone/wire/redstone_dot" }
        },
        {   "when": { "OR": [
                { "north": "side|up" },
                { "north": "none", "east": "none", "south": "side|up", "west": "none" }
            ]},
            "apply": { "model": "block/redstone/wire/redstone_side" }
        },
        {   "when": { "OR": [
                { "south": "side|up" },
                { "north": "side|up", "east": "none", "south": "none", "west": "none" }
            ]},
            "apply": { "model": "block/redstone/wire/redstone_side_alt" }
        },
        {   "when": { "OR": [
                { "east": "side|up" },
                { "north": "none", "east": "none", "south": "none", "west": "side|up" }
            ]},
            "apply": { "model": "block/redstone/wire/redstone_side_alt", "y": 270 }
        },
        {   "when": { "OR": [
                { "west": "side|up" },
                { "north": "none", "east": "side|up", "south": "none", "west": "none" }
            ]},
            "apply": { "model": "block/redstone/wire/redstone_side", "y": 270 }
        },
        {   "when": { "north": "up" },
            "apply": { "model": "block/redstone/wire/redstone_up" }
        },
        {   "when": { "east": "up" },
            "apply": { "model": "block/redstone/wire/redstone_up", "y": 90 }
        },
        {   "when": { "south": "up" },
            "apply": { "model": "block/redstone/wire/redstone_up", "y": 180 }
        },
        {   "when": { "west": "up" },
            "apply": { "model": "block/redstone/wire/redstone_up", "y": 270 }
        }
    ]
}
