{
	"__comment": "Designed by creatorLabs with CubikStudio - https://cubik.studio - Download 3D CreatorCraft at https://www.planetminecraft.com/texture_pack/3d-creatorcraft/",
    "variants": {
        "lit=false": [
		{ "model": "block/redstone_lamp/downgrade/flat/redstone_lamp" },
		{ "model": "block/redstone_lamp/downgrade/flat/redstone_lamp", "y": 90 },
		{ "model": "block/redstone_lamp/downgrade/flat/redstone_lamp", "y": 180 },
		{ "model": "block/redstone_lamp/downgrade/flat/redstone_lamp", "y": 270 }
		],
        "lit=true": [
		{ "model": "block/redstone_lamp/downgrade/flat/redstone_lamp_on" },
		{ "model": "block/redstone_lamp/downgrade/flat/redstone_lamp_on", "y": 90 },
		{ "model": "block/redstone_lamp/downgrade/flat/redstone_lamp_on", "y": 180 },
		{ "model": "block/redstone_lamp/downgrade/flat/redstone_lamp_on", "y": 270 }
		]
    }
}
