{
"__comment": "Designed by CreatorLabs with Cubik Studio - https://cubik.studio - Download 3D CreatorCraft at https://www.planetminecraft.com/texture_pack/3d-creatorcraft/",
    "variants": {
        "delay=1,facing=south,locked=false,powered=false": { "model": "block/stone_slab_blocks/repeater/off/repeater_1tick" },
        "delay=1,facing=west,locked=false,powered=false": { "model": "block/stone_slab_blocks/repeater/off/repeater_1tick", "y": 90 },
        "delay=1,facing=north,locked=false,powered=false": { "model": "block/stone_slab_blocks/repeater/off/repeater_1tick", "y": 180 },
        "delay=1,facing=east,locked=false,powered=false": { "model": "block/stone_slab_blocks/repeater/off/repeater_1tick", "y": 270 },
        "delay=2,facing=south,locked=false,powered=false": { "model": "block/stone_slab_blocks/repeater/off/repeater_2tick" },
        "delay=2,facing=west,locked=false,powered=false": { "model": "block/stone_slab_blocks/repeater/off/repeater_2tick", "y": 90 },
        "delay=2,facing=north,locked=false,powered=false": { "model": "block/stone_slab_blocks/repeater/off/repeater_2tick", "y": 180 },
        "delay=2,facing=east,locked=false,powered=false": { "model": "block/stone_slab_blocks/repeater/off/repeater_2tick", "y": 270 },
        "delay=3,facing=south,locked=false,powered=false": { "model": "block/stone_slab_blocks/repeater/off/repeater_3tick" },
        "delay=3,facing=west,locked=false,powered=false": { "model": "block/stone_slab_blocks/repeater/off/repeater_3tick", "y": 90 },
        "delay=3,facing=north,locked=false,powered=false": { "model": "block/stone_slab_blocks/repeater/off/repeater_3tick", "y": 180 },
        "delay=3,facing=east,locked=false,powered=false": { "model": "block/stone_slab_blocks/repeater/off/repeater_3tick", "y": 270 },
        "delay=4,facing=south,locked=false,powered=false": { "model": "block/stone_slab_blocks/repeater/off/repeater_4tick" },
        "delay=4,facing=west,locked=false,powered=false": { "model": "block/stone_slab_blocks/repeater/off/repeater_4tick", "y": 90 },
        "delay=4,facing=north,locked=false,powered=false": { "model": "block/stone_slab_blocks/repeater/off/repeater_4tick", "y": 180 },
        "delay=4,facing=east,locked=false,powered=false": { "model": "block/stone_slab_blocks/repeater/off/repeater_4tick", "y": 270 },
        "delay=1,facing=south,locked=true,powered=false": { "model": "block/stone_slab_blocks/repeater/off_locked/repeater_1tick" },
        "delay=1,facing=west,locked=true,powered=false": { "model": "block/stone_slab_blocks/repeater/off_locked/repeater_1tick", "y": 90 },
        "delay=1,facing=north,locked=true,powered=false": { "model": "block/stone_slab_blocks/repeater/off_locked/repeater_1tick", "y": 180 },
        "delay=1,facing=east,locked=true,powered=false": { "model": "block/stone_slab_blocks/repeater/off_locked/repeater_1tick", "y": 270 },
        "delay=2,facing=south,locked=true,powered=false": { "model": "block/stone_slab_blocks/repeater/off_locked/repeater_2tick" },
        "delay=2,facing=west,locked=true,powered=false": { "model": "block/stone_slab_blocks/repeater/off_locked/repeater_2tick", "y": 90 },
        "delay=2,facing=north,locked=true,powered=false": { "model": "block/stone_slab_blocks/repeater/off_locked/repeater_2tick", "y": 180 },
        "delay=2,facing=east,locked=true,powered=false": { "model": "block/stone_slab_blocks/repeater/off_locked/repeater_2tick", "y": 270 },
        "delay=3,facing=south,locked=true,powered=false": { "model": "block/stone_slab_blocks/repeater/off_locked/repeater_3tick" },
        "delay=3,facing=west,locked=true,powered=false": { "model": "block/stone_slab_blocks/repeater/off_locked/repeater_3tick", "y": 90 },
        "delay=3,facing=north,locked=true,powered=false": { "model": "block/stone_slab_blocks/repeater/off_locked/repeater_3tick", "y": 180 },
        "delay=3,facing=east,locked=true,powered=false": { "model": "block/stone_slab_blocks/repeater/off_locked/repeater_3tick", "y": 270 },
        "delay=4,facing=south,locked=true,powered=false": { "model": "block/stone_slab_blocks/repeater/off_locked/repeater_4tick" },
        "delay=4,facing=west,locked=true,powered=false": { "model": "block/stone_slab_blocks/repeater/off_locked/repeater_4tick", "y": 90 },
        "delay=4,facing=north,locked=true,powered=false": { "model": "block/stone_slab_blocks/repeater/off_locked/repeater_4tick", "y": 180 },
        "delay=4,facing=east,locked=true,powered=false": { "model": "block/stone_slab_blocks/repeater/off_locked/repeater_4tick", "y": 270 },
        "delay=1,facing=south,locked=false,powered=true": { "model": "block/stone_slab_blocks/repeater/on/repeater_1tick" },
        "delay=1,facing=west,locked=false,powered=true": { "model": "block/stone_slab_blocks/repeater/on/repeater_1tick", "y": 90 },
        "delay=1,facing=north,locked=false,powered=true": { "model": "block/stone_slab_blocks/repeater/on/repeater_1tick", "y": 180 },
        "delay=1,facing=east,locked=false,powered=true": { "model": "block/stone_slab_blocks/repeater/on/repeater_1tick", "y": 270 },
        "delay=2,facing=south,locked=false,powered=true": { "model": "block/stone_slab_blocks/repeater/on/repeater_2tick" },
        "delay=2,facing=west,locked=false,powered=true": { "model": "block/stone_slab_blocks/repeater/on/repeater_2tick", "y": 90 },
        "delay=2,facing=north,locked=false,powered=true": { "model": "block/stone_slab_blocks/repeater/on/repeater_2tick", "y": 180 },
        "delay=2,facing=east,locked=false,powered=true": { "model": "block/stone_slab_blocks/repeater/on/repeater_2tick", "y": 270 },
        "delay=3,facing=south,locked=false,powered=true": { "model": "block/stone_slab_blocks/repeater/on/repeater_3tick" },
        "delay=3,facing=west,locked=false,powered=true": { "model": "block/stone_slab_blocks/repeater/on/repeater_3tick", "y": 90 },
        "delay=3,facing=north,locked=false,powered=true": { "model": "block/stone_slab_blocks/repeater/on/repeater_3tick", "y": 180 },
        "delay=3,facing=east,locked=false,powered=true": { "model": "block/stone_slab_blocks/repeater/on/repeater_3tick", "y": 270 },
        "delay=4,facing=south,locked=false,powered=true": { "model": "block/stone_slab_blocks/repeater/on/repeater_4tick" },
        "delay=4,facing=west,locked=false,powered=true": { "model": "block/stone_slab_blocks/repeater/on/repeater_4tick", "y": 90 },
        "delay=4,facing=north,locked=false,powered=true": { "model": "block/stone_slab_blocks/repeater/on/repeater_4tick", "y": 180 },
        "delay=4,facing=east,locked=false,powered=true": { "model": "block/stone_slab_blocks/repeater/on/repeater_4tick", "y": 270 },
        "delay=1,facing=south,locked=true,powered=true": { "model": "block/stone_slab_blocks/repeater/on_locked/repeater_1tick" },
        "delay=1,facing=west,locked=true,powered=true": { "model": "block/stone_slab_blocks/repeater/on_locked/repeater_1tick", "y": 90 },
        "delay=1,facing=north,locked=true,powered=true": { "model": "block/stone_slab_blocks/repeater/on_locked/repeater_1tick", "y": 180 },
        "delay=1,facing=east,locked=true,powered=true": { "model": "block/stone_slab_blocks/repeater/on_locked/repeater_1tick", "y": 270 },
        "delay=2,facing=south,locked=true,powered=true": { "model": "block/stone_slab_blocks/repeater/on_locked/repeater_2tick" },
        "delay=2,facing=west,locked=true,powered=true": { "model": "block/stone_slab_blocks/repeater/on_locked/repeater_2tick", "y": 90 },
        "delay=2,facing=north,locked=true,powered=true": { "model": "block/stone_slab_blocks/repeater/on_locked/repeater_2tick", "y": 180 },
        "delay=2,facing=east,locked=true,powered=true": { "model": "block/stone_slab_blocks/repeater/on_locked/repeater_2tick", "y": 270 },
        "delay=3,facing=south,locked=true,powered=true": { "model": "block/stone_slab_blocks/repeater/on_locked/repeater_3tick" },
        "delay=3,facing=west,locked=true,powered=true": { "model": "block/stone_slab_blocks/repeater/on_locked/repeater_3tick", "y": 90 },
        "delay=3,facing=north,locked=true,powered=true": { "model": "block/stone_slab_blocks/repeater/on_locked/repeater_3tick", "y": 180 },
        "delay=3,facing=east,locked=true,powered=true": { "model": "block/stone_slab_blocks/repeater/on_locked/repeater_3tick", "y": 270 },
        "delay=4,facing=south,locked=true,powered=true": { "model": "block/stone_slab_blocks/repeater/on_locked/repeater_4tick" },
        "delay=4,facing=west,locked=true,powered=true": { "model": "block/stone_slab_blocks/repeater/on_locked/repeater_4tick", "y": 90 },
        "delay=4,facing=north,locked=true,powered=true": { "model": "block/stone_slab_blocks/repeater/on_locked/repeater_4tick", "y": 180 },
        "delay=4,facing=east,locked=true,powered=true": { "model": "block/stone_slab_blocks/repeater/on_locked/repeater_4tick", "y": 270 }
    }
}
