{
	"__comment": "Designed by creatorLabs with CubikStudio - https://cubik.studio - Download 3D CreatorCraft at https://www.planetminecraft.com/texture_pack/3d-creatorcraft/",
    "variants": {
        "": [
		{ "model": "block/sandstone/normal/downgrade/flat/sandstone" },
		{ "model": "block/sandstone/normal/downgrade/flat/sandstone", "y": 90 },
		{ "model": "block/sandstone/normal/downgrade/flat/sandstone", "y": 180 },
		{ "model": "block/sandstone/normal/downgrade/flat/sandstone", "y": 270 }
		]
    }
}
