{
	"__comment": "Designed by creatorLabs with CubikStudio - https://cubik.studio - Download 3D CreatorCraft at https://www.planetminecraft.com/texture_pack/3d-creatorcraft/",
    "variants": {
        "type=bottom": [
		{ "model": "block/sandstone/normal/downgrade/flat/sandstone_slab" },
		{ "model": "block/sandstone/normal/downgrade/flat/sandstone_slab", "y": 90 },
		{ "model": "block/sandstone/normal/downgrade/flat/sandstone_slab", "y": 180 },
		{ "model": "block/sandstone/normal/downgrade/flat/sandstone_slab", "y": 270 }
		],
        "type=top": [
		{ "model": "block/sandstone/normal/downgrade/flat/sandstone_slab_top" },
		{ "model": "block/sandstone/normal/downgrade/flat/sandstone_slab_top", "y": 90 },
		{ "model": "block/sandstone/normal/downgrade/flat/sandstone_slab_top", "y": 180 },
		{ "model": "block/sandstone/normal/downgrade/flat/sandstone_slab_top", "y": 270 }
		],
        "type=double": [
		{ "model": "block/sandstone/normal/downgrade/flat/sandstone" },
		{ "model": "block/sandstone/normal/downgrade/flat/sandstone", "y": 90 },
		{ "model": "block/sandstone/normal/downgrade/flat/sandstone", "y": 180 },
		{ "model": "block/sandstone/normal/downgrade/flat/sandstone", "y": 270 }
		]
    }
}
