{
	"__comment": "Designed by CreatorLabs with Cubik Studio - https://cubik.studio - Download 3D CreatorCraft at https://www.planetminecraft.com/texture_pack/3d-creatorcraft/",
    "variants": {
        "distance=0": { "model": "block/scaffolding/stable" },
        "distance=1": { "model": "block/scaffolding/unstable" },
        "distance=2": { "model": "block/scaffolding/unstable" },
        "distance=3": { "model": "block/scaffolding/unstable" },
        "distance=4": { "model": "block/scaffolding/unstable" },
        "distance=5": { "model": "block/scaffolding/unstable" }
    }
}
