{
	"__comment": "Designed by CreatorLabs with Cubik Studio - https://cubik.studio - Download 3D CreatorCraft at https://www.planetminecraft.com/texture_pack/3d-creatorcraft/",
    "variants": {
        "pickles=1,waterlogged=false": [
          { "model": "block/sea_pickle/dead/one" },
          { "model": "block/sea_pickle/dead/one", "y": 90 },
          { "model": "block/sea_pickle/dead/one", "y": 180 },
          { "model": "block/sea_pickle/dead/one", "y": 270 }
        ],
      "pickles=2,waterlogged=false": [
        { "model": "block/sea_pickle/dead/two" },
        { "model": "block/sea_pickle/dead/two", "y": 90 },
        { "model": "block/sea_pickle/dead/two", "y": 180 },
        { "model": "block/sea_pickle/dead/two", "y": 270 }
      ],
      "pickles=3,waterlogged=false": [
        { "model": "block/sea_pickle/dead/three" },
        { "model": "block/sea_pickle/dead/three", "y": 90 },
        { "model": "block/sea_pickle/dead/three", "y": 180 },
        { "model": "block/sea_pickle/dead/three", "y": 270 }
      ],
      "pickles=4,waterlogged=false": [
        { "model": "block/sea_pickle/dead/four" },
        { "model": "block/sea_pickle/dead/four", "y": 90 },
        { "model": "block/sea_pickle/dead/four", "y": 180 },
        { "model": "block/sea_pickle/dead/four", "y": 270 }
      ],
      "pickles=1,waterlogged=true": [
        { "model": "block/sea_pickle/alive/one" },
        { "model": "block/sea_pickle/alive/one", "y": 90 },
        { "model": "block/sea_pickle/alive/one", "y": 180 },
        { "model": "block/sea_pickle/alive/one", "y": 270 }
      ],
      "pickles=2,waterlogged=true": [
        { "model": "block/sea_pickle/alive/two" },
        { "model": "block/sea_pickle/alive/two", "y": 90 },
        { "model": "block/sea_pickle/alive/two", "y": 180 },
        { "model": "block/sea_pickle/alive/two", "y": 270 }
      ],
      "pickles=3,waterlogged=true": [
        { "model": "block/sea_pickle/alive/three" },
        { "model": "block/sea_pickle/alive/three", "y": 90 },
        { "model": "block/sea_pickle/alive/three", "y": 180 },
        { "model": "block/sea_pickle/alive/three", "y": 270 }
      ],
      "pickles=4,waterlogged=true": [
        { "model": "block/sea_pickle/alive/four" },
        { "model": "block/sea_pickle/alive/four", "y": 90 },
        { "model": "block/sea_pickle/alive/four", "y": 180 },
        { "model": "block/sea_pickle/alive/four", "y": 270 }
      ]
  }
}
