{
	"__comment": "Designed by CreatorLabs with Cubik Studio - https://cubik.studio - Download 3D CreatorCraft at https://www.planetminecraft.com/texture_pack/3d-creatorcraft/",
    "variants": {
        "facing=north,lit=false": { "model": "block/smoker/off" },
        "facing=south,lit=false": { "model": "block/smoker/off", "y": 180 },
        "facing=west,lit=false":  { "model": "block/smoker/off", "y": 270 },
        "facing=east,lit=false":  { "model": "block/smoker/off", "y": 90 },
        "facing=north,lit=true": { "model": "block/smoker/on" },
        "facing=south,lit=true": { "model": "block/smoker/on", "y": 180 },
        "facing=west,lit=true":  { "model": "block/smoker/on", "y": 270 },
        "facing=east,lit=true":  { "model": "block/smoker/on", "y": 90 }
    }
}
