{
  "__comment": "Designed by CreatorLabs with Cubik Studio - https://cubik.studio - Download 3D CreatorCraft at https://www.planetminecraft.com/texture_pack/3d-creatorcraft/",
    "variants": {
        "layers=1":  { "model": "block/snow/layer/snow_height2" },
        "layers=2":  { "model": "block/snow/layer/snow_height4" },
        "layers=3":  { "model": "block/snow/layer/snow_height6" },
        "layers=4":  { "model": "block/snow/layer/snow_height8" },
        "layers=5":  { "model": "block/snow/layer/snow_height10" },
        "layers=6":  { "model": "block/snow/layer/snow_height12" },
        "layers=7":  { "model": "block/snow/layer/snow_height14" },
        "layers=8":  { "model": "block/snow/block/snow_block" }
    }
}
