{
"__comment": "Designed by CreatorLabs with Cubik Studio - https://cubik.studio - Download at https://www.planetminecraft.com/texture_pack/3d-creatorcraft/",
    "variants": {
        "": [
		{ "model": "block/soul_sand/soul_sand", "y": 90 },
		{ "model": "block/soul_sand/soul_sand", "y": 180 },
		{ "model": "block/soul_sand/soul_sand", "y": 270 },
		{ "model": "block/soul_sand/soul_sand" },
		{ "model": "block/soul_sand/soul_sand", "x": 90 },
		{ "model": "block/soul_sand/soul_sand", "x": 180 },
		{ "model": "block/soul_sand/soul_sand", "x": 270 },
		{ "model": "block/soul_sand/soul_sand" },
		{ "model": "block/soul_sand/soul_sand", "z": 90 },
		{ "model": "block/soul_sand/soul_sand", "z": 180 },
		{ "model": "block/soul_sand/soul_sand", "z": 270 },
		{ "model": "block/soul_sand/soul_sand" }
		]
    }
}
