{
"__comment": "Designed by creatorLabs with CubikStudio - https://cubik.studio - Download 3D CreatorCraft at https://www.planetminecraft.com/texture_pack/3d-creatorcraft/",
    "variants": {
        "": [	 
		{"model": "block/sponge/normal/sponge"},	
		{"model": "block/sponge/normal/sponge", "y": 90 },
        {"model": "block/sponge/normal/sponge", "y": 180},
        {"model": "block/sponge/normal/sponge", "y": 270 },	
        {"model": "block/sponge/normal/sponge", "x": 90 },
        {"model": "block/sponge/normal/sponge", "x": 180},
        {"model": "block/sponge/normal/sponge", "x": 270 },
		{"model": "block/sponge/normal/sponge", "z": 90 },
        {"model": "block/sponge/normal/sponge", "z": 180},
        {"model": "block/sponge/normal/sponge", "z": 270 }
		]
		}
    }

