{
"__comment": "Designed by CreatorLabs with Cubik Studio - https://cubik.studio - Download 3D CreatorCraft at https://www.planetminecraft.com/texture_pack/3d-creatorcraft/",
    "multipart": [
        {   "apply": { "model": "block/fence/fence/spruce/spruce_fence_post" }},
        {   "when": { "north": "true" },
            "apply": { "model": "block/fence/fence/spruce/spruce_fence_side"}
        },
        {   "when": { "east": "true" },
            "apply": { "model": "block/fence/fence/spruce/spruce_fence_side", "y": 90}
        },
        {   "when": { "south": "true" },
            "apply": { "model": "block/fence/fence/spruce/spruce_fence_side", "y": 180}
        },
        {   "when": { "west": "true" },
            "apply": { "model": "block/fence/fence/spruce/spruce_fence_side", "y": 270}
        }
    ]
	}
