{
	"__comment": "Designed by CreatorLabs with Cubik Studio - https://cubik.studio - Download 3D CreatorCraft at https://www.planetminecraft.com/texture_pack/3d-creatorcraft/",
    "variants": {
        "extended=false,facing=down": { "model": "block/stone_slab_blocks/piston/downgrade/flat/sticky/piston", "x": 90 },
        "extended=false,facing=up": { "model": "block/stone_slab_blocks/piston/downgrade/flat/sticky/piston", "x": 270 },
        "extended=false,facing=north": { "model": "block/stone_slab_blocks/piston/downgrade/flat/sticky/piston" },
        "extended=false,facing=south": { "model": "block/stone_slab_blocks/piston/downgrade/flat/sticky/piston", "y": 180 },
        "extended=false,facing=west": { "model": "block/stone_slab_blocks/piston/downgrade/flat/sticky/piston", "y": 270 },
        "extended=false,facing=east": { "model": "block/stone_slab_blocks/piston/downgrade/flat/sticky/piston", "y": 90 },
        "extended=true,facing=down": { "model": "block/stone_slab_blocks/piston/downgrade/flat/sticky/piston_base", "x": 90 },
        "extended=true,facing=up": { "model": "block/stone_slab_blocks/piston/downgrade/flat/sticky/piston_base", "x": 270 },
        "extended=true,facing=north": { "model": "block/stone_slab_blocks/piston/downgrade/flat/sticky/piston_base" },
        "extended=true,facing=south": { "model": "block/stone_slab_blocks/piston/downgrade/flat/sticky/piston_base", "y": 180 },
        "extended=true,facing=west": { "model": "block/stone_slab_blocks/piston/downgrade/flat/sticky/piston_base", "y": 270 },
        "extended=true,facing=east": { "model": "block/stone_slab_blocks/piston/downgrade/flat/sticky/piston_base", "y": 90 }
    }
}
