{
"__comment": "Designed by CreatorLabs with Cubik Studio - https://cubik.studio - Download 3D CreatorCraft at https://www.planetminecraft.com/texture_pack/3d-creatorcraft/",
    "variants": {
        "facing=north": { "model": "block/stonecutter/stonecutter" },
        "facing=south": { "model": "block/stonecutter/stonecutter", "y": 180 },
        "facing=west": { "model": "block/stonecutter/stonecutter", "y": 270 },
        "facing=east": { "model": "block/stonecutter/stonecutter", "y": 90 }
    }
}
