{
"__comment": "Designed by CreatorLabs with Cubik Studio - https://cubik.studio - Download 3D CreatorCraft at https://www.planetminecraft.com/texture_pack/3d-creatorcraft/",
    "variants": {
        "attached=false,east=false,north=false,south=false,west=false": { "model": "block/tripwire_hook/tripwire_attached_ns" },
        "attached=false,east=false,north=true,south=false,west=false": { "model": "block/tripwire_hook/tripwire_attached_n" },
        "attached=false,east=false,north=false,south=true,west=false": { "model": "block/tripwire_hook/tripwire_attached_n", "y": 180 },
        "attached=false,east=true,north=false,south=false,west=false": { "model": "block/tripwire_hook/tripwire_attached_n", "y": 90 },
        "attached=false,east=false,north=false,south=false,west=true": { "model": "block/tripwire_hook/tripwire_attached_n", "y": 270 },
        "attached=false,east=true,north=true,south=false,west=false": { "model": "block/tripwire_hook/tripwire_attached_ne" },
        "attached=false,east=true,north=false,south=true,west=false": { "model": "block/tripwire_hook/tripwire_attached_ne", "y": 90 },
        "attached=false,east=false,north=false,south=true,west=true": { "model": "block/tripwire_hook/tripwire_attached_ne", "y": 180 },
        "attached=false,east=false,north=true,south=false,west=true": { "model": "block/tripwire_hook/tripwire_attached_ne", "y": 270 },
        "attached=false,east=false,north=true,south=true,west=false": { "model": "block/tripwire_hook/tripwire_attached_ns" },
        "attached=false,east=true,north=false,south=false,west=true": { "model": "block/tripwire_hook/tripwire_attached_ns", "y": 90 },
        "attached=false,east=true,north=true,south=true,west=false": { "model": "block/tripwire_hook/tripwire_attached_nse" },
        "attached=false,east=true,north=false,south=true,west=true": { "model": "block/tripwire_hook/tripwire_attached_nse", "y": 90 },
        "attached=false,east=false,north=true,south=true,west=true": { "model": "block/tripwire_hook/tripwire_attached_nse", "y": 180 },
        "attached=false,east=true,north=true,south=false,west=true": { "model": "block/tripwire_hook/tripwire_attached_nse", "y": 270 },
        "attached=false,east=true,north=true,south=true,west=true": { "model": "block/tripwire_hook/tripwire_attached_nsew" },
        "attached=true,east=false,north=false,south=false,west=false": { "model": "block/tripwire_hook/tripwire_attached_ns" },
        "attached=true,east=false,north=true,south=false,west=false": { "model": "block/tripwire_hook/tripwire_attached_n" },
        "attached=true,east=false,north=false,south=true,west=false": { "model": "block/tripwire_hook/tripwire_attached_n", "y": 180 },
        "attached=true,east=true,north=false,south=false,west=false": { "model": "block/tripwire_hook/tripwire_attached_n", "y": 90 },
        "attached=true,east=false,north=false,south=false,west=true": { "model": "block/tripwire_hook/tripwire_attached_n", "y": 270 },
        "attached=true,east=true,north=true,south=false,west=false": { "model": "block/tripwire_hook/tripwire_attached_ne" },
        "attached=true,east=true,north=false,south=true,west=false": { "model": "block/tripwire_hook/tripwire_attached_ne", "y": 90 },
        "attached=true,east=false,north=false,south=true,west=true": { "model": "block/tripwire_hook/tripwire_attached_ne", "y": 180 },
        "attached=true,east=false,north=true,south=false,west=true": { "model": "block/tripwire_hook/tripwire_attached_ne", "y": 270 },
        "attached=true,east=false,north=true,south=true,west=false": { "model": "block/tripwire_hook/tripwire_attached_ns" },
        "attached=true,east=true,north=false,south=false,west=true": { "model": "block/tripwire_hook/tripwire_attached_ns", "y": 90 },
        "attached=true,east=true,north=true,south=true,west=false": { "model": "block/tripwire_hook/tripwire_attached_nse" },
        "attached=true,east=true,north=false,south=true,west=true": { "model": "block/tripwire_hook/tripwire_attached_nse", "y": 90 },
        "attached=true,east=false,north=true,south=true,west=true": { "model": "block/tripwire_hook/tripwire_attached_nse", "y": 180 },
        "attached=true,east=true,north=true,south=false,west=true": { "model": "block/tripwire_hook/tripwire_attached_nse", "y": 270 },
        "attached=true,east=true,north=true,south=true,west=true": { "model": "block/tripwire_hook/tripwire_attached_nsew" }
    }
}
