{
	"__comment": "Designed by CreatorLabs with Cubik Studio - https://cubik.studio - Download 3D CreatorCraft at https://www.planetminecraft.com/texture_pack/3d-creatorcraft/",
    "variants": {
        "eggs=1,hatch=0": [
            { "model": "block/turtle/egg/undamaged/one" },
            { "model": "block/turtle/egg/undamaged/one", "y": 90 },
            { "model": "block/turtle/egg/undamaged/one", "y": 180 },
            { "model": "block/turtle/egg/undamaged/one", "y": 270 }
        ],
        "eggs=1,hatch=1": [
            { "model": "block/turtle/egg/slight_damage/one" },
            { "model": "block/turtle/egg/slight_damage/one", "y": 90 },
            { "model": "block/turtle/egg/slight_damage/one", "y": 180 },
            { "model": "block/turtle/egg/slight_damage/one", "y": 270 }
        ],
        "eggs=1,hatch=2": [
            { "model": "block/turtle/egg/heavy_damage/one" },
            { "model": "block/turtle/egg/heavy_damage/one", "y": 90 },
            { "model": "block/turtle/egg/heavy_damage/one", "y": 180 },
            { "model": "block/turtle/egg/heavy_damage/one", "y": 270 }
        ],
        "eggs=2,hatch=0": [
            { "model": "block/turtle/egg/undamaged/two" },
            { "model": "block/turtle/egg/undamaged/two", "y": 90 },
            { "model": "block/turtle/egg/undamaged/two", "y": 180 },
            { "model": "block/turtle/egg/undamaged/two", "y": 270 }
        ],
        "eggs=2,hatch=1": [
            { "model": "block/turtle/egg/slight_damage/two" },
            { "model": "block/turtle/egg/slight_damage/two", "y": 90 },
            { "model": "block/turtle/egg/slight_damage/two", "y": 180 },
            { "model": "block/turtle/egg/slight_damage/two", "y": 270 }
        ],
        "eggs=2,hatch=2": [
            { "model": "block/turtle/egg/heavy_damage/two" },
            { "model": "block/turtle/egg/heavy_damage/two", "y": 90 },
            { "model": "block/turtle/egg/heavy_damage/two", "y": 180 },
            { "model": "block/turtle/egg/heavy_damage/two", "y": 270 }
        ],
        "eggs=3,hatch=0": [
            { "model": "block/turtle/egg/undamaged/three" },
            { "model": "block/turtle/egg/undamaged/three", "y": 90 },
            { "model": "block/turtle/egg/undamaged/three", "y": 180 },
            { "model": "block/turtle/egg/undamaged/three", "y": 270 }
        ],
        "eggs=3,hatch=1": [
            { "model": "block/turtle/egg/slight_damage/three" },
            { "model": "block/turtle/egg/slight_damage/three", "y": 90 },
            { "model": "block/turtle/egg/slight_damage/three", "y": 180 },
            { "model": "block/turtle/egg/slight_damage/three", "y": 270 }
        ],
        "eggs=3,hatch=2": [
            { "model": "block/turtle/egg/heavy_damage/three" },
            { "model": "block/turtle/egg/heavy_damage/three", "y": 90 },
            { "model": "block/turtle/egg/heavy_damage/three", "y": 180 },
            { "model": "block/turtle/egg/heavy_damage/three", "y": 270 }
        ],
        "eggs=4,hatch=0": [
            { "model": "block/turtle/egg/undamaged/four" },
            { "model": "block/turtle/egg/undamaged/four", "y": 90 },
            { "model": "block/turtle/egg/undamaged/four", "y": 180 },
            { "model": "block/turtle/egg/undamaged/four", "y": 270 }
        ],
        "eggs=4,hatch=1": [
            { "model": "block/turtle/egg/slight_damage/four" },
            { "model": "block/turtle/egg/slight_damage/four", "y": 90 },
            { "model": "block/turtle/egg/slight_damage/four", "y": 180 },
            { "model": "block/turtle/egg/slight_damage/four", "y": 270 }
        ],
        "eggs=4,hatch=2": [
            { "model": "block/turtle/egg/heavy_damage/four" },
            { "model": "block/turtle/egg/heavy_damage/four", "y": 90 },
            { "model": "block/turtle/egg/heavy_damage/four", "y": 180 },
            { "model": "block/turtle/egg/heavy_damage/four", "y": 270 }
        ]
    }
}
