{
	"__comment": "Designed by CreatorLabs with Cubik Studio - https://cubik.studio - Download 3D CreatorCraft at https://www.planetminecraft.com/texture_pack/3d-creatorcraft/",
    "variants": {
        "age=0": [
		{ "model": "block/crops/wheat/0" },
		{ "model": "block/crops/wheat/0", "y": 90 },
		{ "model": "block/crops/wheat/0", "y": 180 },
		{ "model": "block/crops/wheat/0", "y": 270 }
		],
        "age=1": [
		{ "model": "block/crops/wheat/1" },
		{ "model": "block/crops/wheat/1", "y": 90 },
		{ "model": "block/crops/wheat/1", "y": 180 },
		{ "model": "block/crops/wheat/1", "y": 270 }
		],
        "age=2": [
		{ "model": "block/crops/wheat/2" },
		{ "model": "block/crops/wheat/2", "y": 90 },
		{ "model": "block/crops/wheat/2", "y": 180 },
		{ "model": "block/crops/wheat/2", "y": 270 }
		],
        "age=3": [
		{ "model": "block/crops/wheat/3" },
		{ "model": "block/crops/wheat/3", "y": 90 },
		{ "model": "block/crops/wheat/3", "y": 180 },
		{ "model": "block/crops/wheat/3", "y": 270 }
		],
        "age=4": [
		{ "model": "block/crops/wheat/4" },
		{ "model": "block/crops/wheat/4", "y": 90 },
		{ "model": "block/crops/wheat/4", "y": 180 },
		{ "model": "block/crops/wheat/4", "y": 270 }
		],                         
        "age=5": [                 
		{ "model": "block/crops/wheat/5" },
		{ "model": "block/crops/wheat/5", "y": 90 },
		{ "model": "block/crops/wheat/5", "y": 180 },
		{ "model": "block/crops/wheat/5", "y": 270 }
		],                         
        "age=6": [                 
		{ "model": "block/crops/wheat/6" },
		{ "model": "block/crops/wheat/6", "y": 90 },
		{ "model": "block/crops/wheat/6", "y": 180 },
		{ "model": "block/crops/wheat/6", "y": 270 }
		],
        "age=7": [
		{ "model": "block/crops/wheat/7" },
		{ "model": "block/crops/wheat/7", "y": 90 },
		{ "model": "block/crops/wheat/7", "y": 180 },
		{ "model": "block/crops/wheat/7", "y": 270 }
		]
    }
}
