{"file_name":"body","texture_size":[128,128],"textures":{"5554acde-b8d3-96ed-16f1-6e2999f20cbc":"modelengine:entity/darktang"},"elements":[{"name":"cube","from":[5.815346,3.7185202,5.644052],"to":[10.254385,5.377401,10.025492],"rotation":{"angle":0.0,"axis":"x","origin":[8.034865,5.1009207,7.967252]},"faces":{"down":{"uv":[6.125,4.25,7.0,5.125],"rotation":0,"texture":"#5554acde-b8d3-96ed-16f1-6e2999f20cbc","tintindex":0},"east":{"uv":[11.5,5.0,12.375,5.375],"rotation":0,"texture":"#5554acde-b8d3-96ed-16f1-6e2999f20cbc","tintindex":0},"north":{"uv":[11.25,9.125,12.125,9.5],"rotation":0,"texture":"#5554acde-b8d3-96ed-16f1-6e2999f20cbc","tintindex":0},"south":{"uv":[3.625,11.75,4.5,12.125],"rotation":0,"texture":"#5554acde-b8d3-96ed-16f1-6e2999f20cbc","tintindex":0},"up":{"uv":[0.875,6.5,0.0,5.625],"rotation":0,"texture":"#5554acde-b8d3-96ed-16f1-6e2999f20cbc","tintindex":0},"west":{"uv":[11.75,5.375,12.625,5.75],"rotation":0,"texture":"#5554acde-b8d3-96ed-16f1-6e2999f20cbc","tintindex":0}}},{"name":"cube","from":[6.3529453,3.9950004,10.025492],"to":[9.716785,5.008759,10.117652],"rotation":{"angle":0.0,"axis":"x","origin":[8.034865,5.1009207,8.059412]},"faces":{"down":{"uv":[8.75,14.125,9.5,14.25],"rotation":0,"texture":"#5554acde-b8d3-96ed-16f1-6e2999f20cbc","tintindex":0},"east":{"uv":[1.125,15.25,1.25,15.5],"rotation":0,"texture":"#5554acde-b8d3-96ed-16f1-6e2999f20cbc","tintindex":0},"north":{"uv":[13.25,1.5,14.0,1.75],"rotation":0,"texture":"#5554acde-b8d3-96ed-16f1-6e2999f20cbc","tintindex":0},"south":{"uv":[13.25,5.625,14.0,5.875],"rotation":0,"texture":"#5554acde-b8d3-96ed-16f1-6e2999f20cbc","tintindex":0},"up":{"uv":[10.5,11.0,9.75,10.875],"rotation":0,"texture":"#5554acde-b8d3-96ed-16f1-6e2999f20cbc","tintindex":0},"west":{"uv":[15.25,1.125,15.375,1.375],"rotation":0,"texture":"#5554acde-b8d3-96ed-16f1-6e2999f20cbc","tintindex":0}}},{"name":"cube","from":[5.9075055,2.4935594,5.8014917],"to":[10.162226,3.7185202,9.756693],"rotation":{"angle":0.0,"axis":"x","origin":[8.034865,5.1009207,7.782932]},"faces":{"down":{"uv":[6.75,1.75,7.625,2.625],"rotation":0,"texture":"#5554acde-b8d3-96ed-16f1-6e2999f20cbc","tintindex":0},"east":{"uv":[12.875,7.25,13.75,7.5],"rotation":0,"texture":"#5554acde-b8d3-96ed-16f1-6e2999f20cbc","tintindex":0},"north":{"uv":[12.75,12.375,13.625,12.625],"rotation":0,"texture":"#5554acde-b8d3-96ed-16f1-6e2999f20cbc","tintindex":0},"south":{"uv":[12.875,7.5,13.75,7.75],"rotation":0,"texture":"#5554acde-b8d3-96ed-16f1-6e2999f20cbc","tintindex":0},"up":{"uv":[6.875,7.5,6.0,6.625],"rotation":0,"texture":"#5554acde-b8d3-96ed-16f1-6e2999f20cbc","tintindex":0},"west":{"uv":[13.0,7.75,13.875,8.0],"rotation":0,"texture":"#5554acde-b8d3-96ed-16f1-6e2999f20cbc","tintindex":0}}},{"name":"cube","from":[3.2295058,1.2472634,5.993492],"to":[6.7162256,2.7986236,9.372692],"rotation":{"angle":-45.0,"axis":"z","origin":[8.812866,3.0290227,7.782932]},"faces":{"down":{"uv":[8.875,0.75,9.625,1.5],"rotation":0,"texture":"#5554acde-b8d3-96ed-16f1-6e2999f20cbc","tintindex":0},"east":{"uv":[12.125,7.375,12.875,7.75],"rotation":0,"texture":"#5554acde-b8d3-96ed-16f1-6e2999f20cbc","tintindex":0},"north":{"uv":[10.75,2.5,11.5,2.875],"rotation":0,"texture":"#5554acde-b8d3-96ed-16f1-6e2999f20cbc","tintindex":0},"south":{"uv":[2.875,12.25,3.625,12.625],"rotation":0,"texture":"#5554acde-b8d3-96ed-16f1-6e2999f20cbc","tintindex":0},"up":{"uv":[5.125,7.5,4.375,6.75],"rotation":0,"texture":"#5554acde-b8d3-96ed-16f1-6e2999f20cbc","tintindex":0},"west":{"uv":[7.5,12.25,8.25,12.625],"rotation":0,"texture":"#5554acde-b8d3-96ed-16f1-6e2999f20cbc","tintindex":0}}},{"name":"cube","from":[4.381506,0.67126274,5.993492],"to":[7.100226,1.2626237,9.372692],"rotation":{"angle":-45.0,"axis":"z","origin":[8.812866,3.0290227,7.782932]},"faces":{"down":{"uv":[9.875,10.125,10.5,10.875],"rotation":0,"texture":"#5554acde-b8d3-96ed-16f1-6e2999f20cbc","tintindex":0},"east":{"uv":[14.25,0.5,15.0,0.625],"rotation":0,"texture":"#5554acde-b8d3-96ed-16f1-6e2999f20cbc","tintindex":0},"north":{"uv":[14.5,3.75,15.125,3.875],"rotation":0,"texture":"#5554acde-b8d3-96ed-16f1-6e2999f20cbc","tintindex":0},"south":{"uv":[14.5,3.875,15.125,4.0],"rotation":0,"texture":"#5554acde-b8d3-96ed-16f1-6e2999f20cbc","tintindex":0},"up":{"uv":[10.625,8.125,10.0,7.375],"rotation":0,"texture":"#5554acde-b8d3-96ed-16f1-6e2999f20cbc","tintindex":0},"west":{"uv":[14.25,0.625,15.0,0.75],"rotation":0,"texture":"#5554acde-b8d3-96ed-16f1-6e2999f20cbc","tintindex":0}}},{"name":"cube","from":[8.969505,0.67126274,5.993492],"to":[11.688226,1.2626237,9.372692],"rotation":{"angle":45.0,"axis":"z","origin":[7.2568655,3.0290227,7.782932]},"faces":{"down":{"uv":[3.0,10.375,3.625,11.125],"rotation":0,"texture":"#5554acde-b8d3-96ed-16f1-6e2999f20cbc","tintindex":0},"east":{"uv":[14.25,0.75,15.0,0.875],"rotation":0,"texture":"#5554acde-b8d3-96ed-16f1-6e2999f20cbc","tintindex":0},"north":{"uv":[14.5,4.25,15.125,4.375],"rotation":0,"texture":"#5554acde-b8d3-96ed-16f1-6e2999f20cbc","tintindex":0},"south":{"uv":[14.5,4.375,15.125,4.5],"rotation":0,"texture":"#5554acde-b8d3-96ed-16f1-6e2999f20cbc","tintindex":0},"up":{"uv":[7.25,11.0,6.625,10.25],"rotation":0,"texture":"#5554acde-b8d3-96ed-16f1-6e2999f20cbc","tintindex":0},"west":{"uv":[14.25,1.375,15.0,1.5],"rotation":0,"texture":"#5554acde-b8d3-96ed-16f1-6e2999f20cbc","tintindex":0}}},{"name":"cube","from":[9.353506,1.2472634,5.993492],"to":[12.840226,2.7986236,9.372692],"rotation":{"angle":45.0,"axis":"z","origin":[7.2568655,3.0290227,7.782932]},"faces":{"down":{"uv":[0.0,9.125,0.75,9.875],"rotation":0,"texture":"#5554acde-b8d3-96ed-16f1-6e2999f20cbc","tintindex":0},"east":{"uv":[12.25,8.125,13.0,8.5],"rotation":0,"texture":"#5554acde-b8d3-96ed-16f1-6e2999f20cbc","tintindex":0},"north":{"uv":[12.25,7.75,13.0,8.125],"rotation":0,"texture":"#5554acde-b8d3-96ed-16f1-6e2999f20cbc","tintindex":0},"south":{"uv":[12.25,10.75,13.0,11.125],"rotation":0,"texture":"#5554acde-b8d3-96ed-16f1-6e2999f20cbc","tintindex":0},"up":{"uv":[2.25,9.75,1.5,9.0],"rotation":0,"texture":"#5554acde-b8d3-96ed-16f1-6e2999f20cbc","tintindex":0},"west":{"uv":[0.0,12.375,0.75,12.75],"rotation":0,"texture":"#5554acde-b8d3-96ed-16f1-6e2999f20cbc","tintindex":0}}},{"name":"cube","from":[3.6049395,5.71716,6.012692],"to":[4.4036593,9.572521,9.363092],"rotation":{"angle":0.0,"axis":"x","origin":[12.260301,2.1229208,7.782932]},"faces":{"down":{"uv":[0.375,14.125,0.5,14.875],"rotation":0,"texture":"#5554acde-b8d3-96ed-16f1-6e2999f20cbc","tintindex":0},"east":{"uv":[8.5,8.875,9.25,9.625],"rotation":0,"texture":"#5554acde-b8d3-96ed-16f1-6e2999f20cbc","tintindex":0},"north":{"uv":[8.375,9.75,8.5,10.5],"rotation":0,"texture":"#5554acde-b8d3-96ed-16f1-6e2999f20cbc","tintindex":0},"south":{"uv":[0.625,9.875,0.75,10.625],"rotation":0,"texture":"#5554acde-b8d3-96ed-16f1-6e2999f20cbc","tintindex":0},"up":{"uv":[11.875,8.5,11.75,7.75],"rotation":0,"texture":"#5554acde-b8d3-96ed-16f1-6e2999f20cbc","tintindex":0},"west":{"uv":[0.75,9.0,1.5,9.75],"rotation":0,"texture":"#5554acde-b8d3-96ed-16f1-6e2999f20cbc","tintindex":0}}},{"name":"cube","from":[11.666072,5.71716,6.012692],"to":[12.464792,9.572521,9.363092],"rotation":{"angle":0.0,"axis":"x","origin":[3.8094316,2.1229208,7.782932]},"faces":{"down":{"uv":[5.125,14.125,5.25,14.875],"rotation":0,"texture":"#5554acde-b8d3-96ed-16f1-6e2999f20cbc","tintindex":0},"east":{"uv":[9.125,0.0,9.875,0.75],"rotation":0,"texture":"#5554acde-b8d3-96ed-16f1-6e2999f20cbc","tintindex":0},"north":{"uv":[2.625,14.125,2.75,14.875],"rotation":0,"texture":"#5554acde-b8d3-96ed-16f1-6e2999f20cbc","tintindex":0},"south":{"uv":[4.25,14.125,4.375,14.875],"rotation":0,"texture":"#5554acde-b8d3-96ed-16f1-6e2999f20cbc","tintindex":0},"up":{"uv":[4.5,14.875,4.375,14.125],"rotation":0,"texture":"#5554acde-b8d3-96ed-16f1-6e2999f20cbc","tintindex":0},"west":{"uv":[2.25,9.125,3.0,9.875],"rotation":0,"texture":"#5554acde-b8d3-96ed-16f1-6e2999f20cbc","tintindex":0}}},{"name":"cube","from":[6.6563053,3.9950004,5.467412],"to":[7.9887857,5.2238007,5.7477317],"rotation":{"angle":0.0,"axis":"x","origin":[8.034865,5.1009207,7.782932]},"faces":{"down":{"uv":[9.625,0.75,9.875,0.875],"rotation":0,"texture":"#5554acde-b8d3-96ed-16f1-6e2999f20cbc","tintindex":0},"east":{"uv":[2.5,8.125,2.625,8.375],"rotation":0,"texture":"#5554acde-b8d3-96ed-16f1-6e2999f20cbc","tintindex":0},"north":{"uv":[1.75,10.625,2.0,10.875],"rotation":0,"texture":"#5554acde-b8d3-96ed-16f1-6e2999f20cbc","tintindex":0},"south":{"uv":[5.75,11.25,6.0,11.5],"rotation":0,"texture":"#5554acde-b8d3-96ed-16f1-6e2999f20cbc","tintindex":0},"up":{"uv":[2.5,9.125,2.25,9.0],"rotation":0,"texture":"#5554acde-b8d3-96ed-16f1-6e2999f20cbc","tintindex":0},"west":{"uv":[8.5,3.25,8.625,3.5],"rotation":0,"texture":"#5554acde-b8d3-96ed-16f1-6e2999f20cbc","tintindex":0}}},{"name":"cube","from":[6.8598256,4.2868404,5.2830915],"to":[7.919666,5.2238007,5.473412],"rotation":{"angle":0.0,"axis":"x","origin":[8.034865,5.1009207,7.782932]},"faces":{"down":{"uv":[12.125,4.875,12.375,5.0],"rotation":0,"texture":"#5554acde-b8d3-96ed-16f1-6e2999f20cbc","tintindex":0},"east":{"uv":[11.125,0.5,11.25,0.75],"rotation":0,"texture":"#5554acde-b8d3-96ed-16f1-6e2999f20cbc","tintindex":0},"north":{"uv":[2.25,14.625,2.5,14.875],"rotation":0,"texture":"#5554acde-b8d3-96ed-16f1-6e2999f20cbc","tintindex":0},"south":{"uv":[14.625,4.625,14.875,4.875],"rotation":0,"texture":"#5554acde-b8d3-96ed-16f1-6e2999f20cbc","tintindex":0},"up":{"uv":[12.375,1.875,12.125,1.75],"rotation":0,"texture":"#5554acde-b8d3-96ed-16f1-6e2999f20cbc","tintindex":0},"west":{"uv":[5.625,11.875,5.75,12.125],"rotation":0,"texture":"#5554acde-b8d3-96ed-16f1-6e2999f20cbc","tintindex":0}}},{"name":"cube","from":[8.080946,3.9950004,5.467412],"to":[9.413425,5.2238007,5.7477317],"rotation":{"angle":0.0,"axis":"x","origin":[8.034865,5.1009207,7.782932]},"faces":{"down":{"uv":[6.875,11.625,7.125,11.75],"rotation":0,"texture":"#5554acde-b8d3-96ed-16f1-6e2999f20cbc","tintindex":0},"east":{"uv":[8.625,5.0,8.75,5.25],"rotation":0,"texture":"#5554acde-b8d3-96ed-16f1-6e2999f20cbc","tintindex":0},"north":{"uv":[11.875,0.875,12.125,1.125],"rotation":0,"texture":"#5554acde-b8d3-96ed-16f1-6e2999f20cbc","tintindex":0},"south":{"uv":[12.375,2.125,12.625,2.375],"rotation":0,"texture":"#5554acde-b8d3-96ed-16f1-6e2999f20cbc","tintindex":0},"up":{"uv":[2.25,9.875,2.0,9.75],"rotation":0,"texture":"#5554acde-b8d3-96ed-16f1-6e2999f20cbc","tintindex":0},"west":{"uv":[7.125,9.125,7.25,9.375],"rotation":0,"texture":"#5554acde-b8d3-96ed-16f1-6e2999f20cbc","tintindex":0}}},{"name":"cube","from":[8.150066,4.2868404,5.2830915],"to":[9.209906,5.2238007,5.5634117],"rotation":{"angle":0.0,"axis":"x","origin":[8.034865,5.1009207,7.782932]},"faces":{"down":{"uv":[11.875,9.0,12.125,9.125],"rotation":0,"texture":"#5554acde-b8d3-96ed-16f1-6e2999f20cbc","tintindex":0},"east":{"uv":[9.25,2.25,9.375,2.5],"rotation":0,"texture":"#5554acde-b8d3-96ed-16f1-6e2999f20cbc","tintindex":0},"north":{"uv":[13.625,10.375,13.875,10.625],"rotation":0,"texture":"#5554acde-b8d3-96ed-16f1-6e2999f20cbc","tintindex":0},"south":{"uv":[13.625,12.375,13.875,12.625],"rotation":0,"texture":"#5554acde-b8d3-96ed-16f1-6e2999f20cbc","tintindex":0},"up":{"uv":[5.125,11.875,4.875,11.75],"rotation":0,"texture":"#5554acde-b8d3-96ed-16f1-6e2999f20cbc","tintindex":0},"west":{"uv":[9.25,6.75,9.375,7.0],"rotation":0,"texture":"#5554acde-b8d3-96ed-16f1-6e2999f20cbc","tintindex":0}}},{"name":"cube","from":[5.3699055,8.18828,4.7416515],"to":[10.722866,9.501561,5.2024517],"rotation":{"angle":-22.5,"axis":"x","origin":[8.034865,8.787319,7.667732]},"faces":{"down":{"uv":[13.625,3.5,14.75,3.625],"rotation":0,"texture":"#5554acde-b8d3-96ed-16f1-6e2999f20cbc","tintindex":0},"east":{"uv":[3.375,2.0,3.5,2.25],"rotation":0,"texture":"#5554acde-b8d3-96ed-16f1-6e2999f20cbc","tintindex":0},"north":{"uv":[12.125,1.5,13.25,1.75],"rotation":0,"texture":"#5554acde-b8d3-96ed-16f1-6e2999f20cbc","tintindex":0},"south":{"uv":[12.125,4.625,13.25,4.875],"rotation":0,"texture":"#5554acde-b8d3-96ed-16f1-6e2999f20cbc","tintindex":0},"up":{"uv":[14.75,3.5,13.625,3.375],"rotation":0,"texture":"#5554acde-b8d3-96ed-16f1-6e2999f20cbc","tintindex":0},"west":{"uv":[4.5,2.0,4.625,2.25],"rotation":0,"texture":"#5554acde-b8d3-96ed-16f1-6e2999f20cbc","tintindex":0}}},{"name":"cube","from":[5.3007855,5.2391605,5.2024517],"to":[10.768946,8.649079,10.363413],"rotation":{"angle":0.0,"axis":"x","origin":[8.034865,8.787319,7.667732]},"faces":{"down":{"uv":[2.875,3.25,4.0,4.375],"rotation":0,"texture":"#5554acde-b8d3-96ed-16f1-6e2999f20cbc","tintindex":0},"east":{"uv":[5.75,3.5,6.875,4.25],"rotation":0,"texture":"#5554acde-b8d3-96ed-16f1-6e2999f20cbc","tintindex":0},"north":{"uv":[5.75,2.75,6.875,3.5],"rotation":0,"texture":"#5554acde-b8d3-96ed-16f1-6e2999f20cbc","tintindex":0},"south":{"uv":[5.875,5.25,7.0,6.0],"rotation":0,"texture":"#5554acde-b8d3-96ed-16f1-6e2999f20cbc","tintindex":0},"up":{"uv":[2.875,4.375,1.75,3.25],"rotation":0,"texture":"#5554acde-b8d3-96ed-16f1-6e2999f20cbc","tintindex":0},"west":{"uv":[2.75,6.0,3.875,6.75],"rotation":0,"texture":"#5554acde-b8d3-96ed-16f1-6e2999f20cbc","tintindex":0}}},{"name":"cube","from":[5.8383856,5.6999598,10.363413],"to":[10.231346,7.7274795,10.547731],"rotation":{"angle":0.0,"axis":"x","origin":[8.034865,8.787319,7.8520517]},"faces":{"down":{"uv":[7.75,14.0,8.625,14.125],"rotation":0,"texture":"#5554acde-b8d3-96ed-16f1-6e2999f20cbc","tintindex":0},"east":{"uv":[6.5,10.625,6.625,11.0],"rotation":0,"texture":"#5554acde-b8d3-96ed-16f1-6e2999f20cbc","tintindex":0},"north":{"uv":[11.75,5.75,12.625,6.125],"rotation":0,"texture":"#5554acde-b8d3-96ed-16f1-6e2999f20cbc","tintindex":0},"south":{"uv":[11.75,6.125,12.625,6.5],"rotation":0,"texture":"#5554acde-b8d3-96ed-16f1-6e2999f20cbc","tintindex":0},"up":{"uv":[7.0,5.25,6.125,5.125],"rotation":0,"texture":"#5554acde-b8d3-96ed-16f1-6e2999f20cbc","tintindex":0},"west":{"uv":[11.125,8.5,11.25,8.875],"rotation":0,"texture":"#5554acde-b8d3-96ed-16f1-6e2999f20cbc","tintindex":0}}},{"name":"cube","from":[6.3798256,5.33132,5.0181317],"to":[7.9427056,6.4833193,5.2024517],"rotation":{"angle":0.0,"axis":"x","origin":[8.034865,8.787319,7.667732]},"faces":{"down":{"uv":[12.875,11.75,13.25,11.875],"rotation":0,"texture":"#5554acde-b8d3-96ed-16f1-6e2999f20cbc","tintindex":0},"east":{"uv":[6.25,12.125,6.375,12.375],"rotation":0,"texture":"#5554acde-b8d3-96ed-16f1-6e2999f20cbc","tintindex":0},"north":{"uv":[5.75,4.25,6.125,4.5],"rotation":0,"texture":"#5554acde-b8d3-96ed-16f1-6e2999f20cbc","tintindex":0},"south":{"uv":[8.875,1.5,9.25,1.75],"rotation":0,"texture":"#5554acde-b8d3-96ed-16f1-6e2999f20cbc","tintindex":0},"up":{"uv":[13.0,10.75,12.625,10.625],"rotation":0,"texture":"#5554acde-b8d3-96ed-16f1-6e2999f20cbc","tintindex":0},"west":{"uv":[6.75,12.375,6.875,12.625],"rotation":0,"texture":"#5554acde-b8d3-96ed-16f1-6e2999f20cbc","tintindex":0}}},{"name":"cube","from":[6.6755056,5.6078005,4.925972],"to":[7.8735857,6.4833193,5.0181317],"rotation":{"angle":0.0,"axis":"x","origin":[8.034865,8.787319,7.667732]},"faces":{"down":{"uv":[15.125,14.875,15.375,15.0],"rotation":0,"texture":"#5554acde-b8d3-96ed-16f1-6e2999f20cbc","tintindex":0},"east":{"uv":[10.625,1.5,10.75,1.625],"rotation":0,"texture":"#5554acde-b8d3-96ed-16f1-6e2999f20cbc","tintindex":0},"north":{"uv":[15.125,14.5,15.375,14.625],"rotation":0,"texture":"#5554acde-b8d3-96ed-16f1-6e2999f20cbc","tintindex":0},"south":{"uv":[15.125,14.625,15.375,14.75],"rotation":0,"texture":"#5554acde-b8d3-96ed-16f1-6e2999f20cbc","tintindex":0},"up":{"uv":[15.375,14.875,15.125,14.75],"rotation":0,"texture":"#5554acde-b8d3-96ed-16f1-6e2999f20cbc","tintindex":0},"west":{"uv":[7.125,11.0,7.25,11.125],"rotation":0,"texture":"#5554acde-b8d3-96ed-16f1-6e2999f20cbc","tintindex":0}}},{"name":"cube","from":[8.034865,5.33132,5.0181317],"to":[9.689905,6.4833193,5.2024517],"rotation":{"angle":0.0,"axis":"x","origin":[8.034865,8.787319,7.667732]},"faces":{"down":{"uv":[14.875,11.875,15.25,12.0],"rotation":0,"texture":"#5554acde-b8d3-96ed-16f1-6e2999f20cbc","tintindex":0},"east":{"uv":[15.125,13.375,15.25,13.625],"rotation":0,"texture":"#5554acde-b8d3-96ed-16f1-6e2999f20cbc","tintindex":0},"north":{"uv":[1.25,14.125,1.625,14.375],"rotation":0,"texture":"#5554acde-b8d3-96ed-16f1-6e2999f20cbc","tintindex":0},"south":{"uv":[2.25,14.125,2.625,14.375],"rotation":0,"texture":"#5554acde-b8d3-96ed-16f1-6e2999f20cbc","tintindex":0},"up":{"uv":[15.25,10.375,14.875,10.25],"rotation":0,"texture":"#5554acde-b8d3-96ed-16f1-6e2999f20cbc","tintindex":0},"west":{"uv":[15.125,13.625,15.25,13.875],"rotation":0,"texture":"#5554acde-b8d3-96ed-16f1-6e2999f20cbc","tintindex":0}}},{"name":"cube","from":[8.103986,5.6078005,4.925972],"to":[9.302065,6.4833193,5.0181317],"rotation":{"angle":0.0,"axis":"x","origin":[8.034865,8.787319,7.667732]},"faces":{"down":{"uv":[14.5,15.125,14.75,15.25],"rotation":0,"texture":"#5554acde-b8d3-96ed-16f1-6e2999f20cbc","tintindex":0},"east":{"uv":[8.5,8.75,8.625,8.875],"rotation":0,"texture":"#5554acde-b8d3-96ed-16f1-6e2999f20cbc","tintindex":0},"north":{"uv":[12.375,5.25,12.625,5.375],"rotation":0,"texture":"#5554acde-b8d3-96ed-16f1-6e2999f20cbc","tintindex":0},"south":{"uv":[13.125,2.0,13.375,2.125],"rotation":0,"texture":"#5554acde-b8d3-96ed-16f1-6e2999f20cbc","tintindex":0},"up":{"uv":[15.375,14.5,15.125,14.375],"rotation":0,"texture":"#5554acde-b8d3-96ed-16f1-6e2999f20cbc","tintindex":0},"west":{"uv":[10.5,0.75,10.625,0.875],"rotation":0,"texture":"#5554acde-b8d3-96ed-16f1-6e2999f20cbc","tintindex":0}}},{"name":"cube","from":[8.034865,6.5524387,4.925972],"to":[10.058546,7.7274795,5.2024517],"rotation":{"angle":0.0,"axis":"x","origin":[8.034865,8.787319,7.667732]},"faces":{"down":{"uv":[14.875,7.25,15.25,7.375],"rotation":0,"texture":"#5554acde-b8d3-96ed-16f1-6e2999f20cbc","tintindex":0},"east":{"uv":[2.0,12.875,2.125,13.125],"rotation":0,"texture":"#5554acde-b8d3-96ed-16f1-6e2999f20cbc","tintindex":0},"north":{"uv":[2.625,10.875,3.0,11.125],"rotation":0,"texture":"#5554acde-b8d3-96ed-16f1-6e2999f20cbc","tintindex":0},"south":{"uv":[11.125,10.75,11.5,11.0],"rotation":0,"texture":"#5554acde-b8d3-96ed-16f1-6e2999f20cbc","tintindex":0},"up":{"uv":[15.25,6.125,14.875,6.0],"rotation":0,"texture":"#5554acde-b8d3-96ed-16f1-6e2999f20cbc","tintindex":0},"west":{"uv":[15.125,13.125,15.25,13.375],"rotation":0,"texture":"#5554acde-b8d3-96ed-16f1-6e2999f20cbc","tintindex":0}}},{"name":"cube","from":[8.103986,6.73676,4.7416515],"to":[9.486385,7.7274795,4.925972],"rotation":{"angle":0.0,"axis":"x","origin":[8.034865,8.787319,7.667732]},"faces":{"down":{"uv":[15.25,0.125,15.5,0.25],"rotation":0,"texture":"#5554acde-b8d3-96ed-16f1-6e2999f20cbc","tintindex":0},"east":{"uv":[14.75,15.125,14.875,15.375],"rotation":0,"texture":"#5554acde-b8d3-96ed-16f1-6e2999f20cbc","tintindex":0},"north":{"uv":[14.625,5.625,14.875,5.875],"rotation":0,"texture":"#5554acde-b8d3-96ed-16f1-6e2999f20cbc","tintindex":0},"south":{"uv":[14.625,5.875,14.875,6.125],"rotation":0,"texture":"#5554acde-b8d3-96ed-16f1-6e2999f20cbc","tintindex":0},"up":{"uv":[15.5,0.125,15.25,0.0],"rotation":0,"texture":"#5554acde-b8d3-96ed-16f1-6e2999f20cbc","tintindex":0},"west":{"uv":[15.125,15.0,15.25,15.25],"rotation":0,"texture":"#5554acde-b8d3-96ed-16f1-6e2999f20cbc","tintindex":0}}},{"name":"cube","from":[6.0111856,6.5524387,4.925972],"to":[7.9427056,7.7274795,5.2024517],"rotation":{"angle":0.0,"axis":"x","origin":[8.034865,8.787319,7.667732]},"faces":{"down":{"uv":[15.0,3.5,15.375,3.625],"rotation":0,"texture":"#5554acde-b8d3-96ed-16f1-6e2999f20cbc","tintindex":0},"east":{"uv":[13.875,15.125,14.0,15.375],"rotation":0,"texture":"#5554acde-b8d3-96ed-16f1-6e2999f20cbc","tintindex":0},"north":{"uv":[14.125,4.625,14.5,4.875],"rotation":0,"texture":"#5554acde-b8d3-96ed-16f1-6e2999f20cbc","tintindex":0},"south":{"uv":[4.75,14.125,5.125,14.375],"rotation":0,"texture":"#5554acde-b8d3-96ed-16f1-6e2999f20cbc","tintindex":0},"up":{"uv":[15.375,2.375,15.0,2.25],"rotation":0,"texture":"#5554acde-b8d3-96ed-16f1-6e2999f20cbc","tintindex":0},"west":{"uv":[15.125,13.875,15.25,14.125],"rotation":0,"texture":"#5554acde-b8d3-96ed-16f1-6e2999f20cbc","tintindex":0}}},{"name":"cube","from":[6.5833454,6.73676,4.7416515],"to":[7.8735857,7.7274795,4.925972],"rotation":{"angle":0.0,"axis":"x","origin":[8.034865,8.787319,7.667732]},"faces":{"down":{"uv":[12.25,11.125,12.5,11.25],"rotation":0,"texture":"#5554acde-b8d3-96ed-16f1-6e2999f20cbc","tintindex":0},"east":{"uv":[14.125,15.125,14.25,15.375],"rotation":0,"texture":"#5554acde-b8d3-96ed-16f1-6e2999f20cbc","tintindex":0},"north":{"uv":[4.75,14.625,5.0,14.875],"rotation":0,"texture":"#5554acde-b8d3-96ed-16f1-6e2999f20cbc","tintindex":0},"south":{"uv":[14.625,4.875,14.875,5.125],"rotation":0,"texture":"#5554acde-b8d3-96ed-16f1-6e2999f20cbc","tintindex":0},"up":{"uv":[7.75,12.25,7.5,12.125],"rotation":0,"texture":"#5554acde-b8d3-96ed-16f1-6e2999f20cbc","tintindex":0},"west":{"uv":[15.125,14.125,15.25,14.375],"rotation":0,"texture":"#5554acde-b8d3-96ed-16f1-6e2999f20cbc","tintindex":0}}},{"name":"cube","from":[3.8876655,8.326521,4.6725316],"to":[12.182066,12.88844,10.755093],"rotation":{"angle":0.0,"axis":"x","origin":[8.034865,8.787319,7.667732]},"faces":{"down":{"uv":[0.0,1.25,1.75,2.5],"rotation":0,"texture":"#5554acde-b8d3-96ed-16f1-6e2999f20cbc","tintindex":0},"east":{"uv":[3.375,0.0,4.625,1.0],"rotation":0,"texture":"#5554acde-b8d3-96ed-16f1-6e2999f20cbc","tintindex":0},"north":{"uv":[1.75,2.25,3.5,3.25],"rotation":0,"texture":"#5554acde-b8d3-96ed-16f1-6e2999f20cbc","tintindex":0},"south":{"uv":[0.0,2.5,1.75,3.5],"rotation":0,"texture":"#5554acde-b8d3-96ed-16f1-6e2999f20cbc","tintindex":0},"up":{"uv":[1.75,1.25,0.0,0.0],"rotation":0,"texture":"#5554acde-b8d3-96ed-16f1-6e2999f20cbc","tintindex":0},"west":{"uv":[3.375,1.0,4.625,2.0],"rotation":0,"texture":"#5554acde-b8d3-96ed-16f1-6e2999f20cbc","tintindex":0}}},{"name":"cube","from":[6.5756655,8.422521,4.288532],"to":[9.494066,13.36844,8.835093],"rotation":{"angle":0.0,"axis":"x","origin":[8.034865,8.787319,7.667732]},"faces":{"down":{"uv":[7.875,8.75,8.5,9.75],"rotation":0,"texture":"#5554acde-b8d3-96ed-16f1-6e2999f20cbc","tintindex":0},"east":{"uv":[0.0,3.5,1.0,4.5],"rotation":0,"texture":"#5554acde-b8d3-96ed-16f1-6e2999f20cbc","tintindex":0},"north":{"uv":[7.25,8.375,7.875,9.375],"rotation":0,"texture":"#5554acde-b8d3-96ed-16f1-6e2999f20cbc","tintindex":0},"south":{"uv":[8.625,7.875,9.25,8.875],"rotation":0,"texture":"#5554acde-b8d3-96ed-16f1-6e2999f20cbc","tintindex":0},"up":{"uv":[9.375,6.0,8.75,5.0],"rotation":0,"texture":"#5554acde-b8d3-96ed-16f1-6e2999f20cbc","tintindex":0},"west":{"uv":[3.5,2.0,4.5,3.0],"rotation":0,"texture":"#5554acde-b8d3-96ed-16f1-6e2999f20cbc","tintindex":0}}},{"name":"cube","from":[7.8812656,12.646522,4.288532],"to":[8.879665,14.136441,8.512531],"rotation":{"angle":-22.5,"axis":"z","origin":[8.034865,8.787319,7.667732]},"faces":{"down":{"uv":[13.0,12.625,13.25,13.5],"rotation":0,"texture":"#5554acde-b8d3-96ed-16f1-6e2999f20cbc","tintindex":0},"east":{"uv":[13.0,8.0,13.875,8.25],"rotation":0,"texture":"#5554acde-b8d3-96ed-16f1-6e2999f20cbc","tintindex":0},"north":{"uv":[14.75,0.0,15.0,0.25],"rotation":0,"texture":"#5554acde-b8d3-96ed-16f1-6e2999f20cbc","tintindex":0},"south":{"uv":[14.75,3.375,15.0,3.625],"rotation":0,"texture":"#5554acde-b8d3-96ed-16f1-6e2999f20cbc","tintindex":0},"up":{"uv":[12.5,13.75,12.25,12.875],"rotation":0,"texture":"#5554acde-b8d3-96ed-16f1-6e2999f20cbc","tintindex":0},"west":{"uv":[13.0,8.25,13.875,8.5],"rotation":0,"texture":"#5554acde-b8d3-96ed-16f1-6e2999f20cbc","tintindex":0}}},{"name":"cube","from":[9.801266,13.41452,7.204532],"to":[14.255666,17.40044,7.414532],"rotation":{"angle":0.0,"axis":"x","origin":[8.034865,8.787319,7.667732]},"faces":{"down":{"uv":[15.375,15.875,16.25,16.0],"rotation":0,"texture":"#5554acde-b8d3-96ed-16f1-6e2999f20cbc","tintindex":0},"east":{"uv":[6.125,12.625,6.25,13.5],"rotation":0,"texture":"#5554acde-b8d3-96ed-16f1-6e2999f20cbc","tintindex":0},"north":{"uv":[2.625,6.75,3.5,7.625],"rotation":0,"texture":"#5554acde-b8d3-96ed-16f1-6e2999f20cbc","tintindex":0},"south":{"uv":[6.875,2.625,7.75,3.5],"rotation":0,"texture":"#5554acde-b8d3-96ed-16f1-6e2999f20cbc","tintindex":0},"up":{"uv":[16.0,11.375,16.375,11.25],"rotation":0,"texture":"#5554acde-b8d3-96ed-16f1-6e2999f20cbc","tintindex":0},"west":{"uv":[15.875,15.25,16.0,16.125],"rotation":0,"texture":"#5554acde-b8d3-96ed-16f1-6e2999f20cbc","tintindex":0}}},{"name":"cube","from":[1.8140653,13.41452,7.204532],"to":[6.268465,17.40044,7.414532],"rotation":{"angle":0.0,"axis":"x","origin":[8.034865,8.787319,7.667732]},"faces":{"down":{"uv":[15.375,15.875,16.25,16.0],"rotation":0,"texture":"#5554acde-b8d3-96ed-16f1-6e2999f20cbc","tintindex":0},"east":{"uv":[6.375,14.0,6.5,14.875],"rotation":0,"texture":"#5554acde-b8d3-96ed-16f1-6e2999f20cbc","tintindex":0},"north":{"uv":[6.875,2.625,7.75,3.5],"rotation":0,"texture":"#5554acde-b8d3-96ed-16f1-6e2999f20cbc","tintindex":0},"south":{"uv":[2.625,6.75,3.5,7.625],"rotation":0,"texture":"#5554acde-b8d3-96ed-16f1-6e2999f20cbc","tintindex":0},"up":{"uv":[16.0,11.375,16.375,11.25],"rotation":0,"texture":"#5554acde-b8d3-96ed-16f1-6e2999f20cbc","tintindex":0},"west":{"uv":[15.875,15.25,16.0,16.125],"rotation":0,"texture":"#5554acde-b8d3-96ed-16f1-6e2999f20cbc","tintindex":0}}},{"name":"cube","from":[7.1900654,12.646522,4.288532],"to":[8.188466,14.136441,8.512531],"rotation":{"angle":22.5,"axis":"z","origin":[8.034865,8.787319,7.667732]},"faces":{"down":{"uv":[2.75,13.125,3.0,14.0],"rotation":0,"texture":"#5554acde-b8d3-96ed-16f1-6e2999f20cbc","tintindex":0},"east":{"uv":[13.0,10.625,13.875,10.875],"rotation":0,"texture":"#5554acde-b8d3-96ed-16f1-6e2999f20cbc","tintindex":0},"north":{"uv":[2.25,14.875,2.5,15.125],"rotation":0,"texture":"#5554acde-b8d3-96ed-16f1-6e2999f20cbc","tintindex":0},"south":{"uv":[4.25,14.875,4.5,15.125],"rotation":0,"texture":"#5554acde-b8d3-96ed-16f1-6e2999f20cbc","tintindex":0},"up":{"uv":[2.25,14.0,2.0,13.125],"rotation":0,"texture":"#5554acde-b8d3-96ed-16f1-6e2999f20cbc","tintindex":0},"west":{"uv":[13.0,10.875,13.875,11.125],"rotation":0,"texture":"#5554acde-b8d3-96ed-16f1-6e2999f20cbc","tintindex":0}}},{"name":"cube","from":[8.111666,10.726521,4.1925316],"to":[10.166065,13.27244,4.8990917],"rotation":{"angle":45.0,"axis":"z","origin":[8.034865,8.787319,7.667732]},"faces":{"down":{"uv":[15.0,5.0,15.375,5.125],"rotation":0,"texture":"#5554acde-b8d3-96ed-16f1-6e2999f20cbc","tintindex":0},"east":{"uv":[11.25,14.75,11.375,15.25],"rotation":0,"texture":"#5554acde-b8d3-96ed-16f1-6e2999f20cbc","tintindex":0},"north":{"uv":[1.625,13.5,2.0,14.0],"rotation":0,"texture":"#5554acde-b8d3-96ed-16f1-6e2999f20cbc","tintindex":0},"south":{"uv":[13.5,3.625,13.875,4.125],"rotation":0,"texture":"#5554acde-b8d3-96ed-16f1-6e2999f20cbc","tintindex":0},"up":{"uv":[15.375,5.0,15.0,4.875],"rotation":0,"texture":"#5554acde-b8d3-96ed-16f1-6e2999f20cbc","tintindex":0},"west":{"uv":[11.375,14.75,11.5,15.25],"rotation":0,"texture":"#5554acde-b8d3-96ed-16f1-6e2999f20cbc","tintindex":0}}},{"name":"cube","from":[9.769619,7.6159544,4.384532],"to":[11.833619,9.681877,4.995092],"rotation":{"angle":45.0,"axis":"z","origin":[9.692819,5.196756,7.763732]},"faces":{"down":{"uv":[9.125,15.0,9.5,15.125],"rotation":0,"texture":"#5554acde-b8d3-96ed-16f1-6e2999f20cbc","tintindex":0},"east":{"uv":[8.875,15.0,9.0,15.375],"rotation":0,"texture":"#5554acde-b8d3-96ed-16f1-6e2999f20cbc","tintindex":0},"north":{"uv":[5.625,13.625,6.0,14.0],"rotation":0,"texture":"#5554acde-b8d3-96ed-16f1-6e2999f20cbc","tintindex":0},"south":{"uv":[6.75,13.625,7.125,14.0],"rotation":0,"texture":"#5554acde-b8d3-96ed-16f1-6e2999f20cbc","tintindex":0},"up":{"uv":[15.375,6.75,15.0,6.625],"rotation":0,"texture":"#5554acde-b8d3-96ed-16f1-6e2999f20cbc","tintindex":0},"west":{"uv":[9.0,15.0,9.125,15.375],"rotation":0,"texture":"#5554acde-b8d3-96ed-16f1-6e2999f20cbc","tintindex":0}}},{"name":"cube","from":[5.9036655,10.726521,4.1925316],"to":[7.9580655,13.27244,4.8990917],"rotation":{"angle":-45.0,"axis":"z","origin":[8.034865,8.787319,7.667732]},"faces":{"down":{"uv":[15.0,5.375,15.375,5.5],"rotation":0,"texture":"#5554acde-b8d3-96ed-16f1-6e2999f20cbc","tintindex":0},"east":{"uv":[14.75,12.5,14.875,13.0],"rotation":0,"texture":"#5554acde-b8d3-96ed-16f1-6e2999f20cbc","tintindex":0},"north":{"uv":[6.125,13.5,6.5,14.0],"rotation":0,"texture":"#5554acde-b8d3-96ed-16f1-6e2999f20cbc","tintindex":0},"south":{"uv":[13.5,8.5,13.875,9.0],"rotation":0,"texture":"#5554acde-b8d3-96ed-16f1-6e2999f20cbc","tintindex":0},"up":{"uv":[15.375,5.375,15.0,5.25],"rotation":0,"texture":"#5554acde-b8d3-96ed-16f1-6e2999f20cbc","tintindex":0},"west":{"uv":[14.75,14.625,14.875,15.125],"rotation":0,"texture":"#5554acde-b8d3-96ed-16f1-6e2999f20cbc","tintindex":0}}},{"name":"cube","from":[4.2716656,12.838521,5.056532],"to":[11.798066,13.08044,10.371092],"rotation":{"angle":0.0,"axis":"x","origin":[8.034865,8.787319,7.667732]},"faces":{"down":{"uv":[1.75,1.125,3.375,2.25],"rotation":0,"texture":"#5554acde-b8d3-96ed-16f1-6e2999f20cbc","tintindex":0},"east":{"uv":[13.625,5.5,14.75,5.625],"rotation":0,"texture":"#5554acde-b8d3-96ed-16f1-6e2999f20cbc","tintindex":0},"north":{"uv":[12.625,1.375,14.25,1.5],"rotation":0,"texture":"#5554acde-b8d3-96ed-16f1-6e2999f20cbc","tintindex":0},"south":{"uv":[13.0,2.75,14.625,2.875],"rotation":0,"texture":"#5554acde-b8d3-96ed-16f1-6e2999f20cbc","tintindex":0},"up":{"uv":[3.375,1.125,1.75,0.0],"rotation":0,"texture":"#5554acde-b8d3-96ed-16f1-6e2999f20cbc","tintindex":0},"west":{"uv":[13.625,6.75,14.75,6.875],"rotation":0,"texture":"#5554acde-b8d3-96ed-16f1-6e2999f20cbc","tintindex":0}}},{"name":"cube","from":[5.039665,13.059321,5.8245316],"to":[11.030066,13.30124,9.603092],"rotation":{"angle":0.0,"axis":"x","origin":[8.034865,8.787319,7.667732]},"faces":{"down":{"uv":[3.625,5.25,4.875,6.0],"rotation":0,"texture":"#5554acde-b8d3-96ed-16f1-6e2999f20cbc","tintindex":0},"east":{"uv":[14.125,12.25,14.875,12.375],"rotation":0,"texture":"#5554acde-b8d3-96ed-16f1-6e2999f20cbc","tintindex":0},"north":{"uv":[13.375,10.125,14.625,10.25],"rotation":0,"texture":"#5554acde-b8d3-96ed-16f1-6e2999f20cbc","tintindex":0},"south":{"uv":[13.375,10.25,14.625,10.375],"rotation":0,"texture":"#5554acde-b8d3-96ed-16f1-6e2999f20cbc","tintindex":0},"up":{"uv":[6.125,5.25,4.875,4.5],"rotation":0,"texture":"#5554acde-b8d3-96ed-16f1-6e2999f20cbc","tintindex":0},"west":{"uv":[14.125,12.375,14.875,12.5],"rotation":0,"texture":"#5554acde-b8d3-96ed-16f1-6e2999f20cbc","tintindex":0}}},{"name":"cube","from":[5.039665,9.017721,10.755093],"to":[11.030066,12.19724,11.031572],"rotation":{"angle":0.0,"axis":"x","origin":[8.034865,8.787319,7.8520517]},"faces":{"down":{"uv":[13.375,2.625,14.625,2.75],"rotation":0,"texture":"#5554acde-b8d3-96ed-16f1-6e2999f20cbc","tintindex":0},"east":{"uv":[3.25,14.5,3.375,15.125],"rotation":0,"texture":"#5554acde-b8d3-96ed-16f1-6e2999f20cbc","tintindex":0},"north":{"uv":[5.875,6.0,7.125,6.625],"rotation":0,"texture":"#5554acde-b8d3-96ed-16f1-6e2999f20cbc","tintindex":0},"south":{"uv":[3.875,6.125,5.125,6.75],"rotation":0,"texture":"#5554acde-b8d3-96ed-16f1-6e2999f20cbc","tintindex":0},"up":{"uv":[14.625,2.625,13.375,2.5],"rotation":0,"texture":"#5554acde-b8d3-96ed-16f1-6e2999f20cbc","tintindex":0},"west":{"uv":[3.375,14.5,3.5,15.125],"rotation":0,"texture":"#5554acde-b8d3-96ed-16f1-6e2999f20cbc","tintindex":0}}},{"name":"cube","from":[5.692466,8.787319,4.3960514],"to":[7.858226,12.059,4.6725316],"rotation":{"angle":0.0,"axis":"x","origin":[8.034865,8.787319,7.667732]},"faces":{"down":{"uv":[10.625,8.0,11.125,8.125],"rotation":0,"texture":"#5554acde-b8d3-96ed-16f1-6e2999f20cbc","tintindex":0},"east":{"uv":[1.5,14.375,1.625,15.0],"rotation":0,"texture":"#5554acde-b8d3-96ed-16f1-6e2999f20cbc","tintindex":0},"north":{"uv":[12.0,11.25,12.5,11.875],"rotation":0,"texture":"#5554acde-b8d3-96ed-16f1-6e2999f20cbc","tintindex":0},"south":{"uv":[11.375,12.0,11.875,12.625],"rotation":0,"texture":"#5554acde-b8d3-96ed-16f1-6e2999f20cbc","tintindex":0},"up":{"uv":[9.25,6.125,8.75,6.0],"rotation":0,"texture":"#5554acde-b8d3-96ed-16f1-6e2999f20cbc","tintindex":0},"west":{"uv":[7.75,14.375,7.875,15.0],"rotation":0,"texture":"#5554acde-b8d3-96ed-16f1-6e2999f20cbc","tintindex":0}}},{"name":"cube","from":[4.6844654,9.785721,4.3960514],"to":[5.698226,12.059,4.6725316],"rotation":{"angle":0.0,"axis":"x","origin":[8.034865,8.787319,7.667732]},"faces":{"down":{"uv":[15.25,7.375,15.5,7.5],"rotation":0,"texture":"#5554acde-b8d3-96ed-16f1-6e2999f20cbc","tintindex":0},"east":{"uv":[13.875,14.625,14.0,15.125],"rotation":0,"texture":"#5554acde-b8d3-96ed-16f1-6e2999f20cbc","tintindex":0},"north":{"uv":[2.0,14.0,2.25,14.5],"rotation":0,"texture":"#5554acde-b8d3-96ed-16f1-6e2999f20cbc","tintindex":0},"south":{"uv":[2.75,14.0,3.0,14.5],"rotation":0,"texture":"#5554acde-b8d3-96ed-16f1-6e2999f20cbc","tintindex":0},"up":{"uv":[15.5,7.375,15.25,7.25],"rotation":0,"texture":"#5554acde-b8d3-96ed-16f1-6e2999f20cbc","tintindex":0},"west":{"uv":[14.5,14.625,14.625,15.125],"rotation":0,"texture":"#5554acde-b8d3-96ed-16f1-6e2999f20cbc","tintindex":0}}},{"name":"cube","from":[5.8059216,10.333437,4.3960514],"to":[6.5220814,11.761916,4.6725316],"rotation":{"angle":45.0,"axis":"z","origin":[7.6203218,9.411837,7.667732]},"faces":{"down":{"uv":[1.0,15.625,1.125,15.75],"rotation":0,"texture":"#5554acde-b8d3-96ed-16f1-6e2999f20cbc","tintindex":0},"east":{"uv":[15.25,7.5,15.375,7.75],"rotation":0,"texture":"#5554acde-b8d3-96ed-16f1-6e2999f20cbc","tintindex":0},"north":{"uv":[7.5,15.25,7.625,15.5],"rotation":0,"texture":"#5554acde-b8d3-96ed-16f1-6e2999f20cbc","tintindex":0},"south":{"uv":[7.625,15.25,7.75,15.5],"rotation":0,"texture":"#5554acde-b8d3-96ed-16f1-6e2999f20cbc","tintindex":0},"up":{"uv":[15.75,1.0,15.625,0.875],"rotation":0,"texture":"#5554acde-b8d3-96ed-16f1-6e2999f20cbc","tintindex":0},"west":{"uv":[15.25,7.75,15.375,8.0],"rotation":0,"texture":"#5554acde-b8d3-96ed-16f1-6e2999f20cbc","tintindex":0}}},{"name":"cube","from":[10.371506,9.785721,4.3960514],"to":[11.385265,12.059,4.6725316],"rotation":{"angle":0.0,"axis":"x","origin":[8.034865,8.787319,7.667732]},"faces":{"down":{"uv":[8.125,15.25,8.375,15.375],"rotation":0,"texture":"#5554acde-b8d3-96ed-16f1-6e2999f20cbc","tintindex":0},"east":{"uv":[14.625,14.625,14.75,15.125],"rotation":0,"texture":"#5554acde-b8d3-96ed-16f1-6e2999f20cbc","tintindex":0},"north":{"uv":[14.0,2.875,14.25,3.375],"rotation":0,"texture":"#5554acde-b8d3-96ed-16f1-6e2999f20cbc","tintindex":0},"south":{"uv":[3.0,14.0,3.25,14.5],"rotation":0,"texture":"#5554acde-b8d3-96ed-16f1-6e2999f20cbc","tintindex":0},"up":{"uv":[15.5,8.125,15.25,8.0],"rotation":0,"texture":"#5554acde-b8d3-96ed-16f1-6e2999f20cbc","tintindex":0},"west":{"uv":[0.875,14.75,1.0,15.25],"rotation":0,"texture":"#5554acde-b8d3-96ed-16f1-6e2999f20cbc","tintindex":0}}},{"name":"cube","from":[8.211506,8.787319,4.3960514],"to":[10.377266,12.059,4.6725316],"rotation":{"angle":0.0,"axis":"x","origin":[8.034865,8.787319,7.667732]},"faces":{"down":{"uv":[12.25,8.5,12.75,8.625],"rotation":0,"texture":"#5554acde-b8d3-96ed-16f1-6e2999f20cbc","tintindex":0},"east":{"uv":[3.5,14.5,3.625,15.125],"rotation":0,"texture":"#5554acde-b8d3-96ed-16f1-6e2999f20cbc","tintindex":0},"north":{"uv":[12.125,2.375,12.625,3.0],"rotation":0,"texture":"#5554acde-b8d3-96ed-16f1-6e2999f20cbc","tintindex":0},"south":{"uv":[12.125,3.0,12.625,3.625],"rotation":0,"texture":"#5554acde-b8d3-96ed-16f1-6e2999f20cbc","tintindex":0},"up":{"uv":[12.125,2.5,11.625,2.375],"rotation":0,"texture":"#5554acde-b8d3-96ed-16f1-6e2999f20cbc","tintindex":0},"west":{"uv":[3.625,14.5,3.75,15.125],"rotation":0,"texture":"#5554acde-b8d3-96ed-16f1-6e2999f20cbc","tintindex":0}}},{"name":"cube","from":[9.547649,10.333437,4.3960514],"to":[10.263809,11.761916,4.6725316],"rotation":{"angle":-45.0,"axis":"z","origin":[8.4494095,9.411837,7.667732]},"faces":{"down":{"uv":[15.625,1.125,15.75,1.25],"rotation":0,"texture":"#5554acde-b8d3-96ed-16f1-6e2999f20cbc","tintindex":0},"east":{"uv":[8.375,15.25,8.5,15.5],"rotation":0,"texture":"#5554acde-b8d3-96ed-16f1-6e2999f20cbc","tintindex":0},"north":{"uv":[15.25,8.125,15.375,8.375],"rotation":0,"texture":"#5554acde-b8d3-96ed-16f1-6e2999f20cbc","tintindex":0},"south":{"uv":[15.25,8.375,15.375,8.625],"rotation":0,"texture":"#5554acde-b8d3-96ed-16f1-6e2999f20cbc","tintindex":0},"up":{"uv":[15.75,1.125,15.625,1.0],"rotation":0,"texture":"#5554acde-b8d3-96ed-16f1-6e2999f20cbc","tintindex":0},"west":{"uv":[15.25,8.625,15.375,8.875],"rotation":0,"texture":"#5554acde-b8d3-96ed-16f1-6e2999f20cbc","tintindex":0}}},{"name":"cube","from":[3.530618,10.009049,5.336852],"to":[4.861178,10.78857,10.229012],"rotation":{"angle":22.5,"axis":"z","origin":[9.922298,10.48521,7.667732]},"faces":{"down":{"uv":[12.625,5.25,12.875,6.25],"rotation":0,"texture":"#5554acde-b8d3-96ed-16f1-6e2999f20cbc","tintindex":0},"east":{"uv":[14.0,0.375,15.0,0.5],"rotation":0,"texture":"#5554acde-b8d3-96ed-16f1-6e2999f20cbc","tintindex":0},"north":{"uv":[4.0,15.25,4.25,15.375],"rotation":0,"texture":"#5554acde-b8d3-96ed-16f1-6e2999f20cbc","tintindex":0},"south":{"uv":[4.5,15.25,4.75,15.375],"rotation":0,"texture":"#5554acde-b8d3-96ed-16f1-6e2999f20cbc","tintindex":0},"up":{"uv":[4.75,13.625,4.5,12.625],"rotation":0,"texture":"#5554acde-b8d3-96ed-16f1-6e2999f20cbc","tintindex":0},"west":{"uv":[14.0,0.875,15.0,1.0],"rotation":0,"texture":"#5554acde-b8d3-96ed-16f1-6e2999f20cbc","tintindex":0}}},{"name":"cube","from":[4.090795,7.2342896,5.3944516],"to":[5.3195953,8.052208,10.1714115],"rotation":{"angle":0.0,"axis":"x","origin":[8.045995,8.789489,7.698452]},"faces":{"down":{"uv":[4.0,12.625,4.25,13.625],"rotation":0,"texture":"#5554acde-b8d3-96ed-16f1-6e2999f20cbc","tintindex":0},"east":{"uv":[13.875,4.0,14.875,4.125],"rotation":0,"texture":"#5554acde-b8d3-96ed-16f1-6e2999f20cbc","tintindex":0},"north":{"uv":[15.25,3.375,15.5,3.5],"rotation":0,"texture":"#5554acde-b8d3-96ed-16f1-6e2999f20cbc","tintindex":0},"south":{"uv":[15.25,3.875,15.5,4.0],"rotation":0,"texture":"#5554acde-b8d3-96ed-16f1-6e2999f20cbc","tintindex":0},"up":{"uv":[4.0,13.625,3.75,12.625],"rotation":0,"texture":"#5554acde-b8d3-96ed-16f1-6e2999f20cbc","tintindex":0},"west":{"uv":[13.875,11.5,14.875,11.625],"rotation":0,"texture":"#5554acde-b8d3-96ed-16f1-6e2999f20cbc","tintindex":0}}},{"name":"cube","from":[3.300218,8.85705,5.452052],"to":[4.400378,9.713371,10.1138115],"rotation":{"angle":22.5,"axis":"z","origin":[9.922298,10.48521,7.667732]},"faces":{"down":{"uv":[3.5,12.625,3.75,13.625],"rotation":0,"texture":"#5554acde-b8d3-96ed-16f1-6e2999f20cbc","tintindex":0},"east":{"uv":[3.875,6.0,4.875,6.125],"rotation":0,"texture":"#5554acde-b8d3-96ed-16f1-6e2999f20cbc","tintindex":0},"north":{"uv":[15.25,2.875,15.5,3.0],"rotation":0,"texture":"#5554acde-b8d3-96ed-16f1-6e2999f20cbc","tintindex":0},"south":{"uv":[15.25,3.0,15.5,3.125],"rotation":0,"texture":"#5554acde-b8d3-96ed-16f1-6e2999f20cbc","tintindex":0},"up":{"uv":[3.5,13.625,3.25,12.625],"rotation":0,"texture":"#5554acde-b8d3-96ed-16f1-6e2999f20cbc","tintindex":0},"west":{"uv":[13.75,2.375,14.75,2.5],"rotation":0,"texture":"#5554acde-b8d3-96ed-16f1-6e2999f20cbc","tintindex":0}}},{"name":"cube","from":[-1.4121604,8.039912,5.509652],"to":[-0.5136006,9.529833,10.056211],"rotation":{"angle":45.0,"axis":"z","origin":[5.20032,15.044072,7.283732]},"faces":{"down":{"uv":[1.625,14.0,1.75,15.0],"rotation":0,"texture":"#5554acde-b8d3-96ed-16f1-6e2999f20cbc","tintindex":0},"east":{"uv":[12.125,10.125,13.125,10.375],"rotation":0,"texture":"#5554acde-b8d3-96ed-16f1-6e2999f20cbc","tintindex":0},"north":{"uv":[15.25,3.125,15.375,3.375],"rotation":0,"texture":"#5554acde-b8d3-96ed-16f1-6e2999f20cbc","tintindex":0},"south":{"uv":[15.25,3.625,15.375,3.875],"rotation":0,"texture":"#5554acde-b8d3-96ed-16f1-6e2999f20cbc","tintindex":0},"up":{"uv":[1.0,5.5,0.875,4.5],"rotation":0,"texture":"#5554acde-b8d3-96ed-16f1-6e2999f20cbc","tintindex":0},"west":{"uv":[12.625,2.875,13.625,3.125],"rotation":0,"texture":"#5554acde-b8d3-96ed-16f1-6e2999f20cbc","tintindex":0}}},{"name":"cube","from":[11.6693535,8.85705,5.452052],"to":[12.769513,9.713371,10.1138115],"rotation":{"angle":-22.5,"axis":"z","origin":[6.1474333,10.48521,7.667732]},"faces":{"down":{"uv":[5.875,12.625,6.125,13.625],"rotation":0,"texture":"#5554acde-b8d3-96ed-16f1-6e2999f20cbc","tintindex":0},"east":{"uv":[14.0,1.0,15.0,1.125],"rotation":0,"texture":"#5554acde-b8d3-96ed-16f1-6e2999f20cbc","tintindex":0},"north":{"uv":[15.25,5.75,15.5,5.875],"rotation":0,"texture":"#5554acde-b8d3-96ed-16f1-6e2999f20cbc","tintindex":0},"south":{"uv":[15.25,6.0,15.5,6.125],"rotation":0,"texture":"#5554acde-b8d3-96ed-16f1-6e2999f20cbc","tintindex":0},"up":{"uv":[5.875,13.625,5.625,12.625],"rotation":0,"texture":"#5554acde-b8d3-96ed-16f1-6e2999f20cbc","tintindex":0},"west":{"uv":[14.0,1.125,15.0,1.25],"rotation":0,"texture":"#5554acde-b8d3-96ed-16f1-6e2999f20cbc","tintindex":0}}},{"name":"cube","from":[10.750137,7.2342896,5.3944516],"to":[11.978936,8.052208,10.1714115],"rotation":{"angle":0.0,"axis":"x","origin":[8.023736,8.789489,7.698452]},"faces":{"down":{"uv":[7.0,12.625,7.25,13.625],"rotation":0,"texture":"#5554acde-b8d3-96ed-16f1-6e2999f20cbc","tintindex":0},"east":{"uv":[14.0,1.25,15.0,1.375],"rotation":0,"texture":"#5554acde-b8d3-96ed-16f1-6e2999f20cbc","tintindex":0},"north":{"uv":[6.5,15.25,6.75,15.375],"rotation":0,"texture":"#5554acde-b8d3-96ed-16f1-6e2999f20cbc","tintindex":0},"south":{"uv":[6.75,15.25,7.0,15.375],"rotation":0,"texture":"#5554acde-b8d3-96ed-16f1-6e2999f20cbc","tintindex":0},"up":{"uv":[7.0,13.625,6.75,12.625],"rotation":0,"texture":"#5554acde-b8d3-96ed-16f1-6e2999f20cbc","tintindex":0},"west":{"uv":[14.0,1.5,15.0,1.625],"rotation":0,"texture":"#5554acde-b8d3-96ed-16f1-6e2999f20cbc","tintindex":0}}},{"name":"cube","from":[11.208553,10.009049,5.336852],"to":[12.539113,10.78857,10.229012],"rotation":{"angle":-22.5,"axis":"z","origin":[6.1474333,10.48521,7.667732]},"faces":{"down":{"uv":[7.5,12.625,7.75,13.625],"rotation":0,"texture":"#5554acde-b8d3-96ed-16f1-6e2999f20cbc","tintindex":0},"east":{"uv":[14.0,1.625,15.0,1.75],"rotation":0,"texture":"#5554acde-b8d3-96ed-16f1-6e2999f20cbc","tintindex":0},"north":{"uv":[15.25,6.75,15.5,6.875],"rotation":0,"texture":"#5554acde-b8d3-96ed-16f1-6e2999f20cbc","tintindex":0},"south":{"uv":[7.0,15.25,7.25,15.375],"rotation":0,"texture":"#5554acde-b8d3-96ed-16f1-6e2999f20cbc","tintindex":0},"up":{"uv":[7.5,13.625,7.25,12.625],"rotation":0,"texture":"#5554acde-b8d3-96ed-16f1-6e2999f20cbc","tintindex":0},"west":{"uv":[14.0,1.75,15.0,1.875],"rotation":0,"texture":"#5554acde-b8d3-96ed-16f1-6e2999f20cbc","tintindex":0}}},{"name":"cube","from":[16.583332,8.039912,5.509652],"to":[17.481892,9.529833,10.056211],"rotation":{"angle":-45.0,"axis":"z","origin":[10.869411,15.044072,7.283732]},"faces":{"down":{"uv":[1.875,14.0,2.0,15.0],"rotation":0,"texture":"#5554acde-b8d3-96ed-16f1-6e2999f20cbc","tintindex":0},"east":{"uv":[12.625,3.125,13.625,3.375],"rotation":0,"texture":"#5554acde-b8d3-96ed-16f1-6e2999f20cbc","tintindex":0},"north":{"uv":[15.25,5.5,15.375,5.75],"rotation":0,"texture":"#5554acde-b8d3-96ed-16f1-6e2999f20cbc","tintindex":0},"south":{"uv":[6.0,15.25,6.125,15.5],"rotation":0,"texture":"#5554acde-b8d3-96ed-16f1-6e2999f20cbc","tintindex":0},"up":{"uv":[1.875,15.0,1.75,14.0],"rotation":0,"texture":"#5554acde-b8d3-96ed-16f1-6e2999f20cbc","tintindex":0},"west":{"uv":[12.625,3.375,13.625,3.625],"rotation":0,"texture":"#5554acde-b8d3-96ed-16f1-6e2999f20cbc","tintindex":0}}}],"display":{"head":{"translation":[0.0,-6.4,0.0],"rotation":[0.0,0.0,0.0],"scale":[3.8095,3.8095,3.8095]},"gui":{"translation":[0.0,0.0,0.0],"rotation":[35.0,225.0,0.0],"scale":[0.625,0.625,0.625]}}}