{"file_name":"bone4","texture_size":[128,128],"textures":{"5554acde-b8d3-96ed-16f1-6e2999f20cbc":"modelengine:entity/darktang"},"elements":[{"name":"cube","from":[4.400894,4.3108387,8.520766],"to":[7.2424946,7.782201,8.730766],"rotation":{"angle":-22.5,"axis":"z","origin":[7.780095,9.4718,8.166046]},"faces":{"down":{"uv":[16.0,15.875,15.375,16.0],"rotation":0,"texture":"#5554acde-b8d3-96ed-16f1-6e2999f20cbc","tintindex":0},"east":{"uv":[16.0,15.25,15.875,16.0],"rotation":0,"texture":"#5554acde-b8d3-96ed-16f1-6e2999f20cbc","tintindex":0},"north":{"uv":[5.5,10.375,4.875,11.125],"rotation":0,"texture":"#5554acde-b8d3-96ed-16f1-6e2999f20cbc","tintindex":0},"south":{"uv":[10.625,5.875,10.0,6.625],"rotation":0,"texture":"#5554acde-b8d3-96ed-16f1-6e2999f20cbc","tintindex":0},"up":{"uv":[16.375,11.375,16.0,11.25],"rotation":0,"texture":"#5554acde-b8d3-96ed-16f1-6e2999f20cbc","tintindex":0},"west":{"uv":[14.375,10.375,14.25,11.125],"rotation":0,"texture":"#5554acde-b8d3-96ed-16f1-6e2999f20cbc","tintindex":0}}},{"name":"cube","from":[4.400894,4.3108387,7.3687663],"to":[7.2424946,7.782201,7.5787663],"rotation":{"angle":-22.5,"axis":"z","origin":[7.780095,9.4718,8.166046]},"faces":{"down":{"uv":[16.0,15.875,15.375,16.0],"rotation":0,"texture":"#5554acde-b8d3-96ed-16f1-6e2999f20cbc","tintindex":0},"east":{"uv":[16.0,15.25,15.875,16.0],"rotation":0,"texture":"#5554acde-b8d3-96ed-16f1-6e2999f20cbc","tintindex":0},"north":{"uv":[4.25,10.375,3.625,11.125],"rotation":0,"texture":"#5554acde-b8d3-96ed-16f1-6e2999f20cbc","tintindex":0},"south":{"uv":[6.625,9.875,6.0,10.625],"rotation":0,"texture":"#5554acde-b8d3-96ed-16f1-6e2999f20cbc","tintindex":0},"up":{"uv":[16.375,11.375,16.0,11.25],"rotation":0,"texture":"#5554acde-b8d3-96ed-16f1-6e2999f20cbc","tintindex":0},"west":{"uv":[9.375,14.25,9.25,15.0],"rotation":0,"texture":"#5554acde-b8d3-96ed-16f1-6e2999f20cbc","tintindex":0}}},{"name":"cube","from":[4.470626,4.3108387,7.3687663],"to":[7.3122263,7.782201,7.5787663],"rotation":{"angle":-22.5,"axis":"z","origin":[7.849826,9.4718,8.166046]},"faces":{"down":{"uv":[15.375,15.875,16.0,16.0],"rotation":0,"texture":"#5554acde-b8d3-96ed-16f1-6e2999f20cbc","tintindex":0},"east":{"uv":[6.875,3.5,7.0,4.25],"rotation":0,"texture":"#5554acde-b8d3-96ed-16f1-6e2999f20cbc","tintindex":0},"north":{"uv":[6.0,9.875,6.625,10.625],"rotation":0,"texture":"#5554acde-b8d3-96ed-16f1-6e2999f20cbc","tintindex":0},"south":{"uv":[9.875,8.625,10.5,9.375],"rotation":0,"texture":"#5554acde-b8d3-96ed-16f1-6e2999f20cbc","tintindex":0},"up":{"uv":[16.0,11.375,16.375,11.25],"rotation":0,"texture":"#5554acde-b8d3-96ed-16f1-6e2999f20cbc","tintindex":0},"west":{"uv":[15.875,15.25,16.0,16.0],"rotation":0,"texture":"#5554acde-b8d3-96ed-16f1-6e2999f20cbc","tintindex":0}}},{"name":"cube","from":[4.470626,4.3108387,8.520766],"to":[7.3122263,7.782201,8.730766],"rotation":{"angle":-22.5,"axis":"z","origin":[7.849826,9.4718,8.166046]},"faces":{"down":{"uv":[15.375,15.875,16.0,16.0],"rotation":0,"texture":"#5554acde-b8d3-96ed-16f1-6e2999f20cbc","tintindex":0},"east":{"uv":[10.375,14.125,10.5,14.875],"rotation":0,"texture":"#5554acde-b8d3-96ed-16f1-6e2999f20cbc","tintindex":0},"north":{"uv":[10.0,5.875,10.625,6.625],"rotation":0,"texture":"#5554acde-b8d3-96ed-16f1-6e2999f20cbc","tintindex":0},"south":{"uv":[10.0,6.625,10.625,7.375],"rotation":0,"texture":"#5554acde-b8d3-96ed-16f1-6e2999f20cbc","tintindex":0},"up":{"uv":[16.0,11.375,16.375,11.25],"rotation":0,"texture":"#5554acde-b8d3-96ed-16f1-6e2999f20cbc","tintindex":0},"west":{"uv":[15.875,15.25,16.0,16.0],"rotation":0,"texture":"#5554acde-b8d3-96ed-16f1-6e2999f20cbc","tintindex":0}}},{"name":"cube","from":[7.3122263,4.3108387,6.2767663],"to":[10.153826,8.5501995,9.763487],"rotation":{"angle":-22.5,"axis":"z","origin":[7.849826,9.4718,8.166046]},"faces":{"down":{"uv":[10.0,5.125,10.625,5.875],"rotation":0,"texture":"#5554acde-b8d3-96ed-16f1-6e2999f20cbc","tintindex":0},"east":{"uv":[1.0,3.5,1.75,4.375],"rotation":0,"texture":"#5554acde-b8d3-96ed-16f1-6e2999f20cbc","tintindex":0},"north":{"uv":[9.25,8.625,9.875,9.5],"rotation":0,"texture":"#5554acde-b8d3-96ed-16f1-6e2999f20cbc","tintindex":0},"south":{"uv":[9.375,2.25,10.0,3.125],"rotation":0,"texture":"#5554acde-b8d3-96ed-16f1-6e2999f20cbc","tintindex":0},"up":{"uv":[10.625,5.125,10.0,4.375],"rotation":0,"texture":"#5554acde-b8d3-96ed-16f1-6e2999f20cbc","tintindex":0},"west":{"uv":[7.625,1.75,8.375,2.625],"rotation":0,"texture":"#5554acde-b8d3-96ed-16f1-6e2999f20cbc","tintindex":0}}},{"name":"cube","from":[7.127906,4.57964,6.737566],"to":[7.3122263,6.9374,9.302687],"rotation":{"angle":-22.5,"axis":"z","origin":[7.849826,9.4718,8.166046]},"faces":{"down":{"uv":[11.375,11.5,11.5,12.0],"rotation":0,"texture":"#5554acde-b8d3-96ed-16f1-6e2999f20cbc","tintindex":0},"east":{"uv":[10.0,8.125,10.5,8.625],"rotation":0,"texture":"#5554acde-b8d3-96ed-16f1-6e2999f20cbc","tintindex":0},"north":{"uv":[7.75,7.0,7.875,7.5],"rotation":0,"texture":"#5554acde-b8d3-96ed-16f1-6e2999f20cbc","tintindex":0},"south":{"uv":[9.75,10.375,9.875,10.875],"rotation":0,"texture":"#5554acde-b8d3-96ed-16f1-6e2999f20cbc","tintindex":0},"up":{"uv":[8.375,11.125,8.25,10.625],"rotation":0,"texture":"#5554acde-b8d3-96ed-16f1-6e2999f20cbc","tintindex":0},"west":{"uv":[12.625,0.0,13.125,0.5],"rotation":0,"texture":"#5554acde-b8d3-96ed-16f1-6e2999f20cbc","tintindex":0}}},{"name":"cube","from":[7.031906,4.77164,7.025566],"to":[7.120226,6.7454004,9.014687],"rotation":{"angle":-22.5,"axis":"z","origin":[7.849826,9.4718,8.166046]},"faces":{"down":{"uv":[5.375,15.0,5.5,15.375],"rotation":0,"texture":"#5554acde-b8d3-96ed-16f1-6e2999f20cbc","tintindex":0},"east":{"uv":[3.625,13.625,4.0,14.0],"rotation":0,"texture":"#5554acde-b8d3-96ed-16f1-6e2999f20cbc","tintindex":0},"north":{"uv":[9.375,11.75,9.5,12.125],"rotation":0,"texture":"#5554acde-b8d3-96ed-16f1-6e2999f20cbc","tintindex":0},"south":{"uv":[0.75,12.375,0.875,12.75],"rotation":0,"texture":"#5554acde-b8d3-96ed-16f1-6e2999f20cbc","tintindex":0},"up":{"uv":[5.375,15.375,5.25,15.0],"rotation":0,"texture":"#5554acde-b8d3-96ed-16f1-6e2999f20cbc","tintindex":0},"west":{"uv":[13.625,5.125,14.0,5.5],"rotation":0,"texture":"#5554acde-b8d3-96ed-16f1-6e2999f20cbc","tintindex":0}}},{"name":"cube","from":[7.581026,4.982838,6.115486],"to":[9.885027,7.93196,9.924767],"rotation":{"angle":-22.5,"axis":"z","origin":[7.849826,9.4718,8.166046]},"faces":{"down":{"uv":[7.75,11.5,8.25,12.25],"rotation":0,"texture":"#5554acde-b8d3-96ed-16f1-6e2999f20cbc","tintindex":0},"east":{"uv":[10.0,1.625,10.75,2.25],"rotation":0,"texture":"#5554acde-b8d3-96ed-16f1-6e2999f20cbc","tintindex":0},"north":{"uv":[11.875,12.0,12.375,12.625],"rotation":0,"texture":"#5554acde-b8d3-96ed-16f1-6e2999f20cbc","tintindex":0},"south":{"uv":[12.125,0.875,12.625,1.5],"rotation":0,"texture":"#5554acde-b8d3-96ed-16f1-6e2999f20cbc","tintindex":0},"up":{"uv":[1.75,12.25,1.25,11.5],"rotation":0,"texture":"#5554acde-b8d3-96ed-16f1-6e2999f20cbc","tintindex":0},"west":{"uv":[10.0,2.25,10.75,2.875],"rotation":0,"texture":"#5554acde-b8d3-96ed-16f1-6e2999f20cbc","tintindex":0}}},{"name":"cube","from":[7.8690257,5.2708406,6.0194864],"to":[9.597026,7.6439605,10.020766],"rotation":{"angle":-22.5,"axis":"z","origin":[7.849826,9.4718,8.166046]},"faces":{"down":{"uv":[4.5,11.75,4.875,12.625],"rotation":0,"texture":"#5554acde-b8d3-96ed-16f1-6e2999f20cbc","tintindex":0},"east":{"uv":[2.75,5.5,3.625,6.0],"rotation":0,"texture":"#5554acde-b8d3-96ed-16f1-6e2999f20cbc","tintindex":0},"north":{"uv":[13.375,2.0,13.75,2.5],"rotation":0,"texture":"#5554acde-b8d3-96ed-16f1-6e2999f20cbc","tintindex":0},"south":{"uv":[5.25,13.375,5.625,13.875],"rotation":0,"texture":"#5554acde-b8d3-96ed-16f1-6e2999f20cbc","tintindex":0},"up":{"uv":[4.0,5.25,3.625,4.375],"rotation":0,"texture":"#5554acde-b8d3-96ed-16f1-6e2999f20cbc","tintindex":0},"west":{"uv":[10.625,2.875,11.5,3.375],"rotation":0,"texture":"#5554acde-b8d3-96ed-16f1-6e2999f20cbc","tintindex":0}}},{"name":"cube","from":[10.153826,4.57964,6.5455666],"to":[10.338146,8.043321,9.494686],"rotation":{"angle":-22.5,"axis":"z","origin":[7.849826,9.4718,8.166046]},"faces":{"down":{"uv":[3.125,14.5,3.25,15.125],"rotation":0,"texture":"#5554acde-b8d3-96ed-16f1-6e2999f20cbc","tintindex":0},"east":{"uv":[10.0,2.875,10.625,3.625],"rotation":0,"texture":"#5554acde-b8d3-96ed-16f1-6e2999f20cbc","tintindex":0},"north":{"uv":[1.625,8.25,1.75,9.0],"rotation":0,"texture":"#5554acde-b8d3-96ed-16f1-6e2999f20cbc","tintindex":0},"south":{"uv":[9.125,9.625,9.25,10.375],"rotation":0,"texture":"#5554acde-b8d3-96ed-16f1-6e2999f20cbc","tintindex":0},"up":{"uv":[3.125,15.125,3.0,14.5],"rotation":0,"texture":"#5554acde-b8d3-96ed-16f1-6e2999f20cbc","tintindex":0},"west":{"uv":[10.0,3.625,10.625,4.375],"rotation":0,"texture":"#5554acde-b8d3-96ed-16f1-6e2999f20cbc","tintindex":0}}},{"name":"cube","from":[10.345826,4.9636397,6.9295664],"to":[10.626146,7.6593184,9.110686],"rotation":{"angle":-22.5,"axis":"z","origin":[7.849826,9.4718,8.166046]},"faces":{"down":{"uv":[4.0,14.75,4.125,15.25],"rotation":0,"texture":"#5554acde-b8d3-96ed-16f1-6e2999f20cbc","tintindex":0},"east":{"uv":[12.625,6.25,13.125,6.75],"rotation":0,"texture":"#5554acde-b8d3-96ed-16f1-6e2999f20cbc","tintindex":0},"north":{"uv":[1.0,14.75,1.125,15.25],"rotation":0,"texture":"#5554acde-b8d3-96ed-16f1-6e2999f20cbc","tintindex":0},"south":{"uv":[1.125,14.75,1.25,15.25],"rotation":0,"texture":"#5554acde-b8d3-96ed-16f1-6e2999f20cbc","tintindex":0},"up":{"uv":[1.375,15.25,1.25,14.75],"rotation":0,"texture":"#5554acde-b8d3-96ed-16f1-6e2999f20cbc","tintindex":0},"west":{"uv":[7.75,12.625,8.25,13.125],"rotation":0,"texture":"#5554acde-b8d3-96ed-16f1-6e2999f20cbc","tintindex":0}}}],"display":{"head":{"translation":[0.0,-6.4,0.0],"rotation":[0.0,0.0,0.0],"scale":[3.8095,3.8095,3.8095]},"gui":{"translation":[0.0,0.0,0.0],"rotation":[35.0,225.0,0.0],"scale":[0.625,0.625,0.625]}}}