{"file_name":"bone6","texture_size":[128,128],"textures":{"5554acde-b8d3-96ed-16f1-6e2999f20cbc":"modelengine:entity/darktang"},"elements":[{"name":"cube","from":[7.131746,6.120919,8.506622],"to":[8.802145,6.8121195,9.128702],"rotation":{"angle":0.0,"axis":"x","origin":[-0.4100144,-5.929001,8.360702]},"faces":{"down":{"uv":[15.125,11.75,15.5,11.875],"rotation":0,"texture":"#5554acde-b8d3-96ed-16f1-6e2999f20cbc","tintindex":0},"east":{"uv":[15.875,4.0,16.0,4.125],"rotation":0,"texture":"#5554acde-b8d3-96ed-16f1-6e2999f20cbc","tintindex":0},"north":{"uv":[15.125,11.5,15.5,11.625],"rotation":0,"texture":"#5554acde-b8d3-96ed-16f1-6e2999f20cbc","tintindex":0},"south":{"uv":[11.625,15.125,12.0,15.25],"rotation":0,"texture":"#5554acde-b8d3-96ed-16f1-6e2999f20cbc","tintindex":0},"up":{"uv":[15.5,11.75,15.125,11.625],"rotation":0,"texture":"#5554acde-b8d3-96ed-16f1-6e2999f20cbc","tintindex":0},"west":{"uv":[4.125,15.875,4.25,16.0],"rotation":0,"texture":"#5554acde-b8d3-96ed-16f1-6e2999f20cbc","tintindex":0}}},{"name":"cube","from":[6.793826,6.120919,6.717182],"to":[8.802145,6.8121195,8.506622],"rotation":{"angle":0.0,"axis":"x","origin":[-0.4100144,-5.929001,8.360702]},"faces":{"down":{"uv":[13.875,10.75,14.25,11.125],"rotation":0,"texture":"#5554acde-b8d3-96ed-16f1-6e2999f20cbc","tintindex":0},"east":{"uv":[15.125,12.0,15.5,12.125],"rotation":0,"texture":"#5554acde-b8d3-96ed-16f1-6e2999f20cbc","tintindex":0},"north":{"uv":[12.0,15.125,12.375,15.25],"rotation":0,"texture":"#5554acde-b8d3-96ed-16f1-6e2999f20cbc","tintindex":0},"south":{"uv":[15.125,12.125,15.5,12.25],"rotation":0,"texture":"#5554acde-b8d3-96ed-16f1-6e2999f20cbc","tintindex":0},"up":{"uv":[14.25,10.75,13.875,10.375],"rotation":0,"texture":"#5554acde-b8d3-96ed-16f1-6e2999f20cbc","tintindex":0},"west":{"uv":[15.125,12.25,15.5,12.375],"rotation":0,"texture":"#5554acde-b8d3-96ed-16f1-6e2999f20cbc","tintindex":0}}},{"name":"cube","from":[6.9167056,6.673879,6.628862],"to":[8.905826,7.6799593,9.255423],"rotation":{"angle":0.0,"axis":"x","origin":[-0.50601435,-5.545001,8.264702]},"faces":{"down":{"uv":[13.625,2.875,14.0,3.375],"rotation":0,"texture":"#5554acde-b8d3-96ed-16f1-6e2999f20cbc","tintindex":0},"east":{"uv":[14.0,7.375,14.5,7.625],"rotation":0,"texture":"#5554acde-b8d3-96ed-16f1-6e2999f20cbc","tintindex":0},"north":{"uv":[14.375,0.0,14.75,0.25],"rotation":0,"texture":"#5554acde-b8d3-96ed-16f1-6e2999f20cbc","tintindex":0},"south":{"uv":[0.5,14.375,0.875,14.625],"rotation":0,"texture":"#5554acde-b8d3-96ed-16f1-6e2999f20cbc","tintindex":0},"up":{"uv":[1.625,14.125,1.25,13.625],"rotation":0,"texture":"#5554acde-b8d3-96ed-16f1-6e2999f20cbc","tintindex":0},"west":{"uv":[14.0,7.625,14.5,7.875],"rotation":0,"texture":"#5554acde-b8d3-96ed-16f1-6e2999f20cbc","tintindex":0}}},{"name":"cube","from":[1.3333453,7.1807585,7.124222],"to":[1.8863056,7.941079,8.114943],"rotation":{"angle":-22.5,"axis":"z","origin":[-0.55593467,-5.652522,8.207102]},"faces":{"down":{"uv":[11.0,15.5,11.125,15.75],"rotation":0,"texture":"#5554acde-b8d3-96ed-16f1-6e2999f20cbc","tintindex":0},"east":{"uv":[10.75,15.5,11.0,15.625],"rotation":0,"texture":"#5554acde-b8d3-96ed-16f1-6e2999f20cbc","tintindex":0},"north":{"uv":[15.875,4.125,16.0,4.25],"rotation":0,"texture":"#5554acde-b8d3-96ed-16f1-6e2999f20cbc","tintindex":0},"south":{"uv":[4.25,15.875,4.375,16.0],"rotation":0,"texture":"#5554acde-b8d3-96ed-16f1-6e2999f20cbc","tintindex":0},"up":{"uv":[15.625,11.125,15.5,10.875],"rotation":0,"texture":"#5554acde-b8d3-96ed-16f1-6e2999f20cbc","tintindex":0},"west":{"uv":[15.5,10.75,15.75,10.875],"rotation":0,"texture":"#5554acde-b8d3-96ed-16f1-6e2999f20cbc","tintindex":0}}},{"name":"cube","from":[-4.0349746,7.5033197,7.0320616],"to":[-3.389854,8.263639,8.207102],"rotation":{"angle":-45.0,"axis":"z","origin":[-0.55593467,-5.652522,8.207102]},"faces":{"down":{"uv":[15.5,11.375,15.625,11.625],"rotation":0,"texture":"#5554acde-b8d3-96ed-16f1-6e2999f20cbc","tintindex":0},"east":{"uv":[15.5,11.125,15.75,11.25],"rotation":0,"texture":"#5554acde-b8d3-96ed-16f1-6e2999f20cbc","tintindex":0},"north":{"uv":[15.875,4.25,16.0,4.375],"rotation":0,"texture":"#5554acde-b8d3-96ed-16f1-6e2999f20cbc","tintindex":0},"south":{"uv":[4.375,15.875,4.5,16.0],"rotation":0,"texture":"#5554acde-b8d3-96ed-16f1-6e2999f20cbc","tintindex":0},"up":{"uv":[11.25,15.75,11.125,15.5],"rotation":0,"texture":"#5554acde-b8d3-96ed-16f1-6e2999f20cbc","tintindex":0},"west":{"uv":[15.5,11.25,15.75,11.375],"rotation":0,"texture":"#5554acde-b8d3-96ed-16f1-6e2999f20cbc","tintindex":0}}},{"name":"cube","from":[6.1469755,4.8234906,7.216382],"to":[6.676896,5.4916506,8.022781],"rotation":{"angle":0.0,"axis":"x","origin":[-0.42710447,-5.4984303,8.207102]},"faces":{"down":{"uv":[4.75,15.875,4.875,16.0],"rotation":0,"texture":"#5554acde-b8d3-96ed-16f1-6e2999f20cbc","tintindex":0},"east":{"uv":[4.5,15.875,4.625,16.0],"rotation":0,"texture":"#5554acde-b8d3-96ed-16f1-6e2999f20cbc","tintindex":0},"north":{"uv":[15.875,4.375,16.0,4.5],"rotation":0,"texture":"#5554acde-b8d3-96ed-16f1-6e2999f20cbc","tintindex":0},"south":{"uv":[15.875,4.5,16.0,4.625],"rotation":0,"texture":"#5554acde-b8d3-96ed-16f1-6e2999f20cbc","tintindex":0},"up":{"uv":[16.0,4.75,15.875,4.625],"rotation":0,"texture":"#5554acde-b8d3-96ed-16f1-6e2999f20cbc","tintindex":0},"west":{"uv":[4.625,15.875,4.75,16.0],"rotation":0,"texture":"#5554acde-b8d3-96ed-16f1-6e2999f20cbc","tintindex":0}}},{"name":"cube","from":[6.7669454,4.2162786,6.928382],"to":[7.5042257,4.8690796,7.6887016],"rotation":{"angle":0.0,"axis":"x","origin":[-1.0589747,-5.9520426,8.598782]},"faces":{"down":{"uv":[5.125,15.875,5.25,16.0],"rotation":0,"texture":"#5554acde-b8d3-96ed-16f1-6e2999f20cbc","tintindex":0},"east":{"uv":[4.875,15.875,5.0,16.0],"rotation":0,"texture":"#5554acde-b8d3-96ed-16f1-6e2999f20cbc","tintindex":0},"north":{"uv":[15.875,4.75,16.0,4.875],"rotation":0,"texture":"#5554acde-b8d3-96ed-16f1-6e2999f20cbc","tintindex":0},"south":{"uv":[15.875,4.875,16.0,5.0],"rotation":0,"texture":"#5554acde-b8d3-96ed-16f1-6e2999f20cbc","tintindex":0},"up":{"uv":[16.0,5.125,15.875,5.0],"rotation":0,"texture":"#5554acde-b8d3-96ed-16f1-6e2999f20cbc","tintindex":0},"west":{"uv":[5.0,15.875,5.125,16.0],"rotation":0,"texture":"#5554acde-b8d3-96ed-16f1-6e2999f20cbc","tintindex":0}}},{"name":"cube","from":[10.610033,-0.42273855,6.943742],"to":[11.301233,0.25310135,7.6733418],"rotation":{"angle":22.5,"axis":"z","origin":[-2.6149278,-5.952338,8.598782]},"faces":{"down":{"uv":[5.5,15.875,5.625,16.0],"rotation":0,"texture":"#5554acde-b8d3-96ed-16f1-6e2999f20cbc","tintindex":0},"east":{"uv":[5.25,15.875,5.375,16.0],"rotation":0,"texture":"#5554acde-b8d3-96ed-16f1-6e2999f20cbc","tintindex":0},"north":{"uv":[15.875,5.125,16.0,5.25],"rotation":0,"texture":"#5554acde-b8d3-96ed-16f1-6e2999f20cbc","tintindex":0},"south":{"uv":[15.875,5.25,16.0,5.375],"rotation":0,"texture":"#5554acde-b8d3-96ed-16f1-6e2999f20cbc","tintindex":0},"up":{"uv":[16.0,5.5,15.875,5.375],"rotation":0,"texture":"#5554acde-b8d3-96ed-16f1-6e2999f20cbc","tintindex":0},"west":{"uv":[5.375,15.875,5.5,16.0],"rotation":0,"texture":"#5554acde-b8d3-96ed-16f1-6e2999f20cbc","tintindex":0}}},{"name":"cube","from":[12.932328,-9.121827,6.882302],"to":[13.715688,-8.422948,7.734782],"rotation":{"angle":45.0,"axis":"z","origin":[-5.8222322,-8.1080675,8.598782]},"faces":{"down":{"uv":[5.875,15.875,6.0,16.0],"rotation":0,"texture":"#5554acde-b8d3-96ed-16f1-6e2999f20cbc","tintindex":0},"east":{"uv":[5.625,15.875,5.75,16.0],"rotation":0,"texture":"#5554acde-b8d3-96ed-16f1-6e2999f20cbc","tintindex":0},"north":{"uv":[15.875,5.5,16.0,5.625],"rotation":0,"texture":"#5554acde-b8d3-96ed-16f1-6e2999f20cbc","tintindex":0},"south":{"uv":[15.875,5.625,16.0,5.75],"rotation":0,"texture":"#5554acde-b8d3-96ed-16f1-6e2999f20cbc","tintindex":0},"up":{"uv":[16.0,5.875,15.875,5.75],"rotation":0,"texture":"#5554acde-b8d3-96ed-16f1-6e2999f20cbc","tintindex":0},"west":{"uv":[5.75,15.875,5.875,16.0],"rotation":0,"texture":"#5554acde-b8d3-96ed-16f1-6e2999f20cbc","tintindex":0}}},{"name":"cube","from":[8.024617,4.976996,6.820862],"to":[8.723497,6.128996,7.7962217],"rotation":{"angle":0.0,"axis":"x","origin":[-11.874264,-11.565724,8.598782]},"faces":{"down":{"uv":[11.75,15.5,11.875,15.75],"rotation":0,"texture":"#5554acde-b8d3-96ed-16f1-6e2999f20cbc","tintindex":0},"east":{"uv":[14.875,12.75,15.125,13.0],"rotation":0,"texture":"#5554acde-b8d3-96ed-16f1-6e2999f20cbc","tintindex":0},"north":{"uv":[11.5,15.5,11.625,15.75],"rotation":0,"texture":"#5554acde-b8d3-96ed-16f1-6e2999f20cbc","tintindex":0},"south":{"uv":[11.625,15.5,11.75,15.75],"rotation":0,"texture":"#5554acde-b8d3-96ed-16f1-6e2999f20cbc","tintindex":0},"up":{"uv":[15.625,11.875,15.5,11.625],"rotation":0,"texture":"#5554acde-b8d3-96ed-16f1-6e2999f20cbc","tintindex":0},"west":{"uv":[1.75,15.0,2.0,15.25],"rotation":0,"texture":"#5554acde-b8d3-96ed-16f1-6e2999f20cbc","tintindex":0}}},{"name":"cube","from":[6.7669454,4.2162786,8.118782],"to":[7.5042257,4.8690796,8.879102],"rotation":{"angle":0.0,"axis":"x","origin":[-1.0589747,-5.9520426,7.0243816]},"faces":{"down":{"uv":[6.25,15.875,6.375,16.0],"rotation":0,"texture":"#5554acde-b8d3-96ed-16f1-6e2999f20cbc","tintindex":0},"east":{"uv":[6.0,15.875,6.125,16.0],"rotation":0,"texture":"#5554acde-b8d3-96ed-16f1-6e2999f20cbc","tintindex":0},"north":{"uv":[15.875,5.875,16.0,6.0],"rotation":0,"texture":"#5554acde-b8d3-96ed-16f1-6e2999f20cbc","tintindex":0},"south":{"uv":[15.875,6.0,16.0,6.125],"rotation":0,"texture":"#5554acde-b8d3-96ed-16f1-6e2999f20cbc","tintindex":0},"up":{"uv":[16.0,6.25,15.875,6.125],"rotation":0,"texture":"#5554acde-b8d3-96ed-16f1-6e2999f20cbc","tintindex":0},"west":{"uv":[6.125,15.875,6.25,16.0],"rotation":0,"texture":"#5554acde-b8d3-96ed-16f1-6e2999f20cbc","tintindex":0}}},{"name":"cube","from":[10.610033,-0.42273855,8.134142],"to":[11.301233,0.25310135,8.863742],"rotation":{"angle":22.5,"axis":"z","origin":[-2.6149278,-5.952338,7.0243816]},"faces":{"down":{"uv":[6.625,15.875,6.75,16.0],"rotation":0,"texture":"#5554acde-b8d3-96ed-16f1-6e2999f20cbc","tintindex":0},"east":{"uv":[6.375,15.875,6.5,16.0],"rotation":0,"texture":"#5554acde-b8d3-96ed-16f1-6e2999f20cbc","tintindex":0},"north":{"uv":[15.875,6.25,16.0,6.375],"rotation":0,"texture":"#5554acde-b8d3-96ed-16f1-6e2999f20cbc","tintindex":0},"south":{"uv":[15.875,6.375,16.0,6.5],"rotation":0,"texture":"#5554acde-b8d3-96ed-16f1-6e2999f20cbc","tintindex":0},"up":{"uv":[16.0,6.625,15.875,6.5],"rotation":0,"texture":"#5554acde-b8d3-96ed-16f1-6e2999f20cbc","tintindex":0},"west":{"uv":[6.5,15.875,6.625,16.0],"rotation":0,"texture":"#5554acde-b8d3-96ed-16f1-6e2999f20cbc","tintindex":0}}},{"name":"cube","from":[12.932328,-9.121827,8.072702],"to":[13.715688,-8.422948,8.925182],"rotation":{"angle":45.0,"axis":"z","origin":[-5.8222322,-8.1080675,7.0243816]},"faces":{"down":{"uv":[7.0,15.875,7.125,16.0],"rotation":0,"texture":"#5554acde-b8d3-96ed-16f1-6e2999f20cbc","tintindex":0},"east":{"uv":[6.75,15.875,6.875,16.0],"rotation":0,"texture":"#5554acde-b8d3-96ed-16f1-6e2999f20cbc","tintindex":0},"north":{"uv":[15.875,6.625,16.0,6.75],"rotation":0,"texture":"#5554acde-b8d3-96ed-16f1-6e2999f20cbc","tintindex":0},"south":{"uv":[15.875,6.75,16.0,6.875],"rotation":0,"texture":"#5554acde-b8d3-96ed-16f1-6e2999f20cbc","tintindex":0},"up":{"uv":[16.0,7.0,15.875,6.875],"rotation":0,"texture":"#5554acde-b8d3-96ed-16f1-6e2999f20cbc","tintindex":0},"west":{"uv":[6.875,15.875,7.0,16.0],"rotation":0,"texture":"#5554acde-b8d3-96ed-16f1-6e2999f20cbc","tintindex":0}}},{"name":"cube","from":[8.047657,4.976996,8.011262],"to":[8.746538,6.128996,8.986622],"rotation":{"angle":0.0,"axis":"x","origin":[-11.874264,-11.565724,7.0243816]},"faces":{"down":{"uv":[12.125,15.5,12.25,15.75],"rotation":0,"texture":"#5554acde-b8d3-96ed-16f1-6e2999f20cbc","tintindex":0},"east":{"uv":[15.0,2.0,15.25,2.25],"rotation":0,"texture":"#5554acde-b8d3-96ed-16f1-6e2999f20cbc","tintindex":0},"north":{"uv":[11.875,15.5,12.0,15.75],"rotation":0,"texture":"#5554acde-b8d3-96ed-16f1-6e2999f20cbc","tintindex":0},"south":{"uv":[15.5,11.875,15.625,12.125],"rotation":0,"texture":"#5554acde-b8d3-96ed-16f1-6e2999f20cbc","tintindex":0},"up":{"uv":[12.125,15.75,12.0,15.5],"rotation":0,"texture":"#5554acde-b8d3-96ed-16f1-6e2999f20cbc","tintindex":0},"west":{"uv":[15.0,3.25,15.25,3.5],"rotation":0,"texture":"#5554acde-b8d3-96ed-16f1-6e2999f20cbc","tintindex":0}}}],"display":{"head":{"translation":[0.0,-6.4,0.0],"rotation":[0.0,0.0,0.0],"scale":[3.8095,3.8095,3.8095]},"gui":{"translation":[0.0,0.0,0.0],"rotation":[35.0,225.0,0.0],"scale":[0.625,0.625,0.625]}}}